customer_id,age,monthly_income,credit_score,tenure_years,monthly_spend,support_tickets,late_payments,satisfaction_score,contract_type,payment_method,usage_hours,churn
CUST100000,22,18000.0,647.0,6.9,5911.0,3,2,5.8,Monthly,Card,17.4,Yes
CUST100001,55,34684.0,643.0,3.6,12827.0,1,1,8.4,Annual,Bank Transfer,38.2,No
CUST100002,49,25166.0,732.0,4.5,6452.0,3,1,5.3,Annual,Card,23.5,Yes
CUST100003,39,18000.0,714.0,2.4,13470.0,1,1,5.4,Monthly,UPI,20.3,Yes
CUST100004,38,38702.0,715.0,7.4,13413.0,0,1,7.3,Two-Year,Auto Debit,23.6,Yes
CUST100005,59,94149.0,705.0,2.3,8696.0,0,2,8.5,Two-Year,Bank Transfer,12.5,No
CUST100006,22,64022.0,693.0,9.3,3255.0,0,1,6.3,Monthly,Card,23.6,No
CUST100007,51,93392.0,728.0,3.5,16513.0,2,1,9.5,Monthly,Auto Debit,21.0,No
CUST100008,27,74042.0,741.0,4.6,9855.0,2,1,4.8,Two-Year,Auto Debit,31.8,No
CUST100009,22,82216.0,740.0,6.9,7366.0,2,0,4.5,Monthly,Auto Debit,33.6,Yes
CUST100010,43,45180.0,684.0,4.6,11846.0,2,1,4.4,Monthly,Card,15.9,Yes
CUST100011,64,76527.0,766.0,3.5,10958.0,1,1,,Two-Year,UPI,48.5,No
CUST100012,53,81032.0,703.0,4.4,13088.0,2,0,7.6,Annual,Card,29.6,Yes
CUST100013,54,52314.0,725.0,7.4,6182.0,2,1,5.3,Two-Year,Card,54.5,No
CUST100014,52,77310.0,706.0,2.4,9615.0,1,1,4.6,Two-Year,UPI,35.6,Yes
CUST100015,55,77456.0,704.0,4.1,4349.0,2,0,7.6,Monthly,Bank Transfer,33.0,Yes
CUST100016,42,52910.0,650.0,4.5,10832.0,2,0,8.4,Annual,Card,24.6,No
CUST100017,24,40299.0,729.0,7.3,8420.0,1,0,8.8,Two-Year,Auto Debit,41.2,No
CUST100018,58,38949.0,846.0,4.2,9484.0,2,1,8.5,Monthly,UPI,32.5,No
CUST100019,39,66903.0,669.0,10.3,7988.0,3,2,5.4,Monthly,Bank Transfer,44.9,Yes
CUST100020,42,72194.0,694.0,4.0,7622.0,0,1,7.5,Monthly,Bank Transfer,56.1,No
CUST100021,35,47564.0,665.0,3.7,5461.0,0,1,7.8,Annual,UPI,21.1,No
CUST100022,26,65585.0,663.0,4.0,11267.0,1,1,6.2,Annual,Card,41.2,Yes
CUST100023,62,77552.0,775.0,0.3,13714.0,1,0,7.3,Two-Year,Auto Debit,40.8,Yes
CUST100024,55,78600.0,653.0,1.2,6552.0,0,0,4.9,Monthly,Card,38.9,Yes
CUST100025,48,99141.0,664.0,2.8,10437.0,3,0,5.9,Annual,Bank Transfer,25.5,Yes
CUST100026,37,93094.0,603.0,8.1,10013.0,2,1,7.6,Monthly,Bank Transfer,25.8,Yes
CUST100027,57,42972.0,648.0,4.4,8528.0,2,2,9.6,Two-Year,Auto Debit,23.2,Yes
CUST100028,44,102039.0,596.0,2.9,3157.0,1,0,9.0,Annual,Bank Transfer,22.9,No
CUST100029,39,53319.0,725.0,8.4,3944.0,0,0,8.1,Annual,Auto Debit,19.4,No
CUST100030,39,87987.0,844.0,9.5,5767.0,2,1,7.1,Monthly,Auto Debit,30.4,No
CUST100031,28,66496.0,670.0,8.5,1013.0,2,1,6.9,Monthly,UPI,20.6,No
CUST100032,22,55933.0,598.0,1.8,13428.0,4,0,4.5,Monthly,Auto Debit,38.5,Yes
CUST100033,44,25231.0,739.0,2.9,9787.0,1,0,5.6,Two-Year,Auto Debit,32.9,No
CUST100034,60,61226.0,650.0,10.3,8395.0,0,1,5.6,Monthly,UPI,34.5,Yes
CUST100035,21,30694.0,761.0,5.3,1000.0,1,1,8.0,Two-Year,Card,27.9,No
CUST100036,59,86281.0,674.0,3.6,2116.0,2,0,8.6,Monthly,Card,33.0,No
CUST100037,57,98369.0,655.0,6.8,8492.0,4,1,8.3,Annual,Auto Debit,28.3,No
CUST100038,31,47468.0,680.0,7.7,15397.0,0,1,9.0,Monthly,Card,43.7,No
CUST100039,48,71643.0,732.0,2.7,6055.0,1,1,7.1,Monthly,UPI,25.4,No
CUST100040,25,49041.0,677.0,5.2,11523.0,2,1,5.3,Annual,UPI,37.6,Yes
CUST100041,54,51173.0,663.0,7.5,6820.0,2,1,6.9,Monthly,Auto Debit,12.4,Yes
CUST100042,51,82039.0,679.0,0.8,8693.0,3,3,5.8,Monthly,UPI,42.7,Yes
CUST100043,35,64152.0,620.0,4.5,12751.0,0,0,8.1,Annual,Card,23.6,No
CUST100044,21,,712.0,0.9,7289.0,0,2,6.4,Monthly,Bank Transfer,18.3,Yes
CUST100045,64,54391.0,592.0,1.4,6085.0,1,0,6.8,Annual,UPI,14.9,Yes
CUST100046,39,86985.0,666.0,2.7,13463.0,3,0,8.2,Annual,UPI,13.7,Yes
CUST100047,60,67143.0,,6.0,8659.0,1,0,5.7,Monthly,Auto Debit,24.8,No
CUST100048,50,82507.0,707.0,3.5,12319.0,1,1,8.6,Monthly,Card,54.5,No
CUST100049,55,55163.0,722.0,2.4,6102.0,1,0,4.7,Monthly,Card,22.4,Yes
CUST100050,54,63910.0,686.0,4.7,13423.0,2,2,7.5,Monthly,Auto Debit,2.0,Yes
CUST100051,27,62459.0,754.0,0.8,9458.0,0,0,6.8,Monthly,UPI,37.5,No
CUST100052,35,46607.0,741.0,5.9,10022.0,2,0,8.4,Annual,Card,15.3,No
CUST100053,40,79566.0,715.0,8.1,8961.0,0,1,4.7,Monthly,Auto Debit,44.2,Yes
CUST100054,41,79305.0,741.0,4.2,6731.0,0,1,4.4,Two-Year,Auto Debit,25.7,Yes
CUST100055,20,78058.0,731.0,3.9,8494.0,1,1,8.3,Annual,Card,27.9,No
CUST100056,44,98813.0,666.0,5.7,6951.0,2,2,6.3,Monthly,Auto Debit,50.0,Yes
CUST100057,25,96886.0,616.0,0.0,11858.0,1,1,6.8,Annual,Bank Transfer,41.3,No
CUST100058,53,56751.0,713.0,6.2,7789.0,1,1,5.9,Monthly,Bank Transfer,13.3,No
CUST100059,50,73207.0,720.0,14.4,3262.0,2,0,8.6,Monthly,Auto Debit,15.5,Yes
CUST100060,62,51281.0,750.0,4.1,2622.0,2,1,7.5,Two-Year,Bank Transfer,5.2,Yes
CUST100061,53,65514.0,639.0,4.1,2456.0,0,1,7.4,Monthly,Card,71.0,Yes
CUST100062,35,51806.0,640.0,6.9,10663.0,2,1,5.0,Monthly,Bank Transfer,19.1,Yes
CUST100063,64,100642.0,715.0,9.8,4470.0,2,0,7.9,Two-Year,UPI,49.5,No
CUST100064,37,73001.0,686.0,7.6,9550.0,0,1,5.3,Two-Year,Card,24.0,No
CUST100065,33,60203.0,586.0,0.0,8978.0,2,1,,Annual,Bank Transfer,15.8,Yes
CUST100066,61,91260.0,711.0,6.3,8274.0,4,0,4.7,Annual,Card,32.3,Yes
CUST100067,35,18000.0,588.0,12.7,10034.0,2,1,6.7,Annual,Bank Transfer,27.1,Yes
CUST100068,21,20690.0,638.0,6.5,9054.0,0,2,8.8,Annual,Card,44.0,Yes
CUST100069,40,82508.0,764.0,0.8,1000.0,1,3,7.4,Annual,UPI,44.2,Yes
CUST100070,56,66330.0,790.0,5.4,7367.0,2,2,6.2,Two-Year,UPI,23.1,Yes
CUST100071,27,70510.0,623.0,0.4,9988.0,2,0,,Annual,Bank Transfer,10.4,No
CUST100072,40,35819.0,672.0,8.4,14241.0,0,0,7.2,Monthly,UPI,14.0,No
CUST100073,24,64489.0,692.0,1.4,14403.0,1,3,7.1,Monthly,Card,2.0,Yes
CUST100074,50,109077.0,788.0,4.7,3729.0,1,0,7.3,Monthly,Bank Transfer,27.9,No
CUST100075,40,83132.0,663.0,1.8,7276.0,3,1,5.2,Monthly,UPI,31.8,Yes
CUST100076,33,68734.0,664.0,2.8,3019.0,2,0,7.2,Monthly,Card,14.9,Yes
CUST100077,28,55341.0,775.0,9.3,13820.0,3,0,4.0,Monthly,Card,13.0,Yes
CUST100078,45,56319.0,669.0,4.8,12045.0,2,1,8.0,Two-Year,Card,31.8,No
CUST100079,50,18158.0,730.0,2.7,9727.0,1,1,5.1,Monthly,Auto Debit,22.5,Yes
CUST100080,63,70668.0,609.0,0.8,9081.0,0,0,9.0,Monthly,Auto Debit,28.8,Yes
CUST100081,38,83601.0,681.0,0.0,13332.0,2,1,2.8,Two-Year,Card,26.5,Yes
CUST100082,25,30336.0,599.0,0.5,12740.0,1,0,9.8,Monthly,Auto Debit,35.7,No
CUST100083,57,50449.0,632.0,4.9,12553.0,5,1,4.2,Annual,UPI,23.5,Yes
CUST100084,48,39536.0,736.0,7.6,10098.0,1,2,5.0,Annual,Card,24.7,Yes
CUST100085,51,43762.0,687.0,2.7,7278.0,1,0,7.5,Annual,Auto Debit,3.8,No
CUST100086,22,66177.0,672.0,9.5,11185.0,1,0,8.1,Monthly,UPI,31.2,Yes
CUST100087,32,19143.0,649.0,2.2,11356.0,1,1,6.5,Monthly,Card,33.3,Yes
CUST100088,54,78514.0,678.0,3.7,7833.0,4,0,8.5,Annual,Auto Debit,29.3,No
CUST100089,57,81585.0,707.0,1.0,7271.0,2,2,5.6,Monthly,Auto Debit,60.7,Yes
CUST100090,38,59476.0,744.0,7.7,12467.0,1,1,6.3,Monthly,Auto Debit,34.4,No
CUST100091,56,18000.0,546.0,11.2,14324.0,1,1,6.5,Monthly,Auto Debit,29.7,Yes
CUST100092,58,43079.0,644.0,0.0,5877.0,0,1,6.1,Annual,Auto Debit,39.5,Yes
CUST100093,36,92124.0,699.0,3.4,7578.0,2,1,3.7,Annual,Card,63.7,Yes
CUST100094,61,18000.0,685.0,8.5,9728.0,0,1,7.0,Annual,Card,35.8,Yes
CUST100095,31,57354.0,712.0,0.0,10203.0,0,3,6.8,Annual,Card,2.0,No
CUST100096,29,39040.0,705.0,6.3,6672.0,3,0,8.8,Monthly,UPI,38.5,No
CUST100097,50,82701.0,673.0,8.4,15092.0,3,2,4.8,Two-Year,UPI,18.8,Yes
CUST100098,48,50147.0,661.0,4.8,9977.0,2,1,5.9,Two-Year,Auto Debit,3.2,No
CUST100099,24,73887.0,676.0,6.3,10360.0,0,1,9.0,Monthly,UPI,57.5,No
CUST100100,57,77440.0,753.0,10.1,14656.0,0,0,7.5,Annual,Bank Transfer,54.2,No
CUST100101,27,105397.0,650.0,10.7,6928.0,2,2,7.9,Monthly,UPI,18.4,Yes
CUST100102,56,60535.0,687.0,4.3,8190.0,0,1,7.8,Two-Year,Bank Transfer,18.5,No
CUST100103,18,73273.0,700.0,2.8,4113.0,3,0,7.8,Monthly,Card,34.4,No
CUST100104,56,32329.0,776.0,1.6,7897.0,4,2,10.0,Monthly,UPI,18.7,Yes
CUST100105,55,91189.0,673.0,7.6,3289.0,2,0,7.2,Two-Year,Card,30.0,No
CUST100106,55,48269.0,743.0,0.1,11117.0,2,0,5.3,Annual,Bank Transfer,21.3,Yes
CUST100107,49,52663.0,758.0,3.7,9970.0,2,0,8.1,Monthly,Auto Debit,26.0,No
CUST100108,40,64511.0,686.0,4.8,7530.0,2,1,6.0,Annual,Card,10.9,Yes
CUST100109,51,30617.0,678.0,2.9,8149.0,0,1,6.8,Annual,Card,44.4,No
CUST100110,31,70033.0,672.0,5.4,11165.0,3,1,7.6,Monthly,Bank Transfer,50.1,Yes
CUST100111,55,86284.0,676.0,12.7,4525.0,2,1,5.6,Annual,Card,30.5,Yes
CUST100112,44,71445.0,737.0,4.1,9215.0,2,0,6.1,Annual,UPI,31.5,No
CUST100113,40,30044.0,703.0,3.1,10948.0,0,0,7.8,Annual,UPI,41.4,Yes
CUST100114,42,62276.0,703.0,7.7,2262.0,0,0,6.1,Two-Year,Card,32.0,Yes
CUST100115,45,81325.0,628.0,5.3,10897.0,1,2,8.7,Annual,Card,57.9,No
CUST100116,19,23684.0,637.0,9.1,2641.0,2,1,5.3,Annual,UPI,12.3,Yes
CUST100117,24,41355.0,808.0,5.0,8088.0,0,3,5.3,Annual,Auto Debit,44.9,Yes
CUST100118,29,84284.0,680.0,3.7,4428.0,1,0,10.0,Monthly,Card,30.3,Yes
CUST100119,23,70942.0,647.0,0.0,13509.0,1,1,4.4,Monthly,Bank Transfer,15.2,Yes
CUST100120,39,74063.0,769.0,0.0,4450.0,1,3,7.0,Two-Year,UPI,65.7,Yes
CUST100121,50,105909.0,705.0,0.0,2724.0,0,2,10.0,Annual,Card,67.8,No
CUST100122,49,75308.0,722.0,5.7,8967.0,1,1,7.0,Monthly,Card,28.9,No
CUST100123,40,79474.0,682.0,0.1,7052.0,1,2,9.3,Monthly,Bank Transfer,38.7,No
CUST100124,59,124636.0,672.0,8.5,3234.0,2,0,8.1,Monthly,Auto Debit,24.9,No
CUST100125,45,60296.0,681.0,4.6,10340.0,1,0,7.0,Monthly,Card,27.3,Yes
CUST100126,21,47447.0,614.0,3.7,1530.0,1,2,6.8,Monthly,Card,15.0,Yes
CUST100127,54,74412.0,685.0,1.8,4873.0,1,3,3.4,Annual,Auto Debit,12.8,Yes
CUST100128,45,74658.0,706.0,6.5,6487.0,3,2,6.5,Monthly,Card,59.7,Yes
CUST100129,48,53412.0,792.0,1.9,11308.0,3,3,7.4,Annual,Card,31.4,No
CUST100130,45,42287.0,695.0,1.3,13034.0,0,1,7.4,Two-Year,UPI,32.8,Yes
CUST100131,44,115817.0,562.0,8.3,12360.0,1,0,10.0,Two-Year,Bank Transfer,19.8,No
CUST100132,22,72191.0,685.0,5.6,7964.0,2,0,7.5,Two-Year,UPI,34.8,No
CUST100133,44,48890.0,841.0,3.7,1000.0,3,2,8.1,Monthly,UPI,9.4,Yes
CUST100134,56,85150.0,738.0,6.6,9868.0,0,0,9.0,Annual,Card,20.4,No
CUST100135,32,62599.0,645.0,4.5,13647.0,5,1,7.9,Annual,Card,14.0,Yes
CUST100136,46,59437.0,723.0,5.7,12818.0,2,0,6.9,Monthly,UPI,51.4,Yes
CUST100137,19,77370.0,649.0,1.9,10120.0,0,0,6.9,Two-Year,Bank Transfer,7.2,Yes
CUST100138,34,36579.0,616.0,11.1,4337.0,2,1,6.4,Annual,Auto Debit,14.3,No
CUST100139,38,72758.0,671.0,2.6,6661.0,3,1,7.8,Annual,UPI,2.0,No
CUST100140,65,107085.0,695.0,9.5,15268.0,1,0,6.7,Monthly,Card,18.6,Yes
CUST100141,28,75256.0,587.0,3.9,3541.0,1,2,8.1,Monthly,Bank Transfer,25.1,No
CUST100142,31,56723.0,627.0,7.1,4483.0,0,3,5.3,Two-Year,Card,46.7,Yes
CUST100143,37,53844.0,691.0,6.8,11799.0,0,0,7.2,Monthly,Bank Transfer,28.7,No
CUST100144,65,55973.0,668.0,8.2,6991.0,2,0,9.6,Monthly,Card,25.8,No
CUST100145,58,59413.0,712.0,1.8,4364.0,4,2,6.6,Annual,UPI,36.5,No
CUST100146,19,56688.0,623.0,7.9,13848.0,4,0,10.0,Annual,Auto Debit,25.4,No
CUST100147,29,85159.0,729.0,10.4,10114.0,2,0,7.3,Monthly,Auto Debit,68.1,No
CUST100148,57,26869.0,625.0,3.7,7164.0,0,2,6.9,Monthly,Card,23.1,Yes
CUST100149,20,83964.0,780.0,4.6,4490.0,0,1,7.2,Annual,UPI,38.2,No
CUST100150,59,56647.0,596.0,2.8,15666.0,0,2,6.5,Two-Year,UPI,44.4,No
CUST100151,31,73293.0,630.0,3.4,8414.0,1,3,3.6,Monthly,Auto Debit,22.7,Yes
CUST100152,62,40206.0,713.0,10.0,13391.0,1,0,8.5,Annual,Auto Debit,34.5,No
CUST100153,32,94230.0,782.0,1.3,11628.0,1,1,10.0,Monthly,Card,24.5,No
CUST100154,38,92404.0,707.0,1.5,6677.0,2,0,7.8,Annual,Auto Debit,36.1,No
CUST100155,49,86111.0,721.0,9.7,6705.0,5,1,7.9,Annual,UPI,33.5,Yes
CUST100156,24,31675.0,691.0,6.5,13562.0,2,1,6.7,Two-Year,Card,29.9,No
CUST100157,44,83241.0,634.0,11.3,13619.0,0,0,9.0,Annual,UPI,14.7,No
CUST100158,42,73907.0,663.0,3.1,1931.0,0,1,6.9,Monthly,Bank Transfer,60.0,No
CUST100159,55,29684.0,623.0,4.9,10424.0,2,2,7.5,Monthly,Bank Transfer,40.8,Yes
CUST100160,65,64465.0,620.0,2.4,8076.0,1,2,4.3,Two-Year,Auto Debit,8.2,Yes
CUST100161,49,73020.0,712.0,5.0,4883.0,1,1,6.1,Monthly,Auto Debit,25.7,Yes
CUST100162,37,77234.0,628.0,0.0,9416.0,0,0,7.6,Annual,Bank Transfer,8.5,Yes
CUST100163,37,68900.0,708.0,6.7,3776.0,3,1,8.5,Monthly,Bank Transfer,43.4,Yes
CUST100164,38,71407.0,618.0,5.5,6867.0,2,2,8.6,Monthly,Bank Transfer,31.7,No
CUST100165,57,97419.0,706.0,4.3,5705.0,1,1,,Annual,Card,32.1,Yes
CUST100166,33,91973.0,663.0,3.3,6751.0,1,0,4.5,Annual,Bank Transfer,19.4,No
CUST100167,26,18000.0,767.0,1.6,8250.0,1,0,8.0,Two-Year,UPI,27.3,Yes
CUST100168,34,58016.0,708.0,6.8,4946.0,2,0,5.7,Monthly,UPI,43.8,No
CUST100169,19,61378.0,758.0,0.8,14006.0,0,0,8.5,Monthly,Auto Debit,47.8,No
CUST100170,23,26454.0,648.0,6.1,10226.0,1,3,4.2,Monthly,Card,44.7,Yes
CUST100171,22,67072.0,693.0,11.1,14781.0,2,1,6.8,Monthly,Auto Debit,8.7,No
CUST100172,55,92473.0,636.0,9.3,7940.0,1,2,6.9,Annual,UPI,29.2,No
CUST100173,52,41096.0,667.0,0.0,6579.0,1,2,7.8,Monthly,Card,35.8,Yes
CUST100174,51,,676.0,2.8,14654.0,3,2,5.2,Monthly,Card,21.0,Yes
CUST100175,40,44852.0,650.0,5.8,6477.0,4,0,3.7,Two-Year,Auto Debit,7.1,Yes
CUST100176,52,50218.0,623.0,4.3,7876.0,5,1,7.3,Monthly,Card,12.7,Yes
CUST100177,25,97503.0,612.0,0.0,11020.0,4,0,7.9,Monthly,Bank Transfer,54.5,Yes
CUST100178,61,53064.0,561.0,5.7,4168.0,1,1,8.7,Two-Year,UPI,14.1,Yes
CUST100179,42,75169.0,632.0,4.5,10990.0,4,4,6.4,Annual,Bank Transfer,32.7,Yes
CUST100180,63,23833.0,725.0,10.6,10542.0,0,1,8.3,Monthly,Card,29.7,Yes
CUST100181,25,105971.0,602.0,3.7,12943.0,5,0,7.8,Two-Year,Bank Transfer,29.7,No
CUST100182,41,78258.0,615.0,8.2,11615.0,2,1,9.2,Annual,Bank Transfer,27.2,No
CUST100183,51,60985.0,788.0,0.4,13050.0,1,0,6.9,Monthly,UPI,43.8,No
CUST100184,41,77662.0,655.0,1.2,8114.0,0,2,4.1,Monthly,UPI,32.5,Yes
CUST100185,39,33984.0,708.0,6.8,5481.0,1,0,6.9,Two-Year,UPI,22.6,Yes
CUST100186,25,91016.0,725.0,8.0,15885.0,2,0,7.2,Monthly,UPI,32.8,No
CUST100187,36,57872.0,726.0,1.4,3157.0,2,0,7.9,Two-Year,Bank Transfer,12.8,Yes
CUST100188,29,60510.0,606.0,4.6,3507.0,4,0,4.4,Monthly,Card,39.1,Yes
CUST100189,32,54184.0,677.0,0.1,10478.0,1,1,6.5,Monthly,Auto Debit,21.8,Yes
CUST100190,50,52226.0,601.0,3.9,14187.0,1,0,8.5,Two-Year,UPI,22.6,No
CUST100191,48,80283.0,825.0,7.2,9163.0,1,0,6.8,Two-Year,Bank Transfer,39.7,No
CUST100192,47,70630.0,602.0,3.1,11998.0,1,1,6.5,Monthly,Bank Transfer,25.9,Yes
CUST100193,35,79338.0,632.0,3.7,1515.0,1,0,10.0,Monthly,UPI,26.7,No
CUST100194,64,64807.0,633.0,0.9,6752.0,1,0,5.2,Annual,Bank Transfer,49.5,No
CUST100195,22,76290.0,608.0,2.4,1941.0,1,1,9.1,Annual,UPI,17.4,No
CUST100196,34,55785.0,764.0,10.1,11231.0,2,0,8.7,Monthly,Auto Debit,39.5,No
CUST100197,23,114054.0,823.0,4.7,3085.0,1,2,6.6,Monthly,Card,46.2,No
CUST100198,34,30506.0,664.0,1.3,4028.0,1,2,6.9,Two-Year,Auto Debit,49.5,Yes
CUST100199,64,92741.0,617.0,3.5,10299.0,2,0,6.9,Monthly,Bank Transfer,64.6,No
CUST100200,35,95094.0,567.0,0.0,12216.0,1,0,7.3,Monthly,Card,22.4,Yes
CUST100201,61,46253.0,677.0,1.3,7944.0,0,0,6.0,Monthly,UPI,19.0,Yes
CUST100202,41,114044.0,673.0,8.9,10496.0,1,0,6.3,Monthly,UPI,44.3,Yes
CUST100203,51,86901.0,654.0,4.0,10382.0,0,0,6.4,Annual,UPI,46.1,No
CUST100204,39,86365.0,702.0,10.6,7746.0,3,2,6.5,Monthly,Card,20.1,No
CUST100205,30,65616.0,712.0,4.2,4669.0,2,1,6.5,Annual,Bank Transfer,39.3,No
CUST100206,54,60221.0,708.0,4.4,10477.0,1,1,3.2,Monthly,Card,72.9,Yes
CUST100207,64,60393.0,673.0,6.6,10646.0,2,0,7.2,Monthly,UPI,33.6,Yes
CUST100208,30,73592.0,629.0,0.0,11629.0,1,0,6.1,Two-Year,UPI,45.9,No
CUST100209,55,95826.0,727.0,5.2,9592.0,0,2,3.8,Annual,Card,55.7,Yes
CUST100210,30,68989.0,691.0,4.3,4410.0,1,0,6.4,Monthly,UPI,69.6,No
CUST100211,52,44948.0,739.0,9.3,10916.0,1,0,6.4,Monthly,Bank Transfer,35.7,Yes
CUST100212,55,83137.0,733.0,7.6,8495.0,4,0,9.2,Annual,Card,50.8,No
CUST100213,39,85265.0,612.0,0.9,6810.0,1,1,6.1,Annual,UPI,20.2,Yes
CUST100214,53,79403.0,611.0,8.5,7469.0,1,0,8.1,Annual,Card,32.4,No
CUST100215,31,81401.0,648.0,3.7,6084.0,3,2,9.4,Annual,Card,25.3,Yes
CUST100216,21,59040.0,632.0,1.6,11611.0,1,1,5.9,Monthly,UPI,3.7,Yes
CUST100217,22,44562.0,732.0,5.1,3537.0,1,1,6.9,Two-Year,UPI,8.0,No
CUST100218,39,45900.0,709.0,3.9,5023.0,3,1,9.9,Monthly,Auto Debit,38.5,No
CUST100219,61,29020.0,750.0,9.4,7349.0,1,4,7.4,Monthly,Card,38.7,Yes
CUST100220,24,70213.0,712.0,5.6,14148.0,0,0,7.6,Annual,Bank Transfer,16.4,No
CUST100221,39,63164.0,701.0,5.2,12190.0,2,0,6.3,Monthly,Auto Debit,55.4,Yes
CUST100222,51,55320.0,756.0,7.4,2757.0,2,0,8.2,Monthly,UPI,15.4,No
CUST100223,27,18000.0,716.0,8.0,13230.0,2,1,6.9,Monthly,Bank Transfer,35.9,Yes
CUST100224,52,37559.0,694.0,7.0,13223.0,0,3,3.9,Annual,Auto Debit,25.8,Yes
CUST100225,32,89658.0,771.0,9.0,4391.0,2,3,6.4,Annual,UPI,33.6,Yes
CUST100226,56,50378.0,696.0,6.4,1000.0,0,0,5.0,Annual,Card,45.5,No
CUST100227,45,72933.0,673.0,5.0,8247.0,2,0,7.2,Monthly,UPI,43.4,Yes
CUST100228,44,34405.0,644.0,8.5,12428.0,2,3,5.4,Monthly,UPI,42.6,Yes
CUST100229,26,96652.0,729.0,4.2,14069.0,0,4,7.8,Two-Year,Card,40.7,Yes
CUST100230,40,61831.0,758.0,4.6,5452.0,0,0,7.1,Annual,UPI,12.9,No
CUST100231,59,71381.0,687.0,10.0,14632.0,3,0,4.9,Annual,Auto Debit,49.0,Yes
CUST100232,18,116167.0,762.0,9.7,1000.0,2,0,6.2,Monthly,UPI,16.1,No
CUST100233,54,98362.0,582.0,4.5,7212.0,0,2,8.1,Monthly,Bank Transfer,30.4,Yes
CUST100234,41,58256.0,687.0,3.0,7040.0,3,0,9.0,Monthly,UPI,26.7,No
CUST100235,52,51949.0,688.0,9.2,12533.0,1,1,5.5,Annual,Bank Transfer,37.3,Yes
CUST100236,49,57838.0,650.0,7.1,13044.0,1,1,5.1,Two-Year,Bank Transfer,24.7,Yes
CUST100237,38,76218.0,821.0,5.5,11840.0,2,0,10.0,Two-Year,UPI,29.6,No
CUST100238,32,62685.0,686.0,3.5,3773.0,1,1,7.0,Monthly,Card,56.3,Yes
CUST100239,48,56305.0,668.0,5.6,11519.0,4,2,7.2,Monthly,Auto Debit,12.6,Yes
CUST100240,24,97278.0,691.0,4.4,10282.0,3,0,5.7,Annual,Bank Transfer,32.0,No
CUST100241,46,62487.0,580.0,2.4,2651.0,4,0,7.4,Monthly,Auto Debit,15.3,Yes
CUST100242,22,115591.0,648.0,4.9,1265.0,0,0,9.9,Annual,Card,42.1,No
CUST100243,49,66996.0,744.0,5.3,12133.0,2,0,7.4,Annual,UPI,21.1,Yes
CUST100244,48,104277.0,655.0,3.3,7870.0,1,0,8.8,Monthly,Card,32.6,No
CUST100245,22,72861.0,644.0,7.4,4002.0,1,0,7.0,Monthly,Card,12.1,No
CUST100246,54,86185.0,762.0,8.6,7771.0,1,1,5.3,Monthly,Auto Debit,51.4,No
CUST100247,37,49059.0,764.0,7.6,9774.0,2,1,5.8,Annual,Card,33.1,No
CUST100248,55,46217.0,718.0,3.6,8210.0,1,0,5.1,Monthly,Bank Transfer,34.1,Yes
CUST100249,19,75114.0,665.0,6.9,3068.0,3,0,7.4,Monthly,Bank Transfer,44.4,No
CUST100250,26,86748.0,677.0,4.7,15099.0,0,0,9.1,Monthly,Card,13.2,No
CUST100251,41,65886.0,646.0,0.5,12015.0,1,0,7.3,Two-Year,Card,22.8,Yes
CUST100252,27,36699.0,635.0,6.7,7326.0,1,2,6.5,Two-Year,Auto Debit,34.6,Yes
CUST100253,33,35074.0,633.0,5.0,7467.0,1,0,5.7,Two-Year,UPI,5.6,No
CUST100254,49,33603.0,656.0,12.8,9758.0,1,0,7.6,Two-Year,Card,7.2,No
CUST100255,24,26112.0,633.0,9.2,4546.0,2,1,4.9,Monthly,Bank Transfer,19.7,Yes
CUST100256,50,67409.0,604.0,6.8,9629.0,1,0,5.1,Monthly,UPI,14.9,Yes
CUST100257,22,89751.0,702.0,5.3,3842.0,1,3,8.5,Annual,Bank Transfer,26.8,No
CUST100258,26,64705.0,703.0,5.0,8253.0,4,0,6.5,Annual,Auto Debit,39.8,No
CUST100259,46,18000.0,784.0,1.3,4410.0,0,0,6.5,Annual,Card,43.2,No
CUST100260,56,60803.0,653.0,0.0,4587.0,2,2,6.7,Monthly,Bank Transfer,59.1,Yes
CUST100261,26,61418.0,706.0,1.7,14260.0,3,1,8.2,Two-Year,Card,31.7,Yes
CUST100262,32,111112.0,707.0,4.3,8707.0,4,1,7.3,Monthly,Bank Transfer,34.3,Yes
CUST100263,62,32943.0,676.0,0.0,9226.0,2,0,5.7,Annual,UPI,31.6,Yes
CUST100264,65,56405.0,731.0,2.8,1460.0,1,0,5.8,Two-Year,Bank Transfer,36.8,No
CUST100265,45,102529.0,733.0,3.7,6410.0,2,1,6.7,Annual,Card,38.0,Yes
CUST100266,39,74900.0,708.0,3.8,10114.0,1,0,7.5,Annual,UPI,45.8,No
CUST100267,34,77393.0,676.0,2.4,9179.0,4,2,6.9,Annual,Auto Debit,45.8,No
CUST100268,47,67521.0,670.0,3.4,1000.0,2,2,6.8,Annual,UPI,39.8,No
CUST100269,46,72259.0,615.0,10.0,9225.0,1,0,7.1,Two-Year,Bank Transfer,54.7,No
CUST100270,32,82107.0,646.0,6.6,9783.0,1,0,6.9,Monthly,Auto Debit,32.4,No
CUST100271,19,47191.0,656.0,2.7,12993.0,1,0,5.7,Monthly,Auto Debit,22.8,No
CUST100272,25,84317.0,628.0,4.3,6207.0,0,0,8.9,Two-Year,Bank Transfer,25.3,No
CUST100273,64,34794.0,714.0,4.4,1000.0,2,1,6.2,Annual,Bank Transfer,30.4,No
CUST100274,38,72224.0,756.0,2.0,5011.0,3,0,7.2,Annual,Bank Transfer,15.7,No
CUST100275,41,68932.0,640.0,2.0,4660.0,2,2,3.5,Monthly,Auto Debit,22.8,Yes
CUST100276,40,51442.0,706.0,7.7,11078.0,2,1,6.6,Monthly,Auto Debit,14.9,Yes
CUST100277,55,64501.0,633.0,3.2,1000.0,1,0,5.1,Monthly,Card,37.2,Yes
CUST100278,21,51304.0,673.0,1.0,6931.0,4,0,5.3,Two-Year,Card,37.3,Yes
CUST100279,21,41423.0,652.0,4.4,13490.0,0,1,10.0,Monthly,UPI,5.5,Yes
CUST100280,31,57220.0,723.0,4.9,8525.0,0,1,7.4,Monthly,Auto Debit,22.2,No
CUST100281,41,40712.0,653.0,0.0,11637.0,0,1,9.1,Monthly,Auto Debit,59.4,Yes
CUST100282,50,72102.0,746.0,4.4,2754.0,0,0,8.5,Annual,Bank Transfer,41.4,No
CUST100283,41,39698.0,676.0,7.3,2893.0,1,2,8.7,Monthly,Bank Transfer,38.8,No
CUST100284,39,80663.0,,5.9,13530.0,0,1,6.7,Annual,UPI,22.0,Yes
CUST100285,63,39007.0,621.0,11.6,8854.0,1,0,9.7,Monthly,Auto Debit,36.3,No
CUST100286,25,52542.0,704.0,8.5,8861.0,0,1,8.4,Monthly,UPI,31.8,No
CUST100287,45,51259.0,739.0,9.1,4586.0,0,0,7.1,Monthly,Bank Transfer,20.0,No
CUST100288,44,94153.0,705.0,13.5,8853.0,1,0,7.4,Monthly,Card,24.6,Yes
CUST100289,40,72266.0,,6.9,4489.0,5,1,6.8,Two-Year,Card,24.9,No
CUST100290,56,60342.0,769.0,5.0,12654.0,2,1,7.1,Two-Year,UPI,9.7,Yes
CUST100291,30,75972.0,673.0,7.6,18047.0,1,0,6.9,Annual,UPI,12.1,No
CUST100292,63,18642.0,673.0,2.7,10194.0,1,0,7.6,Two-Year,Card,29.0,Yes
CUST100293,33,64051.0,716.0,4.8,6278.0,3,0,10.0,Monthly,Card,19.3,Yes
CUST100294,44,108945.0,644.0,2.4,1000.0,1,0,5.0,Two-Year,Auto Debit,27.5,Yes
CUST100295,42,67912.0,754.0,5.8,2604.0,4,1,8.9,Monthly,Bank Transfer,7.9,No
CUST100296,58,66494.0,,2.4,13942.0,1,0,6.4,Annual,UPI,44.0,No
CUST100297,39,77059.0,704.0,2.3,4898.0,0,0,9.2,Annual,Auto Debit,63.2,No
CUST100298,31,84703.0,728.0,5.8,7202.0,0,0,6.4,Monthly,Bank Transfer,47.4,No
CUST100299,19,21056.0,785.0,4.1,10794.0,3,1,7.7,Monthly,Auto Debit,49.0,Yes
CUST100300,35,27989.0,699.0,0.0,13688.0,1,1,6.7,Monthly,Auto Debit,41.4,No
CUST100301,57,69626.0,684.0,0.0,7801.0,0,1,4.1,Monthly,Bank Transfer,36.0,Yes
CUST100302,18,49273.0,773.0,0.8,7084.0,3,0,10.0,Annual,UPI,33.3,No
CUST100303,61,93865.0,743.0,1.7,8751.0,3,1,5.4,Two-Year,Card,18.3,No
CUST100304,44,58066.0,672.0,5.8,6303.0,3,0,7.1,Monthly,Bank Transfer,42.4,Yes
CUST100305,24,22440.0,690.0,5.2,6492.0,2,1,5.2,Annual,UPI,41.5,Yes
CUST100306,32,37104.0,701.0,7.9,9942.0,1,2,4.7,Annual,Auto Debit,25.1,Yes
CUST100307,44,18000.0,710.0,6.9,9149.0,0,0,6.7,Monthly,Card,39.9,No
CUST100308,33,59849.0,615.0,7.9,15961.0,1,1,6.0,Monthly,Bank Transfer,21.6,Yes
CUST100309,23,60856.0,605.0,6.4,10036.0,0,1,5.0,Monthly,Auto Debit,22.5,No
CUST100310,49,55662.0,641.0,5.2,12529.0,2,0,6.9,Annual,Auto Debit,43.6,No
CUST100311,50,88735.0,637.0,8.0,4751.0,2,1,4.5,Monthly,Bank Transfer,38.5,Yes
CUST100312,23,91367.0,655.0,7.4,10338.0,1,2,7.2,Monthly,Card,28.5,No
CUST100313,31,61251.0,725.0,5.7,5970.0,0,0,6.8,Monthly,Bank Transfer,26.8,No
CUST100314,29,18037.0,681.0,8.6,9884.0,1,0,2.8,Two-Year,Bank Transfer,34.6,Yes
CUST100315,49,78580.0,701.0,0.0,10910.0,1,0,6.1,Two-Year,Auto Debit,4.5,No
CUST100316,53,77218.0,623.0,3.6,8675.0,0,0,7.8,Monthly,UPI,20.6,Yes
CUST100317,52,71807.0,665.0,3.5,16926.0,0,1,5.2,Annual,UPI,13.0,Yes
CUST100318,63,86593.0,722.0,8.2,13498.0,1,0,7.9,Two-Year,UPI,32.2,No
CUST100319,54,39374.0,723.0,9.5,12620.0,1,1,7.7,Monthly,Auto Debit,48.3,No
CUST100320,33,,650.0,0.0,11175.0,3,1,5.3,Monthly,Bank Transfer,39.2,Yes
CUST100321,23,43893.0,699.0,9.0,14672.0,2,0,7.0,Monthly,Bank Transfer,24.3,No
CUST100322,47,81483.0,811.0,0.8,3471.0,3,2,8.4,Monthly,UPI,21.4,Yes
CUST100323,61,27878.0,689.0,0.8,13296.0,0,0,5.5,Two-Year,UPI,20.7,Yes
CUST100324,64,44534.0,652.0,3.8,5031.0,3,0,6.7,Two-Year,Bank Transfer,62.0,Yes
CUST100325,29,98360.0,680.0,3.5,6525.0,2,1,9.0,Annual,Bank Transfer,33.0,No
CUST100326,29,59260.0,695.0,0.0,10465.0,4,1,5.5,Monthly,Card,35.0,Yes
CUST100327,19,83478.0,682.0,6.6,12816.0,0,0,7.8,Two-Year,UPI,2.0,No
CUST100328,24,70213.0,688.0,6.7,4462.0,0,0,5.2,Monthly,Card,14.3,Yes
CUST100329,44,62691.0,611.0,7.9,6706.0,0,1,6.7,Monthly,Bank Transfer,31.3,Yes
CUST100330,44,95005.0,637.0,3.1,8841.0,2,1,7.8,Monthly,UPI,24.5,Yes
CUST100331,35,59794.0,682.0,4.4,7848.0,2,1,2.9,Two-Year,Card,34.0,Yes
CUST100332,32,25824.0,681.0,4.4,11489.0,2,2,6.1,Annual,Bank Transfer,33.8,Yes
CUST100333,57,47329.0,659.0,9.9,20526.0,2,0,7.7,Annual,UPI,41.0,Yes
CUST100334,40,77126.0,680.0,0.0,9968.0,2,1,7.4,Annual,UPI,4.0,Yes
CUST100335,56,73701.0,693.0,1.4,5927.0,2,1,6.1,Monthly,Bank Transfer,15.4,Yes
CUST100336,64,30525.0,739.0,4.5,3962.0,2,0,5.1,Monthly,UPI,30.5,Yes
CUST100337,33,49064.0,685.0,1.0,7362.0,0,2,8.1,Two-Year,Card,22.3,No
CUST100338,27,52202.0,712.0,3.7,5209.0,1,0,6.5,Two-Year,Bank Transfer,27.3,No
CUST100339,63,56960.0,660.0,4.1,10136.0,0,0,7.9,Annual,UPI,33.6,Yes
CUST100340,48,34730.0,721.0,2.4,10082.0,1,1,7.6,Monthly,Bank Transfer,20.8,No
CUST100341,31,51176.0,711.0,4.7,6879.0,1,1,6.2,Two-Year,Auto Debit,34.9,No
CUST100342,47,48971.0,738.0,6.5,15447.0,1,0,8.8,Monthly,Auto Debit,40.2,No
CUST100343,42,81974.0,729.0,3.7,5926.0,1,0,6.0,Monthly,Card,33.0,Yes
CUST100344,61,82801.0,722.0,3.0,8082.0,0,0,9.0,Monthly,Card,42.8,Yes
CUST100345,30,61792.0,685.0,4.0,10737.0,1,0,9.2,Monthly,Bank Transfer,2.0,No
CUST100346,65,56375.0,703.0,4.5,11622.0,3,0,8.8,Annual,Bank Transfer,23.2,Yes
CUST100347,62,68078.0,748.0,0.0,12972.0,1,1,6.7,Annual,Bank Transfer,45.4,No
CUST100348,26,47035.0,654.0,6.0,10000.0,3,0,10.0,Monthly,Card,19.0,No
CUST100349,25,39770.0,655.0,3.1,12178.0,0,1,7.3,Monthly,UPI,17.0,Yes
CUST100350,43,44315.0,700.0,8.5,6172.0,1,0,7.4,Annual,UPI,30.1,No
CUST100351,20,51034.0,713.0,6.4,11713.0,2,2,7.0,Monthly,Auto Debit,31.7,No
CUST100352,32,39404.0,645.0,8.2,11667.0,1,0,5.1,Monthly,Card,24.0,Yes
CUST100353,38,68565.0,686.0,1.3,13795.0,2,1,9.2,Monthly,Card,59.7,Yes
CUST100354,64,81054.0,685.0,3.3,2660.0,2,1,6.0,Two-Year,Bank Transfer,36.3,No
CUST100355,65,30084.0,568.0,0.5,5325.0,1,0,8.6,Two-Year,UPI,18.5,Yes
CUST100356,25,65553.0,678.0,2.2,11381.0,4,1,9.0,Monthly,Card,10.4,Yes
CUST100357,60,60161.0,681.0,8.5,1000.0,1,1,8.0,Annual,Card,38.1,Yes
CUST100358,22,72513.0,681.0,9.3,10222.0,1,1,5.8,Two-Year,UPI,18.1,No
CUST100359,53,64715.0,768.0,0.8,12209.0,0,0,6.4,Monthly,Bank Transfer,64.3,Yes
CUST100360,58,33021.0,623.0,3.0,6483.0,0,0,2.4,Two-Year,UPI,38.4,Yes
CUST100361,60,37227.0,645.0,4.3,6994.0,0,1,6.8,Annual,UPI,40.4,No
CUST100362,28,65647.0,546.0,6.4,4741.0,0,0,8.4,Annual,Bank Transfer,35.7,Yes
CUST100363,60,87633.0,664.0,0.0,6675.0,0,1,6.6,Annual,Card,48.8,Yes
CUST100364,23,18000.0,668.0,0.0,6776.0,2,2,6.0,Monthly,Bank Transfer,2.0,Yes
CUST100365,42,72606.0,662.0,6.1,6110.0,3,0,6.5,Annual,Bank Transfer,14.0,Yes
CUST100366,40,91172.0,751.0,0.0,5918.0,1,0,9.1,Annual,UPI,47.5,No
CUST100367,33,61633.0,737.0,3.1,7551.0,0,1,6.9,Monthly,Bank Transfer,54.5,Yes
CUST100368,19,77104.0,694.0,5.0,7509.0,3,1,10.0,Annual,UPI,13.5,No
CUST100369,55,49532.0,670.0,5.8,15059.0,2,1,6.0,Two-Year,Card,4.7,Yes
CUST100370,34,62374.0,746.0,4.0,7120.0,0,0,7.4,Two-Year,Bank Transfer,34.5,No
CUST100371,49,29340.0,689.0,3.3,9705.0,1,1,6.3,Annual,Card,39.3,No
CUST100372,37,18000.0,645.0,7.2,6481.0,1,0,10.0,Monthly,Card,34.2,No
CUST100373,35,85741.0,596.0,5.4,6436.0,3,0,7.3,Monthly,UPI,31.1,No
CUST100374,60,43330.0,666.0,2.4,2535.0,3,0,10.0,Monthly,Card,4.2,No
CUST100375,22,54978.0,732.0,4.6,3000.0,0,1,6.3,Two-Year,Card,26.4,No
CUST100376,53,34498.0,815.0,5.7,4276.0,3,1,9.6,Annual,Auto Debit,28.6,No
CUST100377,53,33981.0,693.0,10.0,9143.0,5,2,7.2,Two-Year,Bank Transfer,23.8,Yes
CUST100378,36,61176.0,648.0,7.0,12267.0,1,1,8.4,Monthly,Auto Debit,3.2,Yes
CUST100379,30,48949.0,625.0,8.4,2247.0,1,0,4.9,Two-Year,Card,40.8,No
CUST100380,18,73315.0,720.0,2.5,6578.0,1,1,7.6,Two-Year,Auto Debit,45.0,No
CUST100381,62,74956.0,593.0,2.8,3716.0,1,2,5.2,Annual,Card,20.1,Yes
CUST100382,63,72059.0,720.0,3.7,7575.0,4,1,7.4,Two-Year,Card,29.2,No
CUST100383,29,70249.0,735.0,4.0,12265.0,1,1,4.4,Monthly,Card,24.5,No
CUST100384,19,99711.0,714.0,1.3,6936.0,3,1,6.8,Monthly,Bank Transfer,24.7,Yes
CUST100385,23,41513.0,678.0,8.6,8334.0,0,3,8.9,Monthly,Bank Transfer,39.4,Yes
CUST100386,21,63791.0,721.0,7.3,13593.0,2,1,7.9,Monthly,UPI,39.8,Yes
CUST100387,57,89919.0,699.0,3.5,10103.0,2,1,4.9,Monthly,Bank Transfer,48.1,No
CUST100388,60,92820.0,647.0,6.6,5840.0,1,2,3.8,Annual,Auto Debit,47.8,Yes
CUST100389,25,33721.0,792.0,5.2,9056.0,3,1,7.8,Monthly,Card,29.4,Yes
CUST100390,53,58128.0,671.0,6.8,5604.0,2,0,9.7,Monthly,Bank Transfer,74.6,No
CUST100391,26,94879.0,733.0,0.2,9972.0,3,1,5.4,Monthly,Bank Transfer,55.2,Yes
CUST100392,35,76178.0,557.0,4.0,10304.0,2,0,10.0,Annual,Auto Debit,22.1,Yes
CUST100393,46,69296.0,760.0,4.3,3715.0,2,2,7.0,Two-Year,Bank Transfer,33.9,No
CUST100394,52,60211.0,771.0,6.5,9113.0,0,1,3.7,Monthly,Card,2.2,Yes
CUST100395,59,56556.0,692.0,2.5,8088.0,2,0,4.3,Annual,UPI,32.4,Yes
CUST100396,20,71341.0,721.0,0.0,10406.0,0,0,8.3,Two-Year,Auto Debit,57.1,No
CUST100397,27,59448.0,721.0,1.0,11410.0,1,0,7.2,Annual,Card,73.7,Yes
CUST100398,31,64063.0,655.0,4.3,10171.0,1,4,9.5,Annual,Auto Debit,30.2,Yes
CUST100399,32,66729.0,720.0,4.7,7439.0,0,1,5.0,Annual,UPI,37.0,Yes
CUST100400,65,50082.0,646.0,9.9,11767.0,0,1,7.2,Two-Year,Card,41.1,Yes
CUST100401,55,76707.0,657.0,6.4,5444.0,3,0,7.0,Monthly,Auto Debit,61.7,No
CUST100402,33,129113.0,752.0,4.8,3878.0,4,0,6.8,Annual,UPI,17.3,No
CUST100403,64,25906.0,744.0,4.4,1000.0,3,0,6.3,Monthly,Card,71.8,Yes
CUST100404,41,72128.0,651.0,8.0,8255.0,2,1,6.4,Monthly,Auto Debit,27.2,No
CUST100405,42,48276.0,650.0,2.6,5625.0,0,1,7.3,Annual,Card,14.4,Yes
CUST100406,38,77703.0,654.0,4.1,9892.0,1,0,7.5,Two-Year,Auto Debit,27.3,No
CUST100407,24,66024.0,730.0,1.0,1601.0,3,1,7.4,Two-Year,Bank Transfer,19.9,No
CUST100408,62,81761.0,635.0,9.0,6235.0,1,0,9.1,Two-Year,Auto Debit,38.3,No
CUST100409,18,90861.0,710.0,5.8,10146.0,0,2,5.0,Annual,Bank Transfer,7.2,Yes
CUST100410,26,69233.0,731.0,2.2,4896.0,1,1,3.9,Annual,UPI,34.1,Yes
CUST100411,29,89905.0,685.0,4.1,9932.0,1,2,8.7,Two-Year,Auto Debit,42.0,No
CUST100412,31,18000.0,746.0,6.1,6550.0,1,0,5.4,Monthly,Card,54.2,Yes
CUST100413,24,99990.0,673.0,3.7,8385.0,3,1,6.4,Monthly,Card,42.2,No
CUST100414,18,73251.0,678.0,2.8,10583.0,0,1,6.0,Monthly,Bank Transfer,53.3,No
CUST100415,50,88713.0,636.0,2.4,11835.0,0,1,5.9,Annual,Card,22.9,No
CUST100416,64,38163.0,746.0,5.6,8824.0,1,1,4.5,Annual,Card,37.9,Yes
CUST100417,23,46723.0,648.0,3.4,5651.0,2,1,6.0,Two-Year,Bank Transfer,2.0,No
CUST100418,32,68211.0,709.0,3.0,6897.0,1,0,8.1,Monthly,Bank Transfer,30.3,Yes
CUST100419,42,64625.0,686.0,0.2,10729.0,0,1,7.0,Two-Year,Bank Transfer,37.8,Yes
CUST100420,62,71228.0,632.0,4.7,4926.0,1,1,7.9,Annual,UPI,39.2,No
CUST100421,51,88859.0,656.0,3.9,7877.0,2,1,6.2,Two-Year,Auto Debit,8.4,Yes
CUST100422,54,26165.0,766.0,3.5,7149.0,0,2,8.5,Monthly,Bank Transfer,26.1,Yes
CUST100423,45,86424.0,701.0,5.1,8138.0,1,0,6.1,Annual,Bank Transfer,28.2,No
CUST100424,38,65182.0,634.0,6.9,4968.0,1,2,3.4,Annual,Auto Debit,25.6,Yes
CUST100425,27,60517.0,707.0,6.7,2018.0,0,1,7.5,Annual,Card,42.9,No
CUST100426,59,32635.0,682.0,6.3,10323.0,1,1,8.3,Monthly,UPI,28.7,Yes
CUST100427,56,76067.0,850.0,3.7,11874.0,1,0,6.0,Monthly,UPI,33.5,Yes
CUST100428,19,18000.0,706.0,2.7,2227.0,2,2,9.0,Monthly,Auto Debit,24.7,No
CUST100429,52,79265.0,669.0,1.2,9791.0,2,1,5.6,Annual,Auto Debit,48.0,No
CUST100430,22,,768.0,2.6,12291.0,1,0,8.1,Annual,UPI,49.1,No
CUST100431,53,66176.0,589.0,4.6,10586.0,2,3,10.0,Annual,Bank Transfer,27.4,Yes
CUST100432,57,62378.0,695.0,2.0,7042.0,1,0,7.1,Annual,Bank Transfer,74.8,Yes
CUST100433,24,90730.0,800.0,4.8,5198.0,0,0,6.6,Monthly,UPI,20.5,Yes
CUST100434,38,61070.0,684.0,1.4,8783.0,1,0,6.8,Monthly,Auto Debit,47.1,Yes
CUST100435,23,49729.0,595.0,0.0,9367.0,2,1,9.8,Annual,Card,17.7,No
CUST100436,45,53855.0,668.0,7.1,8835.0,2,1,7.7,Annual,UPI,43.6,Yes
CUST100437,62,93003.0,770.0,3.0,7870.0,1,0,10.0,Annual,Bank Transfer,42.4,No
CUST100438,21,76799.0,711.0,1.8,4711.0,1,0,7.5,Annual,Auto Debit,16.8,Yes
CUST100439,37,56516.0,644.0,1.0,9979.0,3,1,5.9,Two-Year,UPI,30.0,Yes
CUST100440,64,59798.0,652.0,5.9,10148.0,0,2,6.0,Two-Year,Bank Transfer,60.0,Yes
CUST100441,32,30522.0,659.0,8.9,9203.0,1,1,7.1,Annual,Bank Transfer,19.8,Yes
CUST100442,24,73546.0,710.0,3.2,8888.0,4,0,3.5,Monthly,Bank Transfer,38.0,Yes
CUST100443,41,26284.0,764.0,3.8,14377.0,1,0,6.2,Monthly,Bank Transfer,37.0,Yes
CUST100444,42,81540.0,748.0,7.9,6315.0,1,2,6.2,Annual,Bank Transfer,31.4,No
CUST100445,49,67830.0,715.0,0.0,12985.0,2,2,7.4,Monthly,UPI,6.0,Yes
CUST100446,33,117513.0,617.0,10.8,5931.0,0,1,10.0,Monthly,UPI,44.4,Yes
CUST100447,63,40797.0,617.0,12.3,12381.0,0,1,7.1,Monthly,Auto Debit,32.2,No
CUST100448,43,62741.0,,0.0,12817.0,3,1,3.7,Two-Year,Card,48.6,Yes
CUST100449,31,104562.0,616.0,4.2,7474.0,0,2,5.4,Monthly,Auto Debit,35.5,Yes
CUST100450,64,91211.0,678.0,2.2,14313.0,2,0,7.4,Annual,Card,33.0,Yes
CUST100451,62,49683.0,707.0,3.7,10142.0,3,3,7.2,Two-Year,Card,37.6,Yes
CUST100452,41,69927.0,627.0,3.2,5430.0,3,0,9.8,Annual,UPI,17.2,No
CUST100453,19,65044.0,634.0,7.1,7190.0,2,0,8.6,Monthly,Card,55.4,No
CUST100454,46,71203.0,685.0,4.1,12465.0,2,1,8.6,Two-Year,Auto Debit,26.4,Yes
CUST100455,44,49629.0,,1.6,11731.0,0,1,6.6,Annual,Auto Debit,26.6,No
CUST100456,25,63035.0,748.0,3.9,4797.0,3,0,8.9,Monthly,Card,51.4,No
CUST100457,48,29843.0,723.0,6.1,8013.0,2,1,5.5,Annual,Card,35.7,No
CUST100458,58,67973.0,694.0,0.7,9212.0,0,1,8.6,Monthly,Bank Transfer,28.5,Yes
CUST100459,23,74900.0,649.0,0.0,6723.0,1,1,6.5,Annual,Auto Debit,38.2,No
CUST100460,52,59997.0,631.0,10.9,16752.0,2,2,4.5,Two-Year,Bank Transfer,41.4,No
CUST100461,24,29469.0,662.0,2.4,9318.0,2,1,8.0,Annual,UPI,30.2,Yes
CUST100462,53,86748.0,713.0,4.1,8284.0,4,1,9.4,Two-Year,Card,45.8,No
CUST100463,38,73020.0,709.0,3.2,12668.0,1,0,6.3,Monthly,Bank Transfer,12.9,Yes
CUST100464,18,49028.0,575.0,6.3,7222.0,1,1,9.7,Two-Year,UPI,35.9,No
CUST100465,64,58827.0,647.0,10.2,12026.0,3,0,4.2,Annual,Bank Transfer,44.0,Yes
CUST100466,25,31985.0,756.0,6.4,2663.0,0,1,5.0,Monthly,Auto Debit,41.3,Yes
CUST100467,46,,694.0,0.0,6912.0,1,1,6.8,Two-Year,Card,2.0,No
CUST100468,26,53168.0,612.0,0.1,12172.0,2,0,6.4,Two-Year,Bank Transfer,30.1,Yes
CUST100469,62,92025.0,820.0,3.2,13996.0,2,0,5.9,Monthly,Bank Transfer,13.8,Yes
CUST100470,53,50931.0,688.0,3.6,5793.0,1,0,7.2,Annual,Bank Transfer,51.3,No
CUST100471,56,79085.0,,0.0,5386.0,1,0,6.1,Monthly,UPI,26.1,Yes
CUST100472,38,53157.0,712.0,7.1,10486.0,1,0,6.4,Monthly,Bank Transfer,49.6,No
CUST100473,40,70455.0,670.0,1.0,6319.0,1,0,7.5,Monthly,UPI,13.7,Yes
CUST100474,48,61889.0,650.0,9.3,7560.0,1,0,5.9,Annual,Bank Transfer,37.9,Yes
CUST100475,55,84207.0,807.0,10.3,11567.0,1,0,6.8,Monthly,Card,32.1,No
CUST100476,58,53234.0,745.0,3.7,6596.0,1,0,5.9,Monthly,Auto Debit,73.5,Yes
CUST100477,18,30404.0,735.0,5.9,1621.0,2,0,5.0,Two-Year,UPI,49.7,Yes
CUST100478,49,34597.0,722.0,0.6,3946.0,2,0,8.3,Annual,Auto Debit,48.7,Yes
CUST100479,23,53299.0,635.0,6.5,8535.0,1,0,9.9,Two-Year,UPI,62.4,No
CUST100480,31,37521.0,760.0,2.9,1978.0,1,0,8.8,Monthly,Bank Transfer,36.3,Yes
CUST100481,57,74025.0,644.0,1.0,7460.0,3,0,7.6,Monthly,Card,30.5,Yes
CUST100482,30,54753.0,706.0,3.6,3628.0,1,0,5.9,Annual,UPI,28.8,Yes
CUST100483,56,117241.0,600.0,3.0,14240.0,1,1,6.5,Monthly,UPI,36.9,Yes
CUST100484,40,26770.0,578.0,3.5,16078.0,0,0,8.8,Monthly,UPI,2.0,Yes
CUST100485,29,69480.0,708.0,7.5,4796.0,0,1,3.1,Two-Year,UPI,32.0,No
CUST100486,34,40185.0,645.0,2.0,9399.0,1,0,6.4,Monthly,Card,35.4,No
CUST100487,43,54145.0,581.0,10.1,5139.0,2,4,8.2,Monthly,UPI,29.7,No
CUST100488,54,68111.0,720.0,0.3,7417.0,0,1,5.1,Annual,Auto Debit,9.0,Yes
CUST100489,47,18000.0,807.0,9.7,14812.0,0,2,7.7,Monthly,Auto Debit,29.8,Yes
CUST100490,62,70210.0,766.0,1.2,6867.0,0,0,7.6,Annual,Card,9.0,Yes
CUST100491,59,106864.0,676.0,4.5,7499.0,2,1,4.5,Monthly,UPI,58.6,Yes
CUST100492,54,55024.0,690.0,2.9,5201.0,0,1,7.1,Monthly,Auto Debit,28.1,Yes
CUST100493,46,70716.0,739.0,3.4,12512.0,1,1,6.0,Monthly,Bank Transfer,2.0,Yes
CUST100494,31,87548.0,752.0,7.1,1000.0,2,1,7.7,Monthly,UPI,28.9,Yes
CUST100495,37,61393.0,671.0,9.3,6950.0,3,0,8.1,Annual,UPI,45.4,No
CUST100496,23,52219.0,692.0,8.3,8339.0,3,0,7.7,Two-Year,Bank Transfer,34.6,No
CUST100497,35,18000.0,707.0,3.2,6186.0,2,0,7.1,Annual,UPI,18.3,Yes
CUST100498,62,79102.0,720.0,5.1,11522.0,1,0,7.5,Monthly,Bank Transfer,21.8,No
CUST100499,38,62510.0,683.0,2.0,12707.0,0,1,5.0,Two-Year,Card,27.7,Yes
CUST100500,23,42721.0,683.0,1.3,3558.0,1,2,6.9,Annual,Auto Debit,25.4,Yes
CUST100501,49,67785.0,766.0,0.8,15827.0,1,3,5.6,Monthly,Card,13.1,Yes
CUST100502,64,52159.0,757.0,3.1,3519.0,2,2,8.8,Monthly,Card,31.0,Yes
CUST100503,59,53375.0,716.0,5.3,13010.0,1,0,8.2,Monthly,Bank Transfer,12.0,Yes
CUST100504,31,78338.0,785.0,0.0,9024.0,2,1,8.2,Monthly,Auto Debit,46.2,No
CUST100505,39,35556.0,669.0,4.4,6737.0,1,1,9.9,Annual,Bank Transfer,48.1,No
CUST100506,43,88041.0,779.0,9.4,7067.0,0,0,6.4,Monthly,Bank Transfer,17.0,No
CUST100507,29,34251.0,720.0,8.1,8383.0,1,1,6.1,Two-Year,Card,21.3,No
CUST100508,30,50421.0,850.0,2.6,9229.0,0,0,6.4,Monthly,Card,25.7,Yes
CUST100509,29,107305.0,624.0,0.0,5279.0,3,2,4.3,Monthly,UPI,31.5,No
CUST100510,65,89802.0,652.0,6.0,7681.0,1,0,4.4,Two-Year,Card,35.9,Yes
CUST100511,53,67147.0,713.0,0.0,5803.0,1,2,8.1,Annual,Auto Debit,38.9,Yes
CUST100512,58,44308.0,712.0,8.1,4247.0,4,0,4.6,Monthly,UPI,38.6,No
CUST100513,57,53356.0,797.0,3.8,5639.0,2,0,5.2,Monthly,UPI,55.3,Yes
CUST100514,64,66612.0,653.0,10.4,4475.0,0,1,6.8,Annual,Bank Transfer,32.9,Yes
CUST100515,23,65826.0,740.0,0.0,7029.0,2,0,6.3,Annual,Auto Debit,12.5,No
CUST100516,60,63001.0,754.0,7.4,10014.0,2,1,8.5,Annual,Auto Debit,7.9,Yes
CUST100517,21,64322.0,729.0,4.2,8922.0,2,0,7.1,Two-Year,Bank Transfer,56.5,No
CUST100518,40,60284.0,637.0,3.4,15410.0,1,1,5.6,Annual,Bank Transfer,39.6,Yes
CUST100519,46,33276.0,767.0,0.1,1000.0,2,2,8.7,Two-Year,Card,35.1,No
CUST100520,35,53637.0,758.0,6.4,10143.0,1,2,8.2,Annual,Card,38.7,No
CUST100521,25,85122.0,723.0,6.7,8522.0,2,2,4.6,Annual,Card,34.4,Yes
CUST100522,27,34897.0,701.0,10.2,11355.0,2,1,7.4,Monthly,UPI,38.5,Yes
CUST100523,57,60830.0,702.0,7.7,11008.0,0,3,5.8,Annual,Card,26.4,Yes
CUST100524,33,46965.0,686.0,2.6,7923.0,0,0,5.7,Monthly,UPI,47.8,Yes
CUST100525,32,67450.0,725.0,1.3,9104.0,1,2,10.0,Annual,Bank Transfer,24.1,No
CUST100526,62,56450.0,692.0,0.1,5896.0,0,0,7.2,Monthly,Auto Debit,18.5,Yes
CUST100527,24,97503.0,,9.2,10648.0,1,1,6.6,Annual,Auto Debit,6.6,Yes
CUST100528,61,76145.0,632.0,2.0,1924.0,1,0,7.1,Monthly,Auto Debit,28.4,Yes
CUST100529,62,36140.0,649.0,9.2,11219.0,1,0,8.5,Annual,Card,51.0,No
CUST100530,46,79767.0,702.0,6.2,8419.0,1,0,5.8,Monthly,Auto Debit,25.1,No
CUST100531,25,47958.0,689.0,5.6,6795.0,2,1,6.1,Two-Year,Auto Debit,11.3,Yes
CUST100532,25,52306.0,702.0,3.5,7686.0,2,1,8.1,Monthly,Bank Transfer,36.3,Yes
CUST100533,31,71904.0,718.0,6.6,7943.0,1,0,4.4,Annual,UPI,22.2,Yes
CUST100534,45,54182.0,655.0,4.5,13041.0,3,1,8.7,Annual,Auto Debit,55.2,No
CUST100535,25,84643.0,771.0,3.3,19817.0,1,0,4.3,Monthly,UPI,48.1,Yes
CUST100536,39,47961.0,675.0,6.7,12770.0,1,1,6.6,Two-Year,Card,12.9,No
CUST100537,23,51383.0,666.0,4.0,6521.0,0,1,4.3,Two-Year,Bank Transfer,29.4,No
CUST100538,43,50560.0,717.0,1.9,10704.0,2,0,5.2,Annual,Auto Debit,20.7,Yes
CUST100539,19,52556.0,589.0,6.4,10857.0,3,0,9.2,Two-Year,Auto Debit,14.6,No
CUST100540,52,89182.0,647.0,4.3,5262.0,0,1,8.8,Monthly,Auto Debit,31.2,No
CUST100541,20,78834.0,744.0,6.1,4087.0,0,2,9.0,Two-Year,Card,44.3,No
CUST100542,27,102619.0,594.0,3.0,8279.0,1,1,4.5,Two-Year,UPI,30.8,Yes
CUST100543,26,114888.0,751.0,0.6,11327.0,4,1,5.2,Annual,Auto Debit,24.3,Yes
CUST100544,57,42324.0,773.0,10.1,2859.0,1,1,7.6,Two-Year,Auto Debit,2.0,Yes
CUST100545,20,66549.0,670.0,9.4,5977.0,1,0,8.2,Annual,Card,22.0,No
CUST100546,38,39124.0,706.0,7.3,10504.0,3,0,5.6,Annual,Bank Transfer,40.3,Yes
CUST100547,46,47893.0,752.0,3.3,8646.0,1,0,6.0,Annual,Auto Debit,11.9,Yes
CUST100548,42,51138.0,664.0,3.5,13457.0,1,4,5.1,Monthly,UPI,51.2,Yes
CUST100549,50,41743.0,738.0,8.9,3560.0,4,2,9.8,Annual,Auto Debit,23.2,No
CUST100550,56,41858.0,653.0,3.4,16733.0,1,1,6.2,Monthly,Bank Transfer,34.9,Yes
CUST100551,36,61826.0,664.0,2.5,3117.0,1,1,7.1,Annual,Bank Transfer,26.0,No
CUST100552,57,38232.0,646.0,10.5,1398.0,0,3,7.1,Annual,UPI,14.4,Yes
CUST100553,33,83527.0,709.0,4.3,8294.0,0,0,8.9,Monthly,Bank Transfer,38.6,No
CUST100554,65,44809.0,754.0,10.2,4529.0,1,1,5.4,Monthly,Card,23.0,Yes
CUST100555,42,126811.0,680.0,0.0,8364.0,2,0,9.0,Monthly,Bank Transfer,19.5,No
CUST100556,53,55070.0,620.0,6.2,8242.0,3,1,4.8,Annual,Bank Transfer,2.0,No
CUST100557,60,66584.0,630.0,11.1,7815.0,0,0,9.0,Monthly,Auto Debit,51.5,No
CUST100558,56,36502.0,712.0,4.6,5552.0,0,1,4.1,Monthly,Bank Transfer,32.1,Yes
CUST100559,58,102534.0,791.0,3.7,10014.0,2,1,6.8,Monthly,Bank Transfer,48.6,No
CUST100560,43,89629.0,712.0,0.8,7389.0,0,0,9.8,Monthly,Card,41.3,No
CUST100561,20,71532.0,669.0,8.0,12363.0,3,0,8.2,Monthly,Card,48.6,No
CUST100562,41,35370.0,732.0,2.0,7869.0,2,0,7.7,Monthly,Bank Transfer,23.5,No
CUST100563,26,69635.0,677.0,4.2,5124.0,0,0,5.2,Annual,Auto Debit,11.4,No
CUST100564,60,40329.0,669.0,0.5,2593.0,0,2,,Annual,Bank Transfer,43.4,Yes
CUST100565,29,97172.0,637.0,9.5,7898.0,3,0,,Two-Year,Bank Transfer,34.0,No
CUST100566,28,82802.0,767.0,8.2,4058.0,1,1,7.8,Monthly,Card,25.0,No
CUST100567,29,67100.0,550.0,4.4,3775.0,2,0,8.5,Monthly,Bank Transfer,43.1,No
CUST100568,48,18000.0,734.0,0.8,10346.0,1,0,7.1,Monthly,Bank Transfer,36.6,No
CUST100569,45,43365.0,664.0,9.4,2278.0,0,0,6.5,Annual,Bank Transfer,41.6,Yes
CUST100570,63,80131.0,667.0,3.3,13443.0,1,1,8.3,Monthly,Card,16.7,Yes
CUST100571,37,91683.0,783.0,1.0,9059.0,0,1,7.4,Monthly,Card,46.7,No
CUST100572,31,89402.0,651.0,0.0,8347.0,2,0,6.7,Annual,Card,31.9,Yes
CUST100573,20,29976.0,653.0,2.4,4878.0,1,1,4.6,Monthly,Card,48.3,Yes
CUST100574,18,71634.0,683.0,0.0,11175.0,1,3,8.6,Annual,Card,46.5,No
CUST100575,35,87341.0,713.0,2.5,8490.0,0,0,7.7,Annual,UPI,42.3,No
CUST100576,62,28517.0,666.0,6.9,6099.0,1,0,6.0,Two-Year,Bank Transfer,30.3,No
CUST100577,43,64826.0,603.0,3.3,9199.0,3,1,9.0,Monthly,Auto Debit,42.6,No
CUST100578,60,71025.0,642.0,5.6,2610.0,1,0,,Monthly,UPI,48.7,No
CUST100579,22,58383.0,760.0,2.2,2776.0,3,0,7.4,Annual,Bank Transfer,41.1,Yes
CUST100580,22,24252.0,694.0,4.7,4579.0,0,0,8.5,Monthly,Auto Debit,35.0,No
CUST100581,58,57835.0,715.0,10.6,9723.0,2,0,8.1,Monthly,Auto Debit,42.7,No
CUST100582,23,57799.0,676.0,3.4,8489.0,2,0,7.5,Monthly,Auto Debit,24.1,No
CUST100583,20,61742.0,654.0,5.7,12171.0,1,2,6.7,Monthly,Card,54.7,No
CUST100584,37,52604.0,782.0,0.0,5280.0,2,0,10.0,Monthly,UPI,6.8,No
CUST100585,62,55254.0,680.0,9.4,10511.0,3,0,5.8,Annual,Auto Debit,32.5,Yes
CUST100586,51,64126.0,666.0,3.0,8101.0,0,0,8.3,Two-Year,Bank Transfer,25.9,No
CUST100587,22,74734.0,750.0,7.9,5199.0,1,1,6.9,Monthly,Card,22.4,No
CUST100588,58,58303.0,650.0,4.1,9849.0,2,2,7.8,Annual,Auto Debit,36.6,Yes
CUST100589,58,55988.0,657.0,6.5,8269.0,3,3,9.1,Two-Year,Card,15.1,Yes
CUST100590,56,67032.0,691.0,6.6,6298.0,3,1,6.5,Monthly,Bank Transfer,64.3,Yes
CUST100591,61,22740.0,690.0,3.1,8647.0,0,0,8.0,Annual,Auto Debit,11.7,Yes
CUST100592,29,75495.0,704.0,8.0,8047.0,1,1,7.5,Monthly,Auto Debit,17.7,Yes
CUST100593,65,64988.0,805.0,2.1,7962.0,1,0,5.9,Two-Year,Bank Transfer,16.3,No
CUST100594,33,65873.0,708.0,7.0,7056.0,0,0,9.1,Monthly,UPI,35.0,No
CUST100595,56,86136.0,559.0,3.3,3933.0,2,0,8.2,Monthly,Auto Debit,47.2,No
CUST100596,45,22038.0,708.0,5.6,8762.0,3,0,6.3,Two-Year,Card,39.9,No
CUST100597,55,21576.0,692.0,3.0,5690.0,1,0,8.9,Annual,Bank Transfer,54.1,No
CUST100598,48,71024.0,692.0,4.7,4929.0,2,1,5.6,Monthly,Bank Transfer,19.6,Yes
CUST100599,48,64843.0,704.0,1.1,7658.0,3,0,7.0,Annual,UPI,41.9,No
CUST100600,47,68744.0,688.0,5.3,11069.0,1,2,6.3,Two-Year,Bank Transfer,27.4,Yes
CUST100601,55,54833.0,687.0,4.6,9150.0,1,2,8.3,Annual,Card,35.4,No
CUST100602,53,79616.0,724.0,2.8,6641.0,2,2,6.2,Monthly,Card,48.6,No
CUST100603,24,85518.0,660.0,4.3,6500.0,1,0,8.3,Monthly,Auto Debit,6.6,No
CUST100604,57,75648.0,638.0,4.9,10725.0,2,2,8.0,Two-Year,Bank Transfer,61.9,No
CUST100605,43,59262.0,850.0,2.5,1000.0,3,2,6.4,Monthly,Card,29.8,Yes
CUST100606,33,18631.0,651.0,4.1,11291.0,3,0,10.0,Monthly,UPI,7.9,No
CUST100607,42,81923.0,696.0,1.3,1941.0,2,1,5.7,Monthly,Bank Transfer,21.6,Yes
CUST100608,64,91878.0,608.0,12.0,3546.0,0,0,4.6,Monthly,Bank Transfer,33.5,Yes
CUST100609,59,79180.0,696.0,7.9,6700.0,1,1,8.5,Annual,UPI,21.6,No
CUST100610,58,45648.0,639.0,5.4,16095.0,3,3,3.3,Monthly,Auto Debit,2.0,Yes
CUST100611,40,79823.0,666.0,8.3,14371.0,0,0,9.5,Monthly,Card,33.5,No
CUST100612,55,83932.0,747.0,0.0,10973.0,2,1,7.2,Monthly,Bank Transfer,21.2,Yes
CUST100613,36,99294.0,716.0,0.0,9748.0,1,1,4.6,Monthly,Auto Debit,41.8,No
CUST100614,50,45726.0,721.0,3.2,1982.0,0,1,5.4,Monthly,Bank Transfer,16.0,Yes
CUST100615,48,60018.0,593.0,0.1,9049.0,2,0,4.2,Monthly,Auto Debit,65.9,Yes
CUST100616,29,81440.0,791.0,3.7,6578.0,2,0,7.7,Annual,UPI,39.7,No
CUST100617,30,66263.0,624.0,5.2,5642.0,1,0,4.7,Monthly,Card,35.0,Yes
CUST100618,20,40419.0,774.0,7.4,9042.0,1,0,7.9,Monthly,UPI,41.3,No
CUST100619,24,74122.0,746.0,0.9,6851.0,1,0,6.5,Annual,UPI,4.7,No
CUST100620,38,77731.0,722.0,5.8,11543.0,3,3,6.2,Annual,Card,24.5,No
CUST100621,40,66935.0,643.0,4.5,1724.0,2,0,7.9,Annual,UPI,58.7,No
CUST100622,25,69831.0,698.0,5.6,8763.0,3,1,8.1,Two-Year,Card,27.2,No
CUST100623,38,59308.0,664.0,2.8,5423.0,2,2,8.9,Monthly,UPI,31.1,Yes
CUST100624,47,97522.0,692.0,8.9,7066.0,2,2,5.9,Monthly,UPI,25.0,No
CUST100625,29,45185.0,676.0,4.2,9566.0,2,2,6.9,Monthly,Auto Debit,54.0,No
CUST100626,34,52079.0,578.0,10.2,4589.0,1,3,5.9,Monthly,Bank Transfer,28.3,Yes
CUST100627,35,65242.0,752.0,2.0,9075.0,2,0,7.3,Two-Year,Card,13.2,No
CUST100628,42,84337.0,686.0,6.9,7757.0,0,1,5.7,Annual,Bank Transfer,70.7,Yes
CUST100629,35,32058.0,663.0,4.3,6188.0,3,0,6.3,Annual,Card,11.4,No
CUST100630,53,36173.0,659.0,3.5,6853.0,0,0,6.3,Two-Year,Card,30.5,No
CUST100631,33,20170.0,710.0,6.5,7959.0,0,0,7.5,Two-Year,Auto Debit,19.4,No
CUST100632,38,65719.0,641.0,3.5,5813.0,1,1,7.0,Monthly,Bank Transfer,21.5,Yes
CUST100633,36,40397.0,566.0,0.0,8525.0,1,0,7.9,Two-Year,Auto Debit,16.1,Yes
CUST100634,26,56540.0,712.0,0.0,7526.0,0,1,6.8,Monthly,Card,23.9,Yes
CUST100635,50,79550.0,719.0,8.6,6361.0,1,0,6.0,Monthly,Card,46.8,Yes
CUST100636,29,50886.0,679.0,8.4,14064.0,0,1,7.3,Annual,Auto Debit,3.5,No
CUST100637,32,70088.0,627.0,10.5,9953.0,0,0,5.4,Two-Year,Auto Debit,50.9,No
CUST100638,56,58415.0,695.0,4.4,7161.0,3,1,8.0,Annual,UPI,48.3,No
CUST100639,63,79787.0,609.0,0.4,9011.0,3,1,6.5,Monthly,Card,39.6,Yes
CUST100640,50,75453.0,634.0,3.2,4906.0,4,1,7.3,Two-Year,Auto Debit,33.9,No
CUST100641,61,49777.0,649.0,4.5,6971.0,1,0,7.4,Monthly,Card,36.1,Yes
CUST100642,59,61290.0,736.0,1.3,7380.0,0,2,9.7,Annual,Bank Transfer,53.4,No
CUST100643,41,87962.0,670.0,9.8,4136.0,1,2,7.6,Monthly,Auto Debit,5.8,Yes
CUST100644,54,73654.0,665.0,11.7,9856.0,1,1,7.1,Monthly,UPI,42.9,Yes
CUST100645,33,34267.0,798.0,6.0,6730.0,1,3,5.8,Monthly,UPI,20.8,Yes
CUST100646,40,79424.0,709.0,4.5,7256.0,2,1,8.4,Two-Year,Auto Debit,44.4,No
CUST100647,43,41139.0,709.0,0.4,6509.0,2,0,6.5,Two-Year,Auto Debit,22.8,No
CUST100648,64,96075.0,670.0,9.4,18857.0,2,1,4.4,Monthly,Auto Debit,42.6,Yes
CUST100649,58,87530.0,657.0,4.7,6181.0,2,1,6.7,Monthly,Bank Transfer,8.8,No
CUST100650,41,71377.0,570.0,3.6,1260.0,2,0,7.3,Monthly,UPI,6.6,Yes
CUST100651,49,,743.0,6.0,2900.0,1,0,5.6,Annual,Auto Debit,30.3,No
CUST100652,27,60401.0,715.0,2.6,11158.0,0,1,6.8,Annual,UPI,53.5,No
CUST100653,56,79928.0,680.0,5.0,13178.0,5,0,6.9,Annual,UPI,40.0,Yes
CUST100654,44,56843.0,682.0,0.0,6114.0,1,3,6.9,Monthly,Bank Transfer,39.9,Yes
CUST100655,43,70183.0,730.0,8.0,12976.0,2,0,9.1,Monthly,Card,44.9,No
CUST100656,54,84183.0,604.0,4.2,11096.0,1,1,4.8,Two-Year,Auto Debit,26.0,Yes
CUST100657,48,52640.0,658.0,8.2,7837.0,3,0,10.0,Annual,Auto Debit,41.2,No
CUST100658,21,51444.0,628.0,3.9,7588.0,2,1,6.9,Monthly,Auto Debit,23.3,No
CUST100659,31,38724.0,787.0,4.1,9133.0,1,1,8.0,Monthly,Auto Debit,27.3,Yes
CUST100660,26,41582.0,738.0,0.6,11571.0,0,0,7.2,Monthly,Bank Transfer,29.2,No
CUST100661,53,24775.0,569.0,6.9,9891.0,2,0,4.1,Monthly,Auto Debit,23.8,Yes
CUST100662,19,81056.0,607.0,1.7,6131.0,0,2,5.2,Monthly,Auto Debit,31.0,Yes
CUST100663,27,104796.0,683.0,2.9,7890.0,2,0,6.1,Annual,Card,28.2,Yes
CUST100664,46,96357.0,664.0,4.5,15434.0,2,2,8.7,Monthly,Card,21.4,Yes
CUST100665,51,29226.0,617.0,4.9,9379.0,1,2,4.6,Monthly,Bank Transfer,29.9,Yes
CUST100666,42,80947.0,797.0,0.0,11543.0,1,0,5.5,Annual,Auto Debit,34.3,No
CUST100667,59,96286.0,,3.8,10390.0,0,1,7.3,Monthly,Card,15.5,No
CUST100668,62,54950.0,716.0,7.0,9457.0,0,1,7.8,Monthly,Card,38.3,Yes
CUST100669,24,67232.0,652.0,3.3,8880.0,0,0,7.8,Two-Year,Card,24.6,No
CUST100670,63,20826.0,730.0,3.8,11641.0,4,0,5.3,Monthly,Auto Debit,35.0,Yes
CUST100671,47,70868.0,669.0,5.0,11015.0,0,1,4.3,Annual,Bank Transfer,22.0,Yes
CUST100672,48,41602.0,674.0,4.1,9424.0,1,2,7.9,Monthly,Card,47.8,Yes
CUST100673,22,69392.0,724.0,1.2,6072.0,2,1,9.4,Monthly,Bank Transfer,46.3,Yes
CUST100674,47,30654.0,600.0,4.4,9849.0,2,1,6.4,Monthly,Bank Transfer,16.3,Yes
CUST100675,52,76943.0,778.0,7.7,8265.0,0,1,5.1,Annual,Bank Transfer,39.9,Yes
CUST100676,45,,700.0,1.1,7421.0,2,2,6.3,Monthly,Bank Transfer,53.7,Yes
CUST100677,22,47770.0,760.0,3.3,17876.0,1,0,7.7,Annual,UPI,17.8,No
CUST100678,43,39988.0,631.0,0.1,3113.0,1,1,6.6,Monthly,UPI,19.0,Yes
CUST100679,62,18000.0,639.0,7.5,11855.0,0,0,9.4,Annual,Auto Debit,43.0,No
CUST100680,52,59139.0,626.0,4.2,5481.0,2,0,8.6,Monthly,Bank Transfer,12.4,Yes
CUST100681,24,52205.0,704.0,1.8,8959.0,0,1,,Monthly,Auto Debit,20.3,Yes
CUST100682,64,30878.0,694.0,4.8,17490.0,0,2,3.7,Annual,Auto Debit,16.8,Yes
CUST100683,64,74966.0,664.0,0.6,5132.0,2,1,5.8,Monthly,Card,43.2,Yes
CUST100684,26,55101.0,634.0,1.2,5966.0,1,0,,Monthly,Card,21.6,Yes
CUST100685,56,41334.0,620.0,0.0,8439.0,1,0,5.7,Annual,Auto Debit,27.7,Yes
CUST100686,37,52799.0,687.0,1.1,5535.0,3,0,7.3,Annual,UPI,20.8,No
CUST100687,46,88569.0,664.0,8.8,11594.0,3,0,7.4,Annual,Auto Debit,49.2,No
CUST100688,39,78265.0,652.0,2.2,6629.0,1,0,4.2,Monthly,UPI,19.1,Yes
CUST100689,55,62139.0,775.0,6.0,10789.0,0,1,8.4,Monthly,Card,10.9,Yes
CUST100690,65,78620.0,685.0,1.8,3848.0,0,0,7.0,Monthly,Card,10.3,Yes
CUST100691,56,39460.0,760.0,6.9,2176.0,1,1,7.6,Monthly,Bank Transfer,42.4,Yes
CUST100692,62,65712.0,661.0,1.2,7699.0,1,1,8.3,Monthly,Card,43.5,Yes
CUST100693,63,68241.0,703.0,4.6,3010.0,0,1,5.7,Monthly,Auto Debit,50.7,Yes
CUST100694,22,54664.0,687.0,4.7,13814.0,1,0,9.1,Monthly,Auto Debit,13.1,No
CUST100695,30,74580.0,597.0,11.9,3146.0,2,1,6.8,Annual,Bank Transfer,28.5,No
CUST100696,52,47830.0,769.0,6.5,4868.0,2,0,9.6,Monthly,Auto Debit,68.4,No
CUST100697,46,76216.0,683.0,2.6,9948.0,0,0,5.5,Monthly,UPI,27.5,Yes
CUST100698,20,77141.0,731.0,6.7,6448.0,1,1,9.4,Monthly,Auto Debit,23.5,No
CUST100699,22,18000.0,649.0,11.3,3186.0,2,1,5.5,Monthly,Bank Transfer,31.7,Yes
CUST100700,42,91187.0,681.0,0.0,15640.0,1,2,10.0,Annual,UPI,39.9,No
CUST100701,47,18000.0,642.0,1.8,4994.0,0,1,5.4,Monthly,Auto Debit,39.7,Yes
CUST100702,26,51447.0,758.0,3.7,7813.0,1,1,8.8,Monthly,UPI,22.8,No
CUST100703,26,87558.0,707.0,3.2,7768.0,0,1,6.4,Two-Year,Bank Transfer,23.2,No
CUST100704,24,58020.0,710.0,3.4,10986.0,0,2,8.2,Monthly,Bank Transfer,27.6,Yes
CUST100705,45,32744.0,765.0,0.3,10118.0,0,1,6.9,Monthly,UPI,21.0,Yes
CUST100706,18,40938.0,754.0,9.0,5606.0,1,2,5.1,Annual,Card,13.5,No
CUST100707,45,87592.0,732.0,0.0,7360.0,1,1,2.2,Annual,UPI,59.1,No
CUST100708,40,22727.0,612.0,3.9,7706.0,1,1,10.0,Two-Year,Auto Debit,25.9,No
CUST100709,40,89838.0,652.0,7.8,11121.0,3,1,7.1,Two-Year,Auto Debit,26.7,No
CUST100710,50,63788.0,635.0,4.4,4411.0,2,1,2.0,Annual,Auto Debit,27.2,Yes
CUST100711,43,38767.0,730.0,1.4,15563.0,1,0,7.5,Monthly,Card,30.8,Yes
CUST100712,52,52171.0,699.0,0.2,5843.0,1,0,8.2,Annual,Card,38.5,Yes
CUST100713,54,42621.0,614.0,3.8,8469.0,2,0,5.8,Monthly,Auto Debit,25.0,Yes
CUST100714,62,84057.0,680.0,2.1,4440.0,3,1,5.8,Annual,Card,49.1,Yes
CUST100715,56,81113.0,608.0,5.2,3956.0,2,1,7.0,Two-Year,Card,41.0,No
CUST100716,42,27178.0,687.0,0.0,5440.0,3,1,9.0,Monthly,UPI,29.1,No
CUST100717,41,56121.0,599.0,7.1,5103.0,3,0,7.2,Two-Year,Auto Debit,22.0,No
CUST100718,29,46010.0,719.0,4.9,7050.0,1,0,9.5,Annual,UPI,48.3,No
CUST100719,46,93457.0,711.0,5.1,5074.0,2,0,8.9,Monthly,UPI,29.6,No
CUST100720,24,35298.0,795.0,9.1,10934.0,2,2,6.6,Two-Year,Auto Debit,13.4,No
CUST100721,62,100293.0,737.0,3.1,5760.0,3,3,4.3,Annual,Auto Debit,47.3,Yes
CUST100722,58,64268.0,667.0,2.2,5372.0,0,0,6.6,Monthly,Auto Debit,21.1,Yes
CUST100723,23,39437.0,735.0,2.7,7125.0,1,0,7.9,Annual,Auto Debit,45.0,No
CUST100724,55,50100.0,613.0,3.9,11975.0,0,2,7.1,Monthly,UPI,2.0,Yes
CUST100725,23,47364.0,637.0,4.2,9252.0,0,0,8.1,Monthly,Card,26.5,No
CUST100726,52,36958.0,708.0,1.8,8151.0,2,1,8.5,Annual,Auto Debit,49.4,Yes
CUST100727,22,67086.0,571.0,0.0,3484.0,3,0,7.9,Two-Year,Card,32.1,No
CUST100728,41,37986.0,688.0,2.7,4501.0,1,2,6.5,Annual,Auto Debit,41.0,Yes
CUST100729,49,18000.0,634.0,5.7,4026.0,1,0,7.9,Two-Year,Auto Debit,18.5,No
CUST100730,52,56647.0,696.0,4.9,13074.0,1,1,10.0,Two-Year,Auto Debit,37.2,No
CUST100731,38,25337.0,631.0,8.3,10357.0,1,0,4.5,Monthly,Auto Debit,32.1,Yes
CUST100732,62,48452.0,713.0,10.8,5484.0,2,1,7.8,Annual,Auto Debit,35.7,No
CUST100733,55,45000.0,691.0,6.9,6525.0,2,0,10.0,Annual,Bank Transfer,62.6,No
CUST100734,27,45833.0,767.0,8.9,5611.0,1,1,5.0,Monthly,UPI,51.6,Yes
CUST100735,50,109021.0,690.0,7.0,5399.0,0,0,8.7,Monthly,Card,43.9,No
CUST100736,53,66241.0,648.0,10.0,10111.0,2,0,8.9,Annual,Auto Debit,44.1,No
CUST100737,34,70398.0,676.0,10.4,7494.0,2,0,4.5,Two-Year,Auto Debit,18.4,No
CUST100738,53,25919.0,616.0,7.5,15784.0,2,0,8.2,Two-Year,UPI,24.9,No
CUST100739,61,50613.0,712.0,6.8,12876.0,4,1,6.5,Monthly,Bank Transfer,9.0,Yes
CUST100740,57,69737.0,722.0,3.8,13083.0,1,1,6.9,Annual,Card,13.0,No
CUST100741,54,42460.0,826.0,4.4,10850.0,0,1,6.4,Monthly,Card,18.7,Yes
CUST100742,48,84977.0,656.0,3.4,7021.0,3,2,9.2,Two-Year,Bank Transfer,31.6,No
CUST100743,30,38541.0,675.0,6.5,10592.0,5,2,6.8,Annual,Card,13.6,Yes
CUST100744,56,58700.0,658.0,2.2,7279.0,1,1,6.2,Two-Year,Bank Transfer,31.4,Yes
CUST100745,35,52107.0,702.0,3.9,14206.0,0,0,6.2,Two-Year,UPI,29.7,No
CUST100746,43,68615.0,711.0,0.0,9915.0,1,0,6.4,Monthly,Card,15.0,Yes
CUST100747,33,50909.0,687.0,10.0,9418.0,1,1,5.2,Two-Year,Auto Debit,54.9,No
CUST100748,33,59040.0,750.0,3.8,8945.0,5,0,6.2,Annual,Bank Transfer,12.1,Yes
CUST100749,25,59805.0,656.0,6.0,14591.0,0,1,7.2,Monthly,Auto Debit,48.8,Yes
CUST100750,64,48843.0,744.0,9.2,3482.0,1,1,7.7,Monthly,Auto Debit,2.0,Yes
CUST100751,25,75672.0,720.0,5.5,14934.0,0,1,9.0,Annual,Card,29.9,No
CUST100752,22,70245.0,689.0,9.1,7848.0,1,1,7.4,Monthly,Card,14.0,No
CUST100753,62,63050.0,673.0,0.5,3578.0,1,0,6.2,Monthly,Card,22.2,Yes
CUST100754,44,55530.0,823.0,12.2,5867.0,1,0,5.3,Annual,Bank Transfer,59.2,No
CUST100755,39,82524.0,645.0,8.0,2722.0,1,2,7.5,Monthly,Card,26.8,No
CUST100756,53,59812.0,706.0,5.2,10788.0,2,1,6.8,Monthly,Card,15.4,No
CUST100757,36,58253.0,649.0,9.1,4866.0,0,1,6.9,Annual,UPI,39.3,No
CUST100758,24,67303.0,788.0,0.8,9090.0,0,1,7.4,Monthly,Card,26.7,Yes
CUST100759,53,102325.0,739.0,3.6,12470.0,5,0,7.9,Annual,Auto Debit,34.3,No
CUST100760,26,35512.0,653.0,9.1,6148.0,0,0,7.5,Monthly,Card,18.3,Yes
CUST100761,44,81937.0,718.0,0.0,7562.0,1,0,6.7,Two-Year,Auto Debit,19.0,Yes
CUST100762,63,23350.0,704.0,6.3,3938.0,1,1,5.6,Monthly,Card,20.2,Yes
CUST100763,62,69780.0,662.0,6.2,7141.0,1,0,6.0,Two-Year,Card,44.0,Yes
CUST100764,35,99652.0,732.0,10.8,17509.0,1,0,8.4,Annual,Bank Transfer,28.6,No
CUST100765,55,75751.0,711.0,0.0,11223.0,2,1,6.3,Two-Year,UPI,16.3,Yes
CUST100766,47,68754.0,702.0,9.7,7573.0,0,1,4.7,Annual,Card,34.4,Yes
CUST100767,41,52670.0,688.0,2.7,6359.0,0,0,9.0,Annual,UPI,33.2,No
CUST100768,24,65683.0,714.0,3.1,8351.0,0,0,5.4,Monthly,UPI,40.6,Yes
CUST100769,36,59455.0,703.0,0.6,8955.0,0,1,7.1,Annual,Bank Transfer,24.8,Yes
CUST100770,49,47709.0,693.0,1.0,7033.0,0,0,7.8,Annual,UPI,30.8,Yes
CUST100771,65,58623.0,655.0,5.8,10355.0,5,0,7.0,Annual,UPI,38.3,Yes
CUST100772,18,69364.0,783.0,0.9,5163.0,4,1,2.8,Monthly,Bank Transfer,16.9,No
CUST100773,52,48121.0,632.0,6.9,5146.0,0,1,7.7,Annual,Card,45.3,Yes
CUST100774,58,47262.0,714.0,2.4,9796.0,0,0,9.3,Monthly,UPI,32.2,Yes
CUST100775,63,35075.0,672.0,0.6,4410.0,1,0,8.3,Annual,Auto Debit,15.5,Yes
CUST100776,38,73596.0,787.0,2.8,11052.0,0,1,3.4,Annual,Auto Debit,15.4,Yes
CUST100777,23,76997.0,640.0,5.6,8450.0,0,0,10.0,Monthly,Bank Transfer,30.5,No
CUST100778,31,70097.0,650.0,3.6,2102.0,2,1,4.7,Annual,Bank Transfer,23.7,No
CUST100779,58,86234.0,637.0,4.6,8883.0,1,0,5.2,Monthly,Auto Debit,43.3,Yes
CUST100780,60,66933.0,708.0,6.7,2602.0,1,0,8.3,Annual,Auto Debit,27.7,No
CUST100781,48,73624.0,614.0,8.0,10927.0,1,1,7.8,Annual,UPI,36.5,No
CUST100782,23,71684.0,664.0,3.5,7629.0,1,2,7.1,Monthly,UPI,19.3,No
CUST100783,23,62986.0,572.0,1.2,14979.0,3,0,6.0,Monthly,Card,31.7,Yes
CUST100784,40,53322.0,703.0,4.7,12250.0,3,3,9.3,Annual,Card,51.7,No
CUST100785,46,113711.0,662.0,6.0,4788.0,1,3,6.9,Annual,Auto Debit,29.8,No
CUST100786,19,55057.0,608.0,0.0,1427.0,0,3,4.3,Monthly,Bank Transfer,23.7,Yes
CUST100787,50,50351.0,,1.7,5857.0,2,1,9.1,Monthly,Auto Debit,19.0,Yes
CUST100788,44,74548.0,618.0,2.2,4226.0,5,0,7.4,Monthly,Bank Transfer,31.7,No
CUST100789,18,70541.0,734.0,3.8,14890.0,0,0,8.9,Annual,Bank Transfer,53.1,No
CUST100790,22,34095.0,651.0,2.1,8464.0,0,1,8.0,Monthly,Auto Debit,11.5,No
CUST100791,39,89699.0,778.0,6.8,11767.0,1,3,10.0,Annual,Bank Transfer,31.3,No
CUST100792,52,62928.0,731.0,0.0,7502.0,2,1,6.5,Annual,Auto Debit,6.3,Yes
CUST100793,57,40560.0,635.0,0.0,7871.0,1,1,7.0,Two-Year,Card,25.8,No
CUST100794,38,91153.0,640.0,3.4,8386.0,2,1,8.2,Two-Year,Card,35.9,No
CUST100795,32,78765.0,723.0,3.9,12373.0,1,0,6.5,Monthly,Bank Transfer,8.3,No
CUST100796,64,37180.0,676.0,0.0,9591.0,1,1,8.4,Annual,Auto Debit,25.3,Yes
CUST100797,40,104098.0,681.0,2.6,4799.0,0,1,2.0,Annual,UPI,36.4,Yes
CUST100798,33,79494.0,760.0,3.2,14179.0,1,1,6.9,Two-Year,Bank Transfer,34.0,No
CUST100799,39,64776.0,649.0,3.2,7475.0,1,2,6.8,Annual,UPI,37.1,No
CUST100800,18,99985.0,695.0,5.0,6906.0,1,0,6.8,Monthly,Auto Debit,17.4,No
CUST100801,32,68505.0,743.0,2.4,1000.0,2,1,5.5,Two-Year,Bank Transfer,36.4,No
CUST100802,42,64382.0,735.0,9.2,10720.0,1,1,8.5,Monthly,UPI,23.0,Yes
CUST100803,62,50473.0,681.0,6.1,8854.0,3,1,6.1,Two-Year,UPI,42.7,Yes
CUST100804,53,77801.0,674.0,1.9,8850.0,2,1,,Monthly,Bank Transfer,2.0,Yes
CUST100805,55,75485.0,594.0,4.8,7090.0,0,0,6.9,Annual,UPI,27.7,Yes
CUST100806,44,65323.0,632.0,4.9,6487.0,3,1,7.9,Two-Year,UPI,33.5,No
CUST100807,23,47620.0,708.0,8.4,7206.0,3,3,9.4,Annual,UPI,52.2,No
CUST100808,36,67858.0,682.0,2.6,10121.0,1,2,7.3,Annual,UPI,33.3,No
CUST100809,65,63464.0,694.0,7.0,10737.0,0,0,8.4,Monthly,Card,34.8,Yes
CUST100810,20,35664.0,747.0,4.6,7691.0,1,2,7.2,Monthly,Bank Transfer,37.6,No
CUST100811,60,32620.0,625.0,9.3,11821.0,2,0,6.1,Monthly,Auto Debit,50.8,Yes
CUST100812,50,77433.0,677.0,8.6,8224.0,2,2,6.8,Annual,Bank Transfer,26.3,Yes
CUST100813,31,18000.0,700.0,5.1,6735.0,1,1,6.5,Monthly,Auto Debit,11.0,Yes
CUST100814,55,69519.0,651.0,3.7,9194.0,2,0,8.0,Monthly,Auto Debit,8.1,No
CUST100815,58,54482.0,769.0,6.1,3742.0,1,1,7.2,Monthly,UPI,42.0,No
CUST100816,20,93781.0,740.0,3.9,9315.0,1,1,5.6,Two-Year,Bank Transfer,35.3,No
CUST100817,23,54144.0,706.0,9.9,3102.0,3,1,6.6,Two-Year,UPI,28.2,No
CUST100818,49,79509.0,789.0,4.8,4903.0,2,2,4.4,Monthly,Auto Debit,23.2,Yes
CUST100819,65,56268.0,608.0,3.2,1435.0,1,2,6.7,Two-Year,Auto Debit,34.7,Yes
CUST100820,19,67502.0,690.0,3.0,7887.0,0,4,7.0,Monthly,UPI,35.1,Yes
CUST100821,49,81210.0,710.0,0.6,14134.0,1,0,10.0,Monthly,UPI,39.2,No
CUST100822,24,54824.0,640.0,6.3,8090.0,1,0,9.3,Monthly,Card,15.4,No
CUST100823,49,86924.0,707.0,1.9,10753.0,1,0,5.2,Two-Year,Bank Transfer,5.5,Yes
CUST100824,47,43139.0,629.0,8.0,16733.0,0,1,7.3,Monthly,Bank Transfer,18.3,No
CUST100825,22,71481.0,728.0,0.4,9914.0,2,1,7.4,Monthly,UPI,11.7,No
CUST100826,50,85298.0,748.0,4.9,5822.0,3,0,6.6,Two-Year,Bank Transfer,11.0,Yes
CUST100827,61,79521.0,705.0,8.2,6304.0,0,1,6.7,Annual,Bank Transfer,55.5,No
CUST100828,59,107162.0,588.0,0.0,8502.0,1,2,6.4,Annual,Auto Debit,2.0,Yes
CUST100829,19,48204.0,637.0,11.0,6285.0,2,2,10.0,Annual,Card,39.0,No
CUST100830,29,34659.0,721.0,3.1,6547.0,0,1,6.3,Annual,UPI,45.6,Yes
CUST100831,29,43125.0,691.0,5.0,11948.0,2,0,7.6,Monthly,Bank Transfer,46.8,Yes
CUST100832,39,79530.0,542.0,6.3,12092.0,3,1,2.7,Annual,Bank Transfer,36.2,Yes
CUST100833,24,75954.0,758.0,6.8,2736.0,1,3,8.4,Monthly,Bank Transfer,51.8,No
CUST100834,59,67250.0,698.0,5.4,5636.0,1,0,9.0,Monthly,Bank Transfer,58.8,Yes
CUST100835,55,40295.0,645.0,7.7,6876.0,2,0,5.2,Two-Year,UPI,27.5,Yes
CUST100836,56,81871.0,745.0,6.2,10597.0,1,1,6.1,Monthly,UPI,38.7,No
CUST100837,27,38056.0,653.0,10.1,12501.0,0,0,7.8,Monthly,Card,51.1,No
CUST100838,18,90497.0,652.0,6.2,17957.0,1,0,7.0,Monthly,Auto Debit,19.1,No
CUST100839,61,127864.0,710.0,10.8,6870.0,1,0,7.8,Two-Year,Bank Transfer,28.3,No
CUST100840,31,73062.0,788.0,7.4,7045.0,2,1,6.5,Two-Year,Bank Transfer,22.6,No
CUST100841,49,77828.0,779.0,0.0,10560.0,2,0,10.0,Monthly,Auto Debit,38.9,No
CUST100842,61,54157.0,710.0,12.9,6112.0,2,0,5.9,Monthly,Card,3.5,Yes
CUST100843,19,25175.0,715.0,2.7,8007.0,2,0,10.0,Annual,Card,53.5,No
CUST100844,18,51740.0,734.0,9.3,7047.0,2,2,9.1,Annual,Bank Transfer,40.0,No
CUST100845,18,40956.0,621.0,4.6,1000.0,1,1,8.4,Monthly,UPI,40.8,No
CUST100846,25,33166.0,725.0,7.9,8931.0,1,1,5.2,Monthly,Card,2.0,Yes
CUST100847,20,102892.0,650.0,2.3,7862.0,3,0,8.5,Annual,Bank Transfer,16.4,No
CUST100848,57,71003.0,708.0,6.5,12949.0,0,2,8.0,Monthly,Card,54.4,Yes
CUST100849,47,73353.0,677.0,3.7,8519.0,3,1,3.4,Annual,UPI,29.3,Yes
CUST100850,65,58202.0,718.0,9.6,4108.0,2,0,4.6,Monthly,Card,6.1,Yes
CUST100851,56,61197.0,696.0,5.9,7597.0,0,0,7.6,Two-Year,Auto Debit,35.3,No
CUST100852,64,86220.0,521.0,7.5,1181.0,1,1,6.8,Annual,Card,42.2,No
CUST100853,29,64289.0,700.0,0.0,4262.0,1,0,,Annual,Auto Debit,40.0,Yes
CUST100854,31,76675.0,725.0,4.2,10724.0,3,0,,Annual,Bank Transfer,29.7,No
CUST100855,58,60688.0,715.0,5.8,7634.0,1,0,5.5,Monthly,UPI,49.0,Yes
CUST100856,29,57473.0,684.0,5.2,11729.0,1,0,6.2,Monthly,Auto Debit,21.5,No
CUST100857,20,34048.0,780.0,7.6,1616.0,2,1,5.9,Annual,Bank Transfer,40.1,No
CUST100858,50,21490.0,707.0,3.3,7651.0,4,1,7.9,Annual,Bank Transfer,34.0,Yes
CUST100859,56,59246.0,714.0,4.7,6836.0,0,1,4.1,Two-Year,Bank Transfer,30.0,No
CUST100860,64,66243.0,747.0,8.3,11845.0,2,0,6.2,Monthly,UPI,26.3,No
CUST100861,62,36705.0,710.0,0.0,10855.0,2,2,4.1,Annual,Card,26.8,Yes
CUST100862,23,64242.0,641.0,6.4,10748.0,2,0,6.5,Monthly,Auto Debit,32.5,No
CUST100863,55,66183.0,556.0,3.4,13895.0,0,0,8.2,Monthly,Bank Transfer,27.6,Yes
CUST100864,58,18000.0,664.0,1.6,7212.0,4,0,8.3,Monthly,Card,43.0,Yes
CUST100865,51,44867.0,732.0,5.6,13173.0,3,2,5.8,Two-Year,Card,24.0,Yes
CUST100866,57,73960.0,671.0,8.4,4845.0,1,0,7.9,Annual,Bank Transfer,55.5,No
CUST100867,58,,734.0,7.8,4717.0,3,0,,Annual,Card,23.3,Yes
CUST100868,39,39619.0,698.0,4.1,11135.0,3,0,9.3,Annual,Card,45.8,No
CUST100869,19,68486.0,761.0,7.3,3233.0,2,1,6.8,Monthly,Bank Transfer,46.4,Yes
CUST100870,39,87493.0,674.0,7.3,10505.0,2,6,1.9,Monthly,Card,34.5,Yes
CUST100871,27,82096.0,716.0,4.2,8855.0,2,0,8.5,Monthly,Bank Transfer,33.2,No
CUST100872,23,62904.0,718.0,2.3,12251.0,1,0,6.2,Monthly,Bank Transfer,21.1,Yes
CUST100873,23,54705.0,773.0,2.5,8292.0,1,1,6.5,Monthly,Bank Transfer,24.2,Yes
CUST100874,51,51154.0,596.0,7.2,8696.0,0,0,7.6,Monthly,Bank Transfer,35.3,Yes
CUST100875,42,75292.0,665.0,4.4,10282.0,1,2,4.6,Annual,Card,31.3,Yes
CUST100876,43,69292.0,737.0,1.2,6181.0,2,0,7.1,Two-Year,Bank Transfer,49.7,No
CUST100877,53,78847.0,775.0,0.0,6028.0,3,0,7.9,Two-Year,Bank Transfer,25.2,No
CUST100878,44,67901.0,703.0,7.2,10161.0,1,1,7.6,Monthly,Card,26.1,Yes
CUST100879,48,83013.0,674.0,2.8,8397.0,0,1,6.0,Annual,Card,7.0,Yes
CUST100880,22,67081.0,732.0,5.6,7074.0,1,0,8.7,Monthly,Bank Transfer,41.7,No
CUST100881,58,82263.0,738.0,8.5,8210.0,3,0,5.3,Monthly,Bank Transfer,40.3,Yes
CUST100882,39,84158.0,670.0,0.3,14081.0,1,1,5.9,Annual,Card,46.7,Yes
CUST100883,25,47300.0,708.0,4.4,6949.0,2,1,6.8,Monthly,Card,47.5,Yes
CUST100884,57,25221.0,755.0,4.0,6848.0,2,1,7.5,Annual,Auto Debit,43.8,No
CUST100885,53,98957.0,794.0,5.7,2524.0,2,0,6.4,Two-Year,Bank Transfer,44.5,No
CUST100886,20,70646.0,731.0,8.5,8352.0,1,3,9.1,Monthly,Bank Transfer,41.2,Yes
CUST100887,27,27281.0,692.0,0.2,10799.0,0,0,7.5,Two-Year,Card,43.5,No
CUST100888,18,49296.0,687.0,6.3,11427.0,1,1,7.1,Monthly,Auto Debit,4.4,Yes
CUST100889,30,81981.0,721.0,7.8,8879.0,0,4,7.4,Two-Year,Card,15.5,No
CUST100890,22,58847.0,684.0,3.9,11845.0,0,1,8.2,Annual,Auto Debit,13.1,No
CUST100891,52,53735.0,700.0,4.1,11059.0,2,2,7.4,Monthly,UPI,51.1,Yes
CUST100892,43,95819.0,632.0,5.8,12395.0,1,1,3.9,Monthly,UPI,20.3,Yes
CUST100893,65,41960.0,761.0,5.6,11945.0,2,2,8.9,Monthly,Bank Transfer,22.7,Yes
CUST100894,53,47441.0,627.0,6.4,13995.0,2,0,7.2,Annual,Auto Debit,32.1,No
CUST100895,47,69651.0,666.0,6.3,7906.0,0,1,8.2,Monthly,UPI,13.3,Yes
CUST100896,42,73590.0,695.0,1.4,3855.0,1,1,6.3,Two-Year,Bank Transfer,37.7,No
CUST100897,20,75920.0,800.0,7.7,10823.0,0,0,3.9,Monthly,Card,2.0,No
CUST100898,21,85047.0,667.0,8.2,11232.0,3,0,3.1,Two-Year,UPI,14.3,Yes
CUST100899,47,69369.0,653.0,5.1,13995.0,3,2,5.4,Monthly,Card,35.0,Yes
CUST100900,18,75766.0,,0.0,12985.0,2,2,7.9,Annual,Bank Transfer,13.4,Yes
CUST100901,20,59297.0,781.0,4.1,15309.0,5,0,9.2,Two-Year,Bank Transfer,51.5,No
CUST100902,28,66379.0,535.0,5.1,10669.0,0,1,7.5,Monthly,Auto Debit,32.7,No
CUST100903,60,67366.0,635.0,0.8,9301.0,3,3,5.2,Monthly,Auto Debit,49.0,Yes
CUST100904,40,69732.0,840.0,3.3,3653.0,1,3,5.7,Annual,UPI,37.4,Yes
CUST100905,52,81996.0,722.0,0.0,9578.0,0,1,9.3,Annual,Auto Debit,31.8,No
CUST100906,37,77213.0,629.0,6.4,6566.0,0,3,4.8,Two-Year,UPI,17.1,Yes
CUST100907,26,65973.0,688.0,5.0,9240.0,0,1,10.0,Monthly,Auto Debit,45.9,Yes
CUST100908,35,47199.0,694.0,0.0,8691.0,2,1,10.0,Two-Year,Auto Debit,38.6,No
CUST100909,22,66489.0,737.0,5.6,10151.0,1,2,10.0,Two-Year,Auto Debit,63.3,No
CUST100910,54,64384.0,791.0,4.3,8159.0,1,0,7.6,Annual,UPI,44.4,No
CUST100911,26,69250.0,711.0,6.2,11773.0,0,0,6.4,Monthly,UPI,26.0,Yes
CUST100912,36,113544.0,660.0,3.2,1000.0,1,0,7.6,Monthly,Auto Debit,36.3,No
CUST100913,65,53477.0,733.0,1.9,9165.0,0,0,8.5,Two-Year,Card,38.3,Yes
CUST100914,46,74290.0,652.0,2.0,12709.0,0,1,5.9,Annual,Card,49.4,Yes
CUST100915,40,88506.0,633.0,2.8,15045.0,1,0,5.1,Annual,Card,51.8,Yes
CUST100916,44,,593.0,4.6,11062.0,1,1,6.5,Two-Year,UPI,29.6,Yes
CUST100917,55,116433.0,604.0,5.0,14397.0,0,0,5.7,Monthly,UPI,13.8,Yes
CUST100918,30,56683.0,641.0,3.9,9091.0,2,1,9.1,Annual,UPI,4.2,Yes
CUST100919,48,72130.0,625.0,3.1,8510.0,1,3,6.0,Annual,Auto Debit,14.9,Yes
CUST100920,59,47426.0,707.0,3.4,10353.0,1,2,7.2,Two-Year,UPI,23.1,Yes
CUST100921,45,57266.0,624.0,12.5,8489.0,2,0,8.7,Annual,Auto Debit,54.6,No
CUST100922,39,70477.0,517.0,2.0,5762.0,0,2,9.2,Annual,UPI,54.8,No
CUST100923,24,83619.0,633.0,2.7,6697.0,3,0,7.4,Monthly,Bank Transfer,46.4,No
CUST100924,29,72020.0,664.0,15.0,4607.0,0,0,7.7,Two-Year,Card,50.5,No
CUST100925,63,92701.0,657.0,5.8,10349.0,1,1,5.3,Annual,Auto Debit,21.4,Yes
CUST100926,43,62911.0,774.0,0.1,8540.0,1,1,8.7,Monthly,UPI,9.3,No
CUST100927,32,57692.0,656.0,7.2,7239.0,1,0,9.1,Two-Year,Bank Transfer,16.9,No
CUST100928,38,124488.0,738.0,1.6,6517.0,4,0,3.8,Monthly,Auto Debit,2.0,Yes
CUST100929,45,73673.0,689.0,7.4,10268.0,1,5,10.0,Monthly,Card,15.3,No
CUST100930,43,49171.0,688.0,3.8,11232.0,3,0,5.8,Two-Year,Card,24.4,Yes
CUST100931,51,49726.0,644.0,3.1,4543.0,4,2,8.0,Annual,UPI,34.5,Yes
CUST100932,30,44261.0,687.0,9.6,3993.0,3,1,7.1,Two-Year,Auto Debit,34.0,Yes
CUST100933,49,85605.0,648.0,6.3,11841.0,3,2,6.9,Two-Year,Auto Debit,21.7,No
CUST100934,39,56984.0,699.0,7.6,3687.0,2,2,6.6,Annual,Card,40.5,Yes
CUST100935,63,67802.0,677.0,5.9,10416.0,2,1,5.3,Monthly,Bank Transfer,21.9,No
CUST100936,25,63603.0,638.0,3.1,14159.0,1,0,7.9,Two-Year,Auto Debit,32.2,No
CUST100937,25,81093.0,745.0,6.5,14167.0,3,0,6.5,Annual,Card,15.4,No
CUST100938,40,46372.0,713.0,8.4,11083.0,0,0,4.8,Annual,UPI,48.3,Yes
CUST100939,42,41337.0,665.0,4.9,10981.0,1,0,5.2,Annual,UPI,32.3,Yes
CUST100940,51,69935.0,698.0,10.3,16382.0,1,1,4.8,Monthly,Auto Debit,42.2,Yes
CUST100941,37,78221.0,685.0,7.2,1000.0,1,1,6.1,Monthly,Auto Debit,13.8,No
CUST100942,61,72316.0,642.0,5.2,6875.0,2,0,7.8,Annual,UPI,34.6,No
CUST100943,40,47192.0,694.0,5.3,11470.0,1,3,5.8,Annual,Auto Debit,40.6,No
CUST100944,24,79905.0,656.0,4.9,7319.0,3,1,8.7,Monthly,Auto Debit,2.0,No
CUST100945,23,48635.0,638.0,0.5,12839.0,2,2,6.8,Monthly,Bank Transfer,49.5,Yes
CUST100946,64,53526.0,601.0,4.2,8362.0,1,2,6.5,Monthly,Card,13.3,Yes
CUST100947,24,44233.0,670.0,5.2,8961.0,3,0,7.0,Annual,Auto Debit,35.2,No
CUST100948,63,93625.0,721.0,3.2,7539.0,0,1,9.4,Monthly,Auto Debit,58.8,Yes
CUST100949,31,78935.0,652.0,5.6,6671.0,3,0,4.7,Annual,Card,46.3,Yes
CUST100950,22,78310.0,829.0,4.6,6585.0,0,0,9.8,Annual,Card,9.7,No
CUST100951,32,92439.0,739.0,7.0,9449.0,3,1,8.6,Monthly,Auto Debit,29.3,Yes
CUST100952,47,126878.0,762.0,6.6,5789.0,1,2,7.0,Annual,Auto Debit,50.5,No
CUST100953,38,27397.0,734.0,5.0,11836.0,1,0,9.0,Two-Year,Bank Transfer,19.7,No
CUST100954,55,48756.0,792.0,0.1,10786.0,1,1,6.5,Monthly,Bank Transfer,26.6,Yes
CUST100955,47,51444.0,647.0,10.2,12348.0,1,0,7.5,Monthly,Bank Transfer,26.2,Yes
CUST100956,37,46282.0,549.0,4.0,4549.0,1,0,6.1,Monthly,Card,40.6,Yes
CUST100957,48,41293.0,665.0,4.2,2552.0,2,2,8.6,Annual,Auto Debit,8.9,Yes
CUST100958,64,58408.0,721.0,3.4,8485.0,0,0,5.8,Two-Year,Card,41.4,Yes
CUST100959,37,38235.0,698.0,2.9,18646.0,1,1,6.9,Annual,Auto Debit,22.7,Yes
CUST100960,25,72371.0,705.0,9.4,12932.0,1,0,8.2,Two-Year,Auto Debit,31.8,No
CUST100961,37,66137.0,763.0,8.9,6559.0,3,2,8.8,Annual,Card,28.6,No
CUST100962,58,75583.0,711.0,5.9,9986.0,3,2,5.6,Monthly,Auto Debit,41.0,Yes
CUST100963,28,76170.0,734.0,4.2,11047.0,3,0,8.3,Monthly,Auto Debit,31.7,Yes
CUST100964,63,78266.0,638.0,6.5,3711.0,1,1,5.3,Annual,Card,53.6,No
CUST100965,46,56785.0,630.0,4.7,13294.0,2,1,3.3,Annual,Bank Transfer,46.8,Yes
CUST100966,46,111665.0,779.0,3.9,7914.0,1,0,5.7,Annual,Bank Transfer,20.1,No
CUST100967,33,70157.0,696.0,5.6,8183.0,1,2,8.4,Annual,UPI,52.5,No
CUST100968,62,24025.0,,3.1,8583.0,3,1,7.0,Monthly,Bank Transfer,36.8,Yes
CUST100969,19,42948.0,656.0,5.3,12506.0,2,2,6.1,Monthly,Bank Transfer,34.5,Yes
CUST100970,32,26709.0,654.0,5.2,5857.0,1,3,7.1,Annual,Bank Transfer,44.7,No
CUST100971,38,65381.0,651.0,6.4,2526.0,3,1,7.0,Annual,Card,16.4,Yes
CUST100972,40,62320.0,619.0,2.5,9630.0,0,0,8.1,Two-Year,Bank Transfer,11.3,No
CUST100973,40,54695.0,607.0,6.8,1347.0,1,1,4.3,Monthly,Bank Transfer,32.4,Yes
CUST100974,25,109240.0,679.0,1.6,7446.0,1,0,6.8,Two-Year,Auto Debit,22.9,Yes
CUST100975,28,77078.0,657.0,2.7,12654.0,2,0,7.2,Monthly,Card,63.1,Yes
CUST100976,22,80974.0,,2.8,10527.0,1,1,4.7,Monthly,UPI,20.5,No
CUST100977,45,44516.0,706.0,1.1,12148.0,2,0,4.7,Two-Year,UPI,32.6,Yes
CUST100978,34,43019.0,705.0,7.8,10671.0,2,0,6.4,Two-Year,Auto Debit,34.9,No
CUST100979,45,65810.0,649.0,1.4,16936.0,2,0,7.0,Two-Year,UPI,50.5,Yes
CUST100980,46,68806.0,683.0,2.3,6441.0,0,1,7.0,Monthly,Card,17.1,Yes
CUST100981,51,24161.0,710.0,8.5,9893.0,0,0,6.1,Monthly,Auto Debit,7.8,Yes
CUST100982,44,61033.0,729.0,2.7,6967.0,2,1,6.0,Annual,UPI,52.9,No
CUST100983,49,65310.0,685.0,3.9,11849.0,2,1,6.3,Two-Year,UPI,33.2,Yes
CUST100984,46,60267.0,749.0,1.3,8284.0,3,1,7.5,Annual,Bank Transfer,44.1,Yes
CUST100985,49,47105.0,690.0,7.2,14516.0,0,1,,Monthly,Bank Transfer,44.9,No
CUST100986,47,53130.0,734.0,7.2,6642.0,1,1,3.2,Annual,UPI,47.5,Yes
CUST100987,33,61109.0,663.0,6.9,13425.0,2,2,8.1,Monthly,Bank Transfer,26.3,Yes
CUST100988,29,66998.0,590.0,6.2,10576.0,1,3,6.8,Monthly,Bank Transfer,22.3,Yes
CUST100989,55,78305.0,705.0,4.7,8386.0,4,0,7.9,Annual,UPI,2.1,Yes
CUST100990,34,88779.0,730.0,2.8,10399.0,0,1,9.0,Monthly,Card,17.1,Yes
CUST100991,44,58524.0,722.0,1.9,9414.0,4,2,5.7,Annual,Card,32.9,Yes
CUST100992,27,54965.0,713.0,8.6,9746.0,2,0,8.6,Annual,Auto Debit,21.5,No
CUST100993,38,74628.0,671.0,6.9,7776.0,1,2,4.9,Monthly,Card,14.9,Yes
CUST100994,43,78439.0,646.0,2.3,6044.0,2,1,7.2,Monthly,Auto Debit,32.8,No
CUST100995,48,55448.0,720.0,4.6,7327.0,1,1,6.6,Two-Year,Auto Debit,52.1,Yes
CUST100996,43,82389.0,713.0,3.5,2609.0,2,1,7.1,Annual,UPI,31.2,Yes
CUST100997,35,86551.0,659.0,0.9,11447.0,1,0,5.3,Two-Year,Auto Debit,15.0,No
CUST100998,64,93417.0,751.0,5.1,4177.0,1,0,7.7,Monthly,UPI,51.1,Yes
CUST100999,42,104123.0,641.0,3.2,7738.0,1,0,9.7,Annual,Card,20.4,No
CUST101000,56,45939.0,658.0,1.5,10768.0,2,2,,Two-Year,UPI,54.2,Yes
CUST101001,53,65306.0,780.0,0.0,11438.0,1,0,7.3,Monthly,UPI,28.1,Yes
CUST101002,44,65248.0,738.0,0.0,2289.0,3,1,8.5,Monthly,Bank Transfer,33.5,Yes
CUST101003,60,62842.0,670.0,3.3,8179.0,3,1,6.5,Two-Year,Bank Transfer,55.4,No
CUST101004,24,50716.0,706.0,4.2,10109.0,2,2,9.3,Monthly,Bank Transfer,11.7,No
CUST101005,62,32318.0,699.0,1.7,8682.0,3,5,6.3,Monthly,Card,16.2,Yes
CUST101006,58,67039.0,539.0,6.6,13204.0,3,1,6.8,Two-Year,Auto Debit,27.1,Yes
CUST101007,42,48096.0,640.0,4.3,5624.0,3,2,5.3,Monthly,Card,29.9,Yes
CUST101008,53,66892.0,687.0,6.3,1328.0,1,0,7.2,Annual,Bank Transfer,71.6,No
CUST101009,42,47531.0,670.0,3.9,11336.0,0,0,7.0,Annual,Card,18.7,No
CUST101010,30,40808.0,704.0,2.0,6620.0,2,0,8.1,Annual,UPI,12.4,No
CUST101011,56,70155.0,752.0,4.9,2345.0,6,0,5.9,Monthly,Bank Transfer,18.0,Yes
CUST101012,29,68320.0,672.0,0.5,7945.0,1,0,5.8,Monthly,Auto Debit,35.5,No
CUST101013,33,77744.0,632.0,6.2,12807.0,2,0,7.8,Two-Year,Card,39.4,Yes
CUST101014,42,113089.0,708.0,1.5,4079.0,1,1,9.4,Two-Year,Card,21.4,No
CUST101015,58,71100.0,672.0,7.4,16676.0,4,0,8.1,Monthly,Auto Debit,32.3,No
CUST101016,36,75672.0,681.0,3.4,5567.0,1,0,10.0,Monthly,UPI,61.2,No
CUST101017,41,41294.0,674.0,7.9,8805.0,2,0,7.9,Annual,Card,32.5,No
CUST101018,19,36688.0,813.0,0.9,4233.0,0,0,7.9,Monthly,Card,36.8,No
CUST101019,23,99822.0,567.0,2.3,8646.0,1,1,8.2,Two-Year,Card,60.3,No
CUST101020,20,44683.0,669.0,5.7,8032.0,1,0,9.5,Two-Year,Card,21.5,No
CUST101021,21,42033.0,690.0,8.2,3287.0,4,2,9.1,Monthly,Auto Debit,20.5,Yes
CUST101022,59,64140.0,647.0,9.8,18390.0,3,0,5.2,Two-Year,UPI,25.0,Yes
CUST101023,58,63016.0,739.0,4.6,6766.0,0,1,8.4,Two-Year,Card,24.1,Yes
CUST101024,57,45145.0,735.0,10.4,6769.0,2,0,7.5,Annual,Auto Debit,4.7,Yes
CUST101025,20,58291.0,687.0,3.6,11892.0,1,3,6.7,Two-Year,UPI,34.1,Yes
CUST101026,21,92046.0,,8.0,14850.0,1,3,4.0,Monthly,Bank Transfer,35.3,Yes
CUST101027,31,47268.0,684.0,1.5,12443.0,1,0,4.4,Two-Year,UPI,29.2,Yes
CUST101028,45,34339.0,684.0,5.8,4296.0,1,0,6.4,Monthly,Bank Transfer,35.7,No
CUST101029,34,85737.0,686.0,0.0,9249.0,1,1,4.5,Monthly,Bank Transfer,35.9,Yes
CUST101030,41,75831.0,680.0,0.9,1915.0,3,0,6.4,Annual,Bank Transfer,12.3,Yes
CUST101031,26,51349.0,704.0,6.0,11656.0,0,0,8.2,Monthly,Bank Transfer,36.3,Yes
CUST101032,53,30192.0,731.0,0.3,2777.0,6,0,6.0,Annual,Bank Transfer,40.4,Yes
CUST101033,33,48618.0,622.0,5.9,5689.0,4,1,7.1,Monthly,Bank Transfer,8.0,Yes
CUST101034,21,63797.0,632.0,7.4,8489.0,1,0,5.2,Monthly,Bank Transfer,53.9,No
CUST101035,53,90645.0,594.0,2.9,10058.0,2,2,7.5,Annual,UPI,13.5,Yes
CUST101036,61,42195.0,738.0,1.4,7587.0,2,1,7.9,Monthly,UPI,14.9,Yes
CUST101037,18,63141.0,704.0,3.0,13817.0,1,0,4.6,Monthly,UPI,35.0,Yes
CUST101038,38,79853.0,718.0,1.4,11031.0,3,0,5.7,Monthly,Bank Transfer,40.0,No
CUST101039,57,18000.0,611.0,4.2,10757.0,1,2,4.8,Two-Year,Card,43.7,Yes
CUST101040,51,87743.0,788.0,4.8,4197.0,2,3,7.9,Annual,Card,40.4,Yes
CUST101041,59,38986.0,657.0,3.5,14448.0,3,0,7.3,Annual,Card,24.2,No
CUST101042,37,72304.0,699.0,9.9,5689.0,5,2,6.9,Annual,Auto Debit,33.6,Yes
CUST101043,35,70427.0,737.0,2.2,14581.0,3,1,6.8,Annual,Card,27.2,Yes
CUST101044,52,88861.0,636.0,9.0,15578.0,3,1,7.5,Monthly,Card,34.6,No
CUST101045,25,77120.0,660.0,1.2,10294.0,1,0,7.6,Monthly,Bank Transfer,33.0,No
CUST101046,29,18000.0,700.0,4.7,12112.0,1,0,6.2,Annual,Auto Debit,24.4,Yes
CUST101047,46,47735.0,847.0,8.3,1000.0,0,0,5.9,Monthly,Bank Transfer,26.8,Yes
CUST101048,50,68041.0,707.0,8.1,7817.0,0,0,6.9,Two-Year,Auto Debit,4.2,Yes
CUST101049,23,60710.0,778.0,3.2,12358.0,0,2,6.7,Monthly,Bank Transfer,44.5,Yes
CUST101050,42,75507.0,756.0,6.3,11736.0,0,0,10.0,Annual,Auto Debit,36.5,No
CUST101051,35,82366.0,710.0,5.8,4231.0,2,0,6.3,Monthly,Bank Transfer,2.0,Yes
CUST101052,42,78386.0,636.0,2.8,7472.0,4,0,7.5,Annual,Bank Transfer,43.9,No
CUST101053,64,60286.0,748.0,6.5,1000.0,3,0,7.8,Two-Year,Bank Transfer,31.2,No
CUST101054,21,24381.0,608.0,10.5,9945.0,1,2,9.4,Monthly,Card,17.9,No
CUST101055,65,54979.0,778.0,6.0,1908.0,1,2,5.6,Monthly,UPI,16.6,No
CUST101056,39,74160.0,701.0,6.3,12457.0,2,0,9.3,Annual,Card,21.7,Yes
CUST101057,55,41010.0,544.0,6.7,12640.0,0,0,6.7,Monthly,Bank Transfer,18.0,Yes
CUST101058,38,78888.0,671.0,0.0,6840.0,1,0,10.0,Monthly,Bank Transfer,20.0,Yes
CUST101059,32,84985.0,726.0,6.0,10324.0,2,1,7.6,Annual,UPI,57.5,No
CUST101060,54,67791.0,677.0,1.2,7740.0,0,1,4.9,Monthly,Auto Debit,37.6,Yes
CUST101061,51,18000.0,729.0,2.6,9347.0,1,0,6.7,Monthly,Bank Transfer,62.5,Yes
CUST101062,24,36882.0,643.0,11.4,4485.0,3,1,9.3,Monthly,Bank Transfer,35.4,No
CUST101063,51,106496.0,618.0,3.7,10679.0,0,1,7.1,Monthly,Card,40.7,No
CUST101064,54,52976.0,686.0,2.1,2756.0,2,0,6.9,Two-Year,Bank Transfer,18.8,Yes
CUST101065,36,21349.0,692.0,8.2,2095.0,2,0,8.2,Monthly,Bank Transfer,29.5,Yes
CUST101066,62,92175.0,671.0,1.5,8073.0,1,1,6.4,Monthly,Card,30.8,Yes
CUST101067,48,,758.0,3.1,7761.0,3,1,6.6,Annual,Auto Debit,41.3,No
CUST101068,34,89309.0,643.0,8.5,9453.0,0,1,5.4,Two-Year,UPI,31.3,Yes
CUST101069,18,71093.0,707.0,4.6,6227.0,3,1,9.9,Monthly,Card,37.3,No
CUST101070,50,75088.0,694.0,0.0,15100.0,1,0,4.9,Annual,Card,36.7,Yes
CUST101071,28,72986.0,604.0,6.2,9062.0,1,2,7.3,Annual,UPI,27.5,No
CUST101072,54,80345.0,617.0,3.2,9315.0,1,0,7.8,Monthly,UPI,25.9,No
CUST101073,43,115103.0,691.0,9.4,9190.0,1,0,7.0,Monthly,Auto Debit,22.0,Yes
CUST101074,40,86362.0,799.0,2.6,12010.0,1,1,4.9,Annual,Auto Debit,48.2,Yes
CUST101075,25,30233.0,722.0,7.9,10516.0,1,0,5.3,Monthly,Card,27.5,Yes
CUST101076,52,74827.0,595.0,10.2,10047.0,2,0,7.9,Monthly,Card,36.9,No
CUST101077,25,90113.0,519.0,1.8,11076.0,2,2,5.7,Annual,Card,29.7,No
CUST101078,38,91459.0,730.0,3.9,2114.0,5,1,3.5,Monthly,Bank Transfer,47.9,Yes
CUST101079,58,55615.0,685.0,5.7,2246.0,2,0,7.7,Monthly,Card,2.2,No
CUST101080,62,90629.0,753.0,1.8,8234.0,2,1,5.5,Monthly,UPI,36.5,Yes
CUST101081,65,85410.0,642.0,5.4,7808.0,4,0,8.1,Two-Year,Card,13.2,No
CUST101082,63,121595.0,709.0,3.8,10529.0,3,1,6.7,Annual,Bank Transfer,37.9,Yes
CUST101083,44,48500.0,737.0,3.7,8570.0,2,1,6.6,Monthly,Bank Transfer,29.8,Yes
CUST101084,27,53837.0,,4.7,10537.0,3,0,7.1,Monthly,UPI,9.8,Yes
CUST101085,58,58265.0,667.0,4.7,4140.0,3,0,5.1,Two-Year,Auto Debit,37.1,Yes
CUST101086,56,54215.0,691.0,5.0,8462.0,2,1,5.6,Annual,Bank Transfer,35.4,Yes
CUST101087,65,45420.0,720.0,2.6,3806.0,1,1,6.6,Annual,Bank Transfer,28.5,Yes
CUST101088,49,18000.0,689.0,2.7,9854.0,4,1,5.1,Monthly,Auto Debit,30.4,Yes
CUST101089,24,55437.0,744.0,4.1,1926.0,2,0,8.2,Monthly,Bank Transfer,34.4,No
CUST101090,42,73126.0,665.0,4.4,9719.0,2,1,6.5,Monthly,Bank Transfer,49.7,No
CUST101091,39,54149.0,617.0,3.1,3359.0,1,0,4.5,Two-Year,Auto Debit,27.3,No
CUST101092,58,107578.0,799.0,5.5,7158.0,3,0,6.0,Two-Year,Auto Debit,47.2,No
CUST101093,36,65294.0,657.0,0.0,11632.0,1,3,7.2,Monthly,Auto Debit,31.4,Yes
CUST101094,33,93403.0,659.0,2.2,9296.0,1,1,6.2,Annual,Bank Transfer,51.4,No
CUST101095,21,70751.0,686.0,3.6,2740.0,2,0,7.7,Two-Year,UPI,28.5,No
CUST101096,58,83181.0,694.0,1.8,6147.0,5,0,8.0,Two-Year,Card,22.0,No
CUST101097,54,71143.0,669.0,9.7,3245.0,2,0,10.0,Monthly,Bank Transfer,15.5,No
CUST101098,19,95113.0,689.0,4.6,2568.0,5,1,9.0,Monthly,Card,31.5,No
CUST101099,38,66231.0,688.0,5.1,8912.0,2,0,4.2,Two-Year,UPI,20.1,No
CUST101100,41,75915.0,700.0,3.0,10461.0,0,0,6.4,Monthly,Card,53.1,Yes
CUST101101,40,73059.0,560.0,4.4,10042.0,2,2,6.5,Monthly,Card,18.9,Yes
CUST101102,62,58658.0,793.0,0.6,10609.0,1,0,8.0,Monthly,UPI,21.6,Yes
CUST101103,25,73910.0,682.0,4.0,8458.0,2,2,5.4,Annual,Auto Debit,40.7,Yes
CUST101104,32,114156.0,722.0,1.5,7543.0,1,2,6.1,Monthly,Card,49.8,Yes
CUST101105,26,59051.0,614.0,3.6,4744.0,1,0,4.9,Annual,Auto Debit,43.0,No
CUST101106,29,74228.0,664.0,0.0,6960.0,4,0,6.0,Two-Year,Auto Debit,47.9,Yes
CUST101107,61,92671.0,653.0,0.9,3875.0,2,1,6.0,Annual,Auto Debit,30.8,No
CUST101108,63,90086.0,771.0,9.2,5542.0,1,0,6.5,Two-Year,Auto Debit,31.0,Yes
CUST101109,20,65258.0,658.0,7.2,8811.0,1,0,5.0,Two-Year,Card,62.2,Yes
CUST101110,48,18000.0,732.0,8.7,8088.0,0,1,8.7,Annual,UPI,57.4,No
CUST101111,29,76367.0,654.0,8.9,19227.0,3,0,7.8,Annual,UPI,42.7,No
CUST101112,27,18000.0,665.0,6.7,3790.0,0,0,4.5,Two-Year,Bank Transfer,48.6,Yes
CUST101113,32,97339.0,676.0,3.1,8062.0,0,1,7.0,Annual,UPI,44.9,Yes
CUST101114,27,68728.0,761.0,1.2,3517.0,0,1,4.3,Monthly,UPI,13.9,Yes
CUST101115,41,86993.0,586.0,8.2,7143.0,1,1,9.3,Two-Year,UPI,31.4,No
CUST101116,65,45154.0,618.0,4.7,7285.0,1,1,9.7,Annual,Card,54.5,No
CUST101117,46,30845.0,583.0,12.5,11457.0,2,0,6.9,Two-Year,Card,42.8,Yes
CUST101118,52,70737.0,630.0,3.3,6926.0,2,1,5.6,Monthly,Card,31.0,Yes
CUST101119,41,64261.0,645.0,10.8,7830.0,1,1,5.9,Monthly,Bank Transfer,54.6,Yes
CUST101120,18,54186.0,601.0,4.0,6994.0,2,2,6.2,Annual,Auto Debit,37.5,Yes
CUST101121,22,66863.0,650.0,8.8,3596.0,1,1,6.8,Annual,Bank Transfer,43.3,No
CUST101122,30,125884.0,579.0,9.9,6218.0,3,0,9.3,Monthly,Bank Transfer,37.6,No
CUST101123,29,83360.0,634.0,1.2,7163.0,0,1,8.6,Two-Year,UPI,40.1,No
CUST101124,58,88089.0,756.0,2.9,8758.0,4,0,8.7,Annual,UPI,41.2,No
CUST101125,58,83567.0,712.0,1.2,10456.0,5,0,7.3,Monthly,UPI,51.5,Yes
CUST101126,58,97548.0,700.0,0.6,7679.0,2,1,5.0,Annual,Auto Debit,53.4,No
CUST101127,48,60818.0,635.0,6.6,7617.0,2,0,5.7,Monthly,UPI,25.2,Yes
CUST101128,44,19795.0,606.0,3.9,2477.0,0,0,7.1,Annual,Auto Debit,37.3,No
CUST101129,49,60851.0,627.0,4.7,10389.0,3,0,5.0,Monthly,Auto Debit,51.1,No
CUST101130,37,82858.0,688.0,6.3,6064.0,1,0,7.5,Monthly,Auto Debit,30.0,Yes
CUST101131,50,43664.0,738.0,0.0,11115.0,1,0,8.4,Two-Year,Card,12.4,No
CUST101132,56,61120.0,740.0,8.6,13108.0,2,0,7.9,Monthly,UPI,18.4,Yes
CUST101133,54,49781.0,725.0,3.4,7842.0,3,2,7.9,Annual,UPI,19.4,Yes
CUST101134,47,98045.0,649.0,6.2,4918.0,1,0,3.8,Annual,Auto Debit,25.1,Yes
CUST101135,20,81488.0,691.0,6.5,8442.0,3,0,9.3,Monthly,Card,20.8,Yes
CUST101136,52,79334.0,672.0,8.9,9720.0,2,0,4.3,Two-Year,Card,47.4,No
CUST101137,35,78675.0,679.0,4.2,7396.0,2,0,6.7,Monthly,UPI,27.8,Yes
CUST101138,53,64181.0,802.0,0.0,6526.0,1,2,8.1,Annual,Card,50.9,Yes
CUST101139,43,69346.0,593.0,4.7,10472.0,0,0,7.6,Annual,Card,15.0,Yes
CUST101140,60,38926.0,677.0,5.1,10242.0,3,2,4.8,Annual,Bank Transfer,26.7,Yes
CUST101141,34,18000.0,757.0,1.2,7288.0,3,1,5.1,Monthly,Auto Debit,33.6,Yes
CUST101142,62,68302.0,609.0,5.0,2711.0,3,1,7.5,Two-Year,Card,44.2,Yes
CUST101143,58,72128.0,655.0,3.3,10097.0,2,1,7.9,Two-Year,Card,49.2,No
CUST101144,33,91604.0,661.0,0.2,5814.0,0,1,5.1,Monthly,Card,23.9,Yes
CUST101145,41,99569.0,678.0,6.6,9250.0,1,1,7.7,Annual,UPI,46.9,Yes
CUST101146,43,99540.0,602.0,2.7,9029.0,1,0,4.4,Monthly,UPI,6.8,Yes
CUST101147,54,,723.0,3.2,1889.0,0,1,8.1,Monthly,UPI,45.1,Yes
CUST101148,51,57250.0,727.0,3.0,8784.0,0,1,5.5,Monthly,UPI,11.9,Yes
CUST101149,58,75567.0,718.0,8.5,10301.0,0,1,7.1,Monthly,UPI,38.7,Yes
CUST101150,35,120702.0,642.0,4.4,10730.0,0,2,6.9,Annual,UPI,48.9,No
CUST101151,42,97562.0,695.0,4.8,8911.0,2,1,9.0,Monthly,Auto Debit,45.3,No
CUST101152,38,89627.0,641.0,3.1,1580.0,2,0,7.4,Monthly,UPI,7.4,No
CUST101153,61,56469.0,672.0,6.0,12970.0,1,0,6.0,Monthly,Bank Transfer,25.3,Yes
CUST101154,32,45570.0,808.0,8.8,9939.0,1,3,7.6,Monthly,UPI,42.8,No
CUST101155,46,82356.0,695.0,6.6,4288.0,0,0,10.0,Annual,Card,42.3,No
CUST101156,23,40785.0,625.0,6.7,5743.0,3,1,8.3,Annual,Bank Transfer,36.1,No
CUST101157,58,59754.0,700.0,6.4,9309.0,2,2,6.9,Monthly,Bank Transfer,2.0,Yes
CUST101158,36,62475.0,616.0,0.1,10879.0,2,0,5.6,Monthly,Auto Debit,50.0,Yes
CUST101159,34,100044.0,624.0,1.7,6792.0,1,3,6.0,Monthly,Card,52.6,Yes
CUST101160,45,57197.0,633.0,3.8,11389.0,1,0,8.2,Annual,Bank Transfer,34.5,Yes
CUST101161,41,18000.0,666.0,2.2,2225.0,0,3,5.5,Monthly,Card,35.4,Yes
CUST101162,58,76098.0,742.0,1.1,4851.0,2,1,7.0,Annual,Card,39.5,Yes
CUST101163,43,49622.0,722.0,0.0,1275.0,6,0,9.4,Annual,Card,53.9,No
CUST101164,42,65938.0,719.0,0.2,5359.0,1,4,7.3,Monthly,Auto Debit,35.8,Yes
CUST101165,23,63092.0,630.0,3.7,13778.0,0,2,5.2,Monthly,Auto Debit,29.1,Yes
CUST101166,19,58979.0,660.0,4.3,15702.0,1,2,10.0,Monthly,Card,37.7,No
CUST101167,37,82387.0,705.0,2.0,9321.0,3,0,10.0,Monthly,Bank Transfer,31.8,No
CUST101168,65,31277.0,655.0,4.8,6265.0,2,1,7.9,Monthly,Auto Debit,32.0,Yes
CUST101169,62,53626.0,675.0,3.1,7724.0,0,0,9.2,Two-Year,Card,5.5,No
CUST101170,48,,714.0,8.0,10157.0,2,3,6.5,Monthly,Card,39.8,No
CUST101171,48,51490.0,671.0,4.0,3030.0,1,0,8.2,Monthly,Auto Debit,49.6,No
CUST101172,36,29606.0,702.0,6.7,6496.0,2,1,6.3,Two-Year,Card,47.3,Yes
CUST101173,26,79708.0,778.0,5.2,13522.0,2,2,4.7,Two-Year,UPI,46.3,No
CUST101174,18,89708.0,681.0,0.0,4840.0,1,1,10.0,Monthly,Bank Transfer,31.2,No
CUST101175,34,64010.0,755.0,4.2,5878.0,0,2,4.6,Annual,UPI,34.2,Yes
CUST101176,33,21861.0,721.0,0.5,8546.0,1,2,7.5,Monthly,Bank Transfer,49.9,Yes
CUST101177,27,80531.0,609.0,4.2,9491.0,2,0,7.5,Two-Year,UPI,45.0,No
CUST101178,30,28482.0,629.0,2.1,6312.0,3,2,7.9,Annual,Card,54.3,No
CUST101179,19,71794.0,644.0,5.7,8769.0,2,0,6.8,Monthly,UPI,21.9,No
CUST101180,47,45476.0,643.0,0.2,10628.0,0,1,6.9,Monthly,Bank Transfer,21.8,Yes
CUST101181,62,39484.0,685.0,4.5,15365.0,0,0,7.2,Monthly,UPI,27.0,No
CUST101182,51,55278.0,724.0,6.3,8058.0,1,0,7.8,Annual,Card,17.9,No
CUST101183,39,60967.0,759.0,7.4,8355.0,3,1,7.0,Monthly,Auto Debit,12.2,Yes
CUST101184,38,50827.0,707.0,2.1,13846.0,0,0,6.9,Annual,Auto Debit,39.0,No
CUST101185,32,77951.0,665.0,4.6,6578.0,2,0,4.8,Monthly,Card,38.0,Yes
CUST101186,24,55186.0,575.0,5.1,3865.0,1,1,10.0,Annual,Bank Transfer,35.7,No
CUST101187,46,86564.0,694.0,9.5,9376.0,1,0,7.9,Monthly,Card,37.3,Yes
CUST101188,45,71186.0,691.0,0.0,12267.0,0,1,7.4,Two-Year,UPI,10.0,Yes
CUST101189,18,49654.0,700.0,1.6,9764.0,2,1,5.9,Monthly,UPI,24.8,Yes
CUST101190,37,45949.0,806.0,13.5,8160.0,3,2,5.3,Monthly,Auto Debit,27.6,Yes
CUST101191,31,28755.0,758.0,3.6,3431.0,1,1,8.5,Monthly,UPI,32.7,Yes
CUST101192,26,71396.0,733.0,0.0,8296.0,2,0,6.7,Annual,Card,10.1,Yes
CUST101193,51,57199.0,637.0,2.6,12816.0,0,0,8.1,Monthly,UPI,18.1,Yes
CUST101194,43,18000.0,662.0,0.0,4181.0,1,0,4.7,Monthly,Auto Debit,25.5,Yes
CUST101195,48,53214.0,685.0,5.3,7643.0,0,1,9.6,Monthly,UPI,47.9,No
CUST101196,52,45177.0,647.0,7.1,7144.0,1,2,8.5,Monthly,Bank Transfer,35.9,Yes
CUST101197,65,99665.0,718.0,1.6,6058.0,3,0,6.9,Two-Year,Card,47.3,Yes
CUST101198,56,27539.0,710.0,3.0,9368.0,2,1,7.8,Monthly,Bank Transfer,30.2,Yes
CUST101199,47,33290.0,630.0,7.5,10052.0,2,0,8.3,Two-Year,UPI,32.0,No
CUST101200,60,89419.0,756.0,0.0,10015.0,1,0,4.7,Two-Year,UPI,39.5,Yes
CUST101201,40,94849.0,696.0,0.3,5081.0,1,0,9.9,Annual,UPI,29.3,No
CUST101202,65,48610.0,595.0,3.8,2739.0,3,1,7.8,Monthly,Bank Transfer,22.6,No
CUST101203,54,51094.0,687.0,2.1,9418.0,2,1,5.8,Annual,Bank Transfer,9.7,Yes
CUST101204,49,78557.0,705.0,3.6,6729.0,0,1,5.1,Two-Year,Auto Debit,23.0,Yes
CUST101205,61,18000.0,744.0,0.5,14934.0,2,1,8.7,Monthly,Auto Debit,44.5,Yes
CUST101206,42,24054.0,671.0,5.2,15096.0,0,2,7.4,Monthly,Auto Debit,50.9,Yes
CUST101207,52,58824.0,736.0,4.0,15467.0,0,0,7.8,Monthly,UPI,20.4,Yes
CUST101208,31,99098.0,700.0,6.3,5210.0,0,1,7.0,Monthly,Bank Transfer,6.0,Yes
CUST101209,64,55414.0,618.0,5.1,10493.0,2,1,5.3,Monthly,Bank Transfer,45.9,Yes
CUST101210,47,67221.0,612.0,5.2,11548.0,1,3,7.9,Monthly,Bank Transfer,33.0,No
CUST101211,55,89943.0,752.0,0.0,11154.0,3,0,6.7,Annual,Bank Transfer,11.8,Yes
CUST101212,40,111351.0,756.0,6.1,7260.0,1,2,7.0,Monthly,Bank Transfer,2.0,No
CUST101213,59,52309.0,708.0,3.4,12977.0,1,0,10.0,Monthly,Bank Transfer,17.5,No
CUST101214,21,64630.0,772.0,4.0,8502.0,2,0,8.5,Two-Year,Bank Transfer,25.1,No
CUST101215,23,105085.0,748.0,7.9,8948.0,4,0,8.6,Monthly,Bank Transfer,14.7,Yes
CUST101216,42,31512.0,728.0,2.2,3118.0,2,2,10.0,Monthly,UPI,42.4,No
CUST101217,53,87607.0,640.0,8.8,10757.0,2,0,7.7,Monthly,Bank Transfer,19.8,Yes
CUST101218,56,42597.0,785.0,9.1,7589.0,4,0,7.2,Monthly,UPI,32.2,Yes
CUST101219,39,67254.0,719.0,6.9,10127.0,1,1,5.8,Annual,Auto Debit,67.6,No
CUST101220,49,59662.0,669.0,1.4,9323.0,5,0,6.2,Monthly,Auto Debit,33.8,No
CUST101221,44,43924.0,653.0,0.0,9133.0,2,0,3.5,Two-Year,UPI,30.3,Yes
CUST101222,64,43372.0,704.0,8.0,8340.0,0,2,8.3,Two-Year,Auto Debit,30.6,Yes
CUST101223,49,71081.0,598.0,4.9,11253.0,0,2,4.8,Monthly,Card,42.0,No
CUST101224,38,86902.0,728.0,2.1,7804.0,1,1,8.5,Annual,Bank Transfer,40.2,No
CUST101225,64,62146.0,638.0,8.3,3407.0,1,0,6.9,Annual,Bank Transfer,16.9,No
CUST101226,23,66542.0,710.0,1.7,10491.0,5,0,7.2,Two-Year,UPI,25.8,No
CUST101227,65,77566.0,661.0,3.1,5668.0,0,2,6.9,Monthly,Auto Debit,22.0,Yes
CUST101228,25,43624.0,675.0,6.2,3865.0,0,2,9.4,Annual,Bank Transfer,27.8,No
CUST101229,31,81273.0,648.0,0.9,4922.0,0,1,9.1,Monthly,Card,59.4,Yes
CUST101230,57,83026.0,681.0,4.1,9492.0,1,0,7.0,Monthly,Bank Transfer,41.3,No
CUST101231,53,122280.0,794.0,8.0,8162.0,2,1,5.5,Two-Year,Auto Debit,30.8,No
CUST101232,64,56726.0,766.0,5.2,1036.0,7,4,8.6,Monthly,Bank Transfer,50.7,No
CUST101233,53,54922.0,709.0,8.5,7157.0,2,0,5.3,Monthly,Bank Transfer,34.8,Yes
CUST101234,48,81917.0,689.0,8.1,12592.0,0,1,4.4,Monthly,Auto Debit,7.4,Yes
CUST101235,34,83020.0,736.0,4.5,6920.0,0,1,7.8,Two-Year,Bank Transfer,57.0,No
CUST101236,18,53228.0,752.0,0.0,7921.0,1,0,9.1,Monthly,UPI,29.7,No
CUST101237,23,56130.0,644.0,1.0,12150.0,2,1,6.3,Monthly,Auto Debit,2.0,No
CUST101238,32,76905.0,686.0,6.9,11284.0,1,1,7.7,Annual,Auto Debit,8.0,Yes
CUST101239,19,46793.0,590.0,0.0,12076.0,1,0,6.3,Monthly,Bank Transfer,48.9,Yes
CUST101240,42,55968.0,752.0,3.5,1000.0,1,2,8.2,Monthly,UPI,8.2,No
CUST101241,55,66971.0,804.0,5.6,14567.0,5,0,8.9,Annual,Bank Transfer,52.2,No
CUST101242,64,86911.0,694.0,9.2,10727.0,0,1,6.6,Two-Year,UPI,33.2,Yes
CUST101243,41,51699.0,573.0,2.7,17115.0,3,1,5.3,Annual,Auto Debit,42.7,Yes
CUST101244,60,24468.0,723.0,2.4,5762.0,1,2,4.5,Monthly,Auto Debit,28.1,Yes
CUST101245,65,22835.0,640.0,4.3,2328.0,1,2,8.6,Monthly,UPI,39.9,Yes
CUST101246,59,37293.0,654.0,5.6,8525.0,1,2,5.1,Annual,UPI,36.7,Yes
CUST101247,40,36110.0,724.0,4.0,7536.0,0,0,7.6,Monthly,Auto Debit,31.4,No
CUST101248,33,61599.0,704.0,7.9,10788.0,1,1,8.3,Annual,Auto Debit,16.0,No
CUST101249,64,38845.0,663.0,1.9,12262.0,1,1,6.1,Monthly,Auto Debit,37.4,Yes
CUST101250,29,49539.0,654.0,4.9,8194.0,2,1,6.7,Two-Year,UPI,4.7,No
CUST101251,37,47970.0,697.0,5.9,7658.0,1,0,8.7,Monthly,Bank Transfer,46.0,No
CUST101252,21,55309.0,667.0,3.2,10330.0,4,1,5.6,Two-Year,Auto Debit,35.0,No
CUST101253,56,94095.0,629.0,7.2,7603.0,1,1,5.5,Monthly,UPI,39.0,No
CUST101254,49,79563.0,672.0,5.0,7310.0,1,0,6.6,Annual,Card,2.0,Yes
CUST101255,22,65355.0,709.0,7.0,12130.0,1,1,9.2,Monthly,Card,15.1,No
CUST101256,28,54857.0,680.0,5.1,12909.0,5,1,9.7,Annual,Bank Transfer,24.4,Yes
CUST101257,44,55469.0,612.0,5.7,12294.0,1,2,6.8,Monthly,Card,42.1,Yes
CUST101258,43,72210.0,744.0,2.5,7911.0,3,0,5.8,Monthly,Card,17.9,No
CUST101259,56,77852.0,539.0,2.5,1011.0,1,1,8.8,Monthly,Card,70.2,No
CUST101260,30,45032.0,665.0,8.4,7981.0,2,0,4.2,Monthly,UPI,28.1,Yes
CUST101261,62,65803.0,656.0,6.5,5847.0,2,0,7.4,Two-Year,Bank Transfer,16.8,Yes
CUST101262,39,20304.0,698.0,1.2,8046.0,0,1,6.9,Two-Year,Bank Transfer,29.2,Yes
CUST101263,57,69658.0,721.0,5.1,6151.0,5,0,9.2,Annual,Auto Debit,17.7,Yes
CUST101264,29,81767.0,752.0,0.0,8427.0,3,1,9.4,Monthly,Bank Transfer,14.2,Yes
CUST101265,19,58838.0,651.0,2.7,4863.0,0,0,5.4,Monthly,Bank Transfer,47.2,Yes
CUST101266,20,104964.0,722.0,7.6,4017.0,0,1,7.3,Monthly,Card,39.7,No
CUST101267,35,45613.0,701.0,4.1,12779.0,2,0,6.0,Monthly,Card,39.7,Yes
CUST101268,63,69784.0,596.0,4.9,5106.0,3,0,6.5,Annual,Card,51.2,Yes
CUST101269,20,64212.0,795.0,0.0,8501.0,4,0,8.0,Two-Year,Auto Debit,39.3,No
CUST101270,35,62793.0,611.0,3.2,11841.0,0,0,6.4,Monthly,Card,16.0,Yes
CUST101271,23,62485.0,713.0,5.6,11700.0,2,1,7.3,Monthly,Auto Debit,42.6,No
CUST101272,62,67356.0,711.0,6.0,11282.0,3,1,8.6,Monthly,Card,15.1,No
CUST101273,50,83655.0,705.0,7.6,9560.0,2,0,9.6,Monthly,Bank Transfer,24.8,No
CUST101274,54,95310.0,663.0,3.8,11034.0,0,2,7.5,Monthly,Card,31.3,Yes
CUST101275,52,64950.0,735.0,4.0,13306.0,2,0,7.2,Monthly,Card,29.8,No
CUST101276,49,82937.0,604.0,0.2,9988.0,1,1,5.1,Monthly,Auto Debit,5.1,Yes
CUST101277,55,49561.0,686.0,3.8,2070.0,2,2,9.7,Monthly,Bank Transfer,17.5,Yes
CUST101278,18,81851.0,659.0,0.5,6650.0,0,1,7.8,Annual,Card,31.7,No
CUST101279,59,48236.0,653.0,0.0,10937.0,1,5,7.2,Two-Year,Card,22.8,Yes
CUST101280,53,88995.0,714.0,1.0,6305.0,1,0,7.1,Monthly,Auto Debit,48.9,Yes
CUST101281,53,113634.0,749.0,9.3,14170.0,0,0,7.6,Monthly,UPI,51.5,No
CUST101282,36,62314.0,671.0,3.6,8279.0,1,1,8.3,Monthly,Auto Debit,15.2,No
CUST101283,56,18000.0,733.0,5.2,8798.0,3,1,8.5,Annual,Bank Transfer,32.9,No
CUST101284,36,52942.0,693.0,2.9,12437.0,2,1,9.7,Annual,Card,55.7,No
CUST101285,20,92101.0,641.0,0.0,7860.0,5,0,7.4,Annual,Bank Transfer,30.0,Yes
CUST101286,61,77168.0,676.0,7.5,9117.0,1,1,10.0,Annual,Auto Debit,25.9,Yes
CUST101287,29,70476.0,674.0,0.0,11647.0,4,0,8.8,Two-Year,Card,44.9,No
CUST101288,22,87191.0,652.0,2.7,3347.0,1,0,6.9,Monthly,Card,27.9,No
CUST101289,47,75658.0,714.0,4.3,7501.0,2,1,4.2,Monthly,Auto Debit,51.1,Yes
CUST101290,29,91790.0,703.0,5.2,11402.0,2,1,7.1,Monthly,Card,23.1,No
CUST101291,59,85227.0,603.0,2.2,8730.0,3,0,9.6,Annual,Auto Debit,24.9,No
CUST101292,39,98477.0,599.0,0.0,13636.0,0,2,5.7,Monthly,Auto Debit,43.9,Yes
CUST101293,18,72894.0,713.0,1.9,2984.0,0,0,7.1,Two-Year,Bank Transfer,33.5,No
CUST101294,63,84916.0,645.0,2.1,2585.0,1,3,7.3,Annual,UPI,33.6,Yes
CUST101295,42,58243.0,707.0,2.0,11194.0,2,0,8.6,Two-Year,UPI,3.4,No
CUST101296,30,51768.0,733.0,7.6,11530.0,2,0,6.3,Two-Year,Card,26.7,Yes
CUST101297,50,102549.0,620.0,0.6,7824.0,1,2,5.5,Annual,UPI,45.0,Yes
CUST101298,43,69757.0,,5.5,9901.0,2,0,8.0,Two-Year,Auto Debit,20.2,Yes
CUST101299,19,82707.0,782.0,5.0,11108.0,2,0,5.7,Annual,Bank Transfer,42.5,No
CUST101300,54,67722.0,709.0,7.6,5651.0,2,0,3.9,Monthly,Card,36.0,Yes
CUST101301,37,52097.0,667.0,4.1,6026.0,2,1,10.0,Annual,Auto Debit,29.0,No
CUST101302,51,65242.0,639.0,7.0,9164.0,3,0,8.6,Two-Year,UPI,52.4,No
CUST101303,60,96592.0,662.0,3.9,11664.0,0,0,10.0,Annual,Bank Transfer,26.9,No
CUST101304,47,77215.0,625.0,5.9,4419.0,2,0,8.5,Annual,Card,27.9,No
CUST101305,50,27348.0,739.0,0.0,7807.0,2,1,8.2,Monthly,UPI,28.8,No
CUST101306,30,60265.0,647.0,0.0,7645.0,3,2,7.6,Two-Year,Card,33.2,Yes
CUST101307,29,104210.0,750.0,5.7,9963.0,3,1,6.7,Monthly,UPI,43.5,Yes
CUST101308,37,60296.0,668.0,5.9,8470.0,3,1,7.9,Annual,UPI,9.9,No
CUST101309,58,25389.0,633.0,6.0,6589.0,1,1,6.1,Annual,UPI,45.0,Yes
CUST101310,43,106647.0,667.0,2.8,12870.0,3,0,5.2,Annual,UPI,33.0,No
CUST101311,34,80013.0,546.0,9.3,6613.0,1,0,6.4,Monthly,Bank Transfer,40.3,Yes
CUST101312,55,63460.0,683.0,3.0,7478.0,1,1,9.2,Annual,Auto Debit,67.9,No
CUST101313,58,56829.0,681.0,5.8,2930.0,2,0,4.9,Monthly,Card,24.3,Yes
CUST101314,61,88812.0,735.0,6.4,6002.0,0,0,4.9,Monthly,Bank Transfer,13.6,Yes
CUST101315,32,53076.0,586.0,10.0,10306.0,1,0,8.0,Monthly,UPI,34.9,Yes
CUST101316,52,90262.0,754.0,3.5,9622.0,1,0,6.3,Annual,Auto Debit,37.3,No
CUST101317,46,76928.0,735.0,2.4,10598.0,1,1,7.8,Monthly,Bank Transfer,45.1,No
CUST101318,39,70383.0,759.0,0.0,10428.0,2,4,8.7,Monthly,Card,23.9,Yes
CUST101319,37,68201.0,687.0,9.5,15807.0,1,1,7.8,Two-Year,Auto Debit,19.5,No
CUST101320,23,61151.0,746.0,5.8,5882.0,1,0,5.9,Monthly,Card,9.0,No
CUST101321,31,88004.0,609.0,5.9,2832.0,1,0,9.2,Two-Year,Card,11.5,No
CUST101322,44,45962.0,729.0,14.5,4823.0,2,2,8.3,Annual,Auto Debit,25.8,No
CUST101323,60,29318.0,648.0,5.5,6037.0,1,1,7.0,Monthly,UPI,30.3,Yes
CUST101324,59,78518.0,599.0,0.3,5090.0,3,0,7.0,Annual,Bank Transfer,63.0,No
CUST101325,27,78887.0,628.0,3.9,8828.0,5,0,7.6,Monthly,Bank Transfer,6.6,No
CUST101326,50,75565.0,690.0,1.4,12884.0,2,1,6.5,Two-Year,Bank Transfer,37.0,Yes
CUST101327,22,73970.0,645.0,3.2,13889.0,2,0,4.2,Monthly,Auto Debit,21.1,Yes
CUST101328,50,57948.0,711.0,3.2,10265.0,1,0,8.3,Two-Year,Card,35.3,No
CUST101329,34,82325.0,591.0,2.6,15994.0,0,2,,Annual,UPI,23.7,No
CUST101330,39,63998.0,573.0,0.0,7253.0,3,2,3.1,Two-Year,Card,47.5,Yes
CUST101331,52,54284.0,765.0,9.6,2786.0,1,0,7.9,Monthly,UPI,47.4,No
CUST101332,38,58138.0,740.0,5.5,12186.0,2,1,10.0,Annual,Bank Transfer,30.3,No
CUST101333,56,109454.0,632.0,3.8,2065.0,0,0,5.1,Monthly,Bank Transfer,53.6,Yes
CUST101334,43,26831.0,690.0,6.9,5857.0,0,3,6.9,Two-Year,Auto Debit,43.4,No
CUST101335,65,75995.0,746.0,6.0,10320.0,3,0,6.7,Monthly,Card,52.9,No
CUST101336,48,28060.0,713.0,5.4,8142.0,1,1,9.8,Monthly,Auto Debit,31.4,No
CUST101337,32,62619.0,698.0,6.7,7832.0,1,1,8.9,Annual,Auto Debit,46.3,No
CUST101338,55,55460.0,750.0,4.9,4367.0,4,0,5.5,Monthly,Auto Debit,20.5,Yes
CUST101339,37,19129.0,650.0,6.6,8462.0,2,0,7.6,Annual,Bank Transfer,19.0,No
CUST101340,43,73559.0,692.0,6.9,12013.0,2,1,10.0,Annual,UPI,64.7,No
CUST101341,24,56639.0,689.0,5.0,8570.0,2,1,5.9,Monthly,UPI,15.7,Yes
CUST101342,23,18817.0,675.0,3.8,5594.0,1,0,7.0,Annual,Auto Debit,25.5,Yes
CUST101343,45,83470.0,669.0,9.4,4134.0,0,1,7.9,Monthly,Auto Debit,3.5,Yes
CUST101344,26,96570.0,694.0,3.0,5666.0,0,2,6.0,Annual,Auto Debit,19.3,Yes
CUST101345,65,97783.0,692.0,5.8,9873.0,1,0,10.0,Monthly,Bank Transfer,17.1,Yes
CUST101346,59,72897.0,632.0,5.8,9703.0,1,2,6.2,Monthly,Auto Debit,21.9,Yes
CUST101347,51,66013.0,734.0,2.5,5698.0,0,1,4.6,Two-Year,Card,36.5,Yes
CUST101348,53,94219.0,636.0,1.9,1000.0,0,1,6.1,Two-Year,UPI,40.1,No
CUST101349,46,102012.0,678.0,3.4,9970.0,1,3,8.1,Two-Year,Card,16.9,Yes
CUST101350,20,89939.0,674.0,2.9,5358.0,0,1,5.6,Annual,Auto Debit,20.2,Yes
CUST101351,36,44286.0,710.0,0.0,10912.0,3,1,7.5,Monthly,Bank Transfer,48.3,Yes
CUST101352,41,69430.0,573.0,2.4,5854.0,3,1,8.0,Monthly,Auto Debit,57.6,Yes
CUST101353,61,74669.0,739.0,5.4,5042.0,1,2,4.9,Monthly,Auto Debit,50.8,Yes
CUST101354,28,25188.0,653.0,8.6,9036.0,1,1,6.0,Annual,Auto Debit,7.3,No
CUST101355,41,75326.0,757.0,6.3,16752.0,1,0,7.6,Monthly,UPI,49.8,No
CUST101356,34,115006.0,664.0,0.0,11122.0,0,0,8.2,Two-Year,UPI,59.8,No
CUST101357,24,79079.0,687.0,6.6,8977.0,0,1,6.1,Monthly,Card,6.6,No
CUST101358,22,97415.0,795.0,2.7,9756.0,1,0,7.3,Monthly,UPI,48.2,No
CUST101359,35,69024.0,675.0,5.9,2371.0,1,0,6.5,Two-Year,Auto Debit,35.4,Yes
CUST101360,21,63389.0,758.0,4.5,4572.0,4,3,8.2,Monthly,UPI,27.1,Yes
CUST101361,21,73388.0,692.0,3.9,1000.0,3,2,7.9,Monthly,Card,33.6,No
CUST101362,34,47052.0,713.0,4.2,14555.0,1,2,6.4,Annual,Bank Transfer,38.6,No
CUST101363,27,43797.0,694.0,4.4,13846.0,1,0,7.8,Two-Year,UPI,49.4,No
CUST101364,44,92859.0,737.0,8.8,9875.0,0,2,6.3,Monthly,Bank Transfer,48.6,Yes
CUST101365,18,95192.0,652.0,4.4,8973.0,4,4,7.8,Monthly,UPI,9.4,No
CUST101366,32,43196.0,636.0,8.0,3069.0,2,1,7.8,Monthly,Auto Debit,22.3,Yes
CUST101367,39,86296.0,655.0,7.5,7732.0,0,4,10.0,Annual,Bank Transfer,33.4,No
CUST101368,64,63087.0,695.0,6.6,14773.0,3,0,6.4,Monthly,Card,55.6,Yes
CUST101369,48,72476.0,678.0,0.0,8960.0,0,0,6.8,Annual,Bank Transfer,2.0,Yes
CUST101370,60,75125.0,729.0,8.1,6524.0,0,0,5.9,Monthly,Card,22.8,Yes
CUST101371,34,86876.0,762.0,3.0,2347.0,2,2,5.2,Two-Year,UPI,9.1,Yes
CUST101372,39,66820.0,636.0,6.8,13331.0,0,0,6.2,Annual,UPI,11.5,Yes
CUST101373,38,96024.0,650.0,1.4,8255.0,1,1,8.1,Annual,UPI,46.8,No
CUST101374,60,71807.0,611.0,0.7,2351.0,2,3,8.3,Annual,Bank Transfer,24.0,Yes
CUST101375,64,78732.0,802.0,10.8,5265.0,2,0,7.5,Monthly,Bank Transfer,2.0,Yes
CUST101376,64,46668.0,707.0,1.4,4029.0,2,0,6.5,Monthly,Card,29.6,Yes
CUST101377,54,,716.0,8.2,8039.0,0,2,6.2,Annual,Bank Transfer,62.5,No
CUST101378,42,75336.0,616.0,4.9,9226.0,0,0,5.4,Monthly,Card,4.9,Yes
CUST101379,43,80686.0,690.0,3.2,6739.0,1,1,6.1,Monthly,UPI,40.0,Yes
CUST101380,65,29620.0,718.0,4.4,11220.0,2,0,4.8,Monthly,Bank Transfer,55.5,Yes
CUST101381,31,46901.0,676.0,0.3,8776.0,2,1,9.3,Monthly,Card,31.3,Yes
CUST101382,34,92233.0,749.0,4.5,12218.0,0,0,10.0,Monthly,Bank Transfer,60.9,No
CUST101383,61,71312.0,817.0,1.0,7250.0,3,0,3.7,Annual,Bank Transfer,22.1,Yes
CUST101384,36,22897.0,638.0,3.2,19159.0,1,0,7.5,Annual,UPI,53.7,No
CUST101385,29,87842.0,634.0,7.5,6524.0,0,0,7.5,Monthly,UPI,50.1,No
CUST101386,44,53037.0,642.0,5.3,5338.0,1,1,7.4,Annual,UPI,31.5,Yes
CUST101387,33,96049.0,778.0,0.0,4908.0,1,0,6.0,Monthly,UPI,9.7,No
CUST101388,60,63068.0,747.0,7.2,7762.0,1,2,8.7,Two-Year,UPI,17.0,No
CUST101389,61,69504.0,683.0,4.5,2482.0,1,0,7.7,Annual,Auto Debit,2.0,Yes
CUST101390,32,90937.0,692.0,2.8,9531.0,3,3,8.8,Monthly,Auto Debit,40.9,No
CUST101391,43,45255.0,645.0,6.9,1831.0,2,1,5.7,Annual,Auto Debit,39.1,No
CUST101392,65,43157.0,739.0,4.0,9066.0,2,0,4.6,Monthly,Card,33.2,Yes
CUST101393,53,60677.0,669.0,0.8,3771.0,3,2,7.7,Monthly,Card,30.2,Yes
CUST101394,28,83198.0,676.0,10.4,7165.0,2,0,5.4,Monthly,Card,52.4,Yes
CUST101395,46,35721.0,723.0,4.4,10616.0,2,1,8.8,Two-Year,Auto Debit,36.5,Yes
CUST101396,47,28303.0,680.0,4.2,16564.0,1,0,3.4,Two-Year,Card,23.7,Yes
CUST101397,49,83122.0,677.0,3.2,4727.0,0,0,6.2,Annual,Bank Transfer,34.2,No
CUST101398,19,51734.0,691.0,8.3,7974.0,4,0,6.0,Two-Year,UPI,62.7,No
CUST101399,32,56371.0,734.0,2.8,5967.0,4,1,6.4,Monthly,Auto Debit,41.3,Yes
CUST101400,59,24150.0,781.0,0.0,5455.0,1,1,7.4,Annual,Bank Transfer,26.2,No
CUST101401,29,50062.0,722.0,2.3,5998.0,2,0,7.7,Monthly,Auto Debit,31.3,No
CUST101402,32,64834.0,734.0,8.7,11384.0,2,1,8.1,Monthly,Card,39.0,Yes
CUST101403,33,85468.0,679.0,7.2,6792.0,6,3,8.3,Two-Year,Bank Transfer,25.7,Yes
CUST101404,26,48033.0,651.0,3.7,16373.0,3,2,6.7,Two-Year,Card,24.4,Yes
CUST101405,25,101462.0,726.0,8.9,9956.0,0,0,10.0,Two-Year,Card,31.8,No
CUST101406,34,49940.0,699.0,6.9,4965.0,3,0,9.4,Annual,Card,54.8,Yes
CUST101407,59,49972.0,612.0,3.6,7217.0,0,0,6.5,Monthly,UPI,43.9,Yes
CUST101408,18,98822.0,672.0,4.0,5694.0,2,0,6.8,Annual,Card,25.9,No
CUST101409,31,69652.0,685.0,5.6,11300.0,0,2,6.4,Monthly,Bank Transfer,45.0,Yes
CUST101410,20,52855.0,662.0,1.8,2764.0,2,2,7.6,Two-Year,UPI,32.1,No
CUST101411,44,61587.0,771.0,4.5,3807.0,0,2,5.3,Monthly,Card,37.2,Yes
CUST101412,30,94768.0,716.0,5.5,6430.0,2,0,5.7,Two-Year,UPI,35.8,No
CUST101413,56,97256.0,766.0,0.0,10890.0,1,0,3.3,Annual,Bank Transfer,2.0,Yes
CUST101414,46,47031.0,704.0,3.9,12816.0,2,1,6.3,Monthly,Card,2.0,Yes
CUST101415,55,64066.0,694.0,3.5,13332.0,2,0,8.8,Monthly,UPI,35.4,No
CUST101416,48,66983.0,638.0,7.8,10354.0,1,0,6.7,Monthly,Bank Transfer,19.2,Yes
CUST101417,39,43303.0,691.0,0.0,8210.0,3,1,6.8,Monthly,Auto Debit,7.4,No
CUST101418,59,63775.0,691.0,3.3,11281.0,3,1,7.5,Two-Year,Auto Debit,19.7,Yes
CUST101419,40,65117.0,615.0,3.0,4494.0,2,2,5.3,Monthly,Auto Debit,45.9,Yes
CUST101420,63,90085.0,660.0,7.6,2044.0,2,0,7.0,Monthly,UPI,37.4,No
CUST101421,65,91563.0,672.0,4.4,10028.0,0,0,8.5,Monthly,UPI,43.6,No
CUST101422,46,57757.0,713.0,10.2,4980.0,1,2,7.5,Monthly,Auto Debit,38.8,No
CUST101423,50,60293.0,715.0,6.6,8271.0,1,2,8.7,Monthly,Bank Transfer,18.2,Yes
CUST101424,30,79614.0,658.0,3.2,8919.0,2,2,9.1,Two-Year,Bank Transfer,43.6,No
CUST101425,57,52126.0,716.0,5.3,9368.0,1,0,8.1,Annual,Auto Debit,40.8,No
CUST101426,50,77950.0,680.0,3.4,11782.0,3,0,5.8,Two-Year,UPI,30.2,Yes
CUST101427,61,63066.0,532.0,7.3,11412.0,2,0,6.4,Monthly,Bank Transfer,32.9,Yes
CUST101428,30,43673.0,663.0,0.2,9183.0,3,0,10.0,Monthly,Bank Transfer,43.9,No
CUST101429,55,43950.0,749.0,1.9,6953.0,5,0,7.5,Monthly,Auto Debit,20.8,Yes
CUST101430,40,96835.0,598.0,6.0,8877.0,2,1,7.3,Annual,Card,48.3,Yes
CUST101431,26,61559.0,696.0,8.4,6413.0,0,0,5.5,Monthly,Bank Transfer,40.5,Yes
CUST101432,26,101088.0,777.0,0.0,7812.0,3,1,6.8,Monthly,Auto Debit,32.0,Yes
CUST101433,44,53700.0,648.0,8.9,17664.0,0,0,8.2,Annual,Card,55.0,No
CUST101434,33,71407.0,690.0,4.1,9138.0,1,2,7.0,Monthly,UPI,12.6,Yes
CUST101435,22,117639.0,618.0,0.0,10076.0,1,4,6.1,Annual,Card,25.1,Yes
CUST101436,38,41737.0,779.0,0.0,6031.0,2,0,6.5,Annual,Bank Transfer,21.8,No
CUST101437,49,23248.0,685.0,0.0,12070.0,3,1,9.0,Annual,Card,37.4,No
CUST101438,33,93305.0,693.0,4.4,11161.0,1,0,8.1,Monthly,Bank Transfer,49.7,No
CUST101439,63,46810.0,764.0,4.3,11186.0,2,0,7.9,Annual,Card,17.3,Yes
CUST101440,55,64544.0,726.0,6.5,9252.0,1,0,7.7,Monthly,UPI,81.6,No
CUST101441,42,52110.0,642.0,2.7,12120.0,1,0,5.0,Monthly,Auto Debit,22.1,Yes
CUST101442,62,70900.0,654.0,1.0,12951.0,1,0,7.5,Monthly,Auto Debit,37.4,No
CUST101443,38,44088.0,717.0,3.2,9491.0,1,1,8.8,Monthly,Bank Transfer,32.0,Yes
CUST101444,24,61041.0,656.0,4.6,8099.0,4,1,6.6,Monthly,Card,32.7,No
CUST101445,19,74896.0,574.0,5.2,11631.0,1,0,8.7,Annual,Card,20.1,No
CUST101446,63,42817.0,687.0,2.0,5336.0,2,1,7.9,Annual,Card,48.0,No
CUST101447,64,49598.0,609.0,7.4,5987.0,0,0,8.4,Monthly,Card,19.2,No
CUST101448,53,57358.0,779.0,2.5,8313.0,2,1,7.1,Monthly,UPI,5.5,Yes
CUST101449,22,33566.0,700.0,1.7,2405.0,1,0,8.5,Monthly,Card,15.2,No
CUST101450,32,55704.0,640.0,2.8,11397.0,1,1,4.5,Two-Year,Card,53.7,Yes
CUST101451,19,67614.0,652.0,7.9,5130.0,3,1,7.1,Monthly,Card,50.8,No
CUST101452,20,56210.0,586.0,4.1,6850.0,1,0,8.2,Monthly,Card,2.0,Yes
CUST101453,29,59030.0,630.0,2.3,7754.0,2,1,7.5,Monthly,Bank Transfer,44.2,Yes
CUST101454,45,64562.0,746.0,7.5,8638.0,1,0,8.9,Annual,Auto Debit,2.3,No
CUST101455,21,50574.0,813.0,11.4,7297.0,0,2,6.7,Monthly,Card,31.6,No
CUST101456,65,80203.0,730.0,5.2,8264.0,2,1,6.1,Monthly,UPI,13.9,Yes
CUST101457,39,96592.0,685.0,8.4,8291.0,1,1,4.2,Monthly,Auto Debit,45.4,No
CUST101458,30,54784.0,666.0,7.8,6935.0,0,1,6.5,Annual,UPI,40.3,Yes
CUST101459,42,75674.0,637.0,2.6,5794.0,2,2,7.9,Monthly,Auto Debit,46.7,No
CUST101460,55,59728.0,803.0,4.6,12285.0,3,0,8.3,Two-Year,Bank Transfer,27.6,No
CUST101461,33,73041.0,680.0,0.4,1135.0,0,1,4.6,Two-Year,Bank Transfer,29.1,Yes
CUST101462,20,99447.0,806.0,3.8,7780.0,1,1,9.0,Annual,Card,9.5,Yes
CUST101463,20,76191.0,767.0,2.5,6859.0,2,3,5.3,Two-Year,Bank Transfer,16.5,No
CUST101464,58,25985.0,594.0,3.2,9966.0,0,1,6.8,Two-Year,Bank Transfer,46.2,Yes
CUST101465,23,74988.0,653.0,2.1,3410.0,1,1,6.0,Monthly,Auto Debit,37.5,No
CUST101466,48,92123.0,653.0,3.6,6751.0,0,1,7.7,Annual,UPI,33.6,No
CUST101467,36,60125.0,686.0,6.2,8142.0,4,0,7.2,Annual,UPI,50.9,No
CUST101468,55,86904.0,687.0,4.1,12245.0,2,0,8.2,Annual,Card,12.5,No
CUST101469,20,49817.0,850.0,0.0,9663.0,2,2,10.0,Annual,UPI,42.8,No
CUST101470,61,32318.0,631.0,2.1,4358.0,1,1,7.7,Two-Year,Auto Debit,14.3,Yes
CUST101471,51,68106.0,703.0,0.0,6794.0,0,0,6.0,Two-Year,UPI,54.2,No
CUST101472,39,26358.0,724.0,5.3,11601.0,0,0,7.8,Monthly,UPI,40.2,Yes
CUST101473,27,59725.0,690.0,6.1,4297.0,1,1,10.0,Annual,Card,46.5,Yes
CUST101474,64,93311.0,696.0,5.3,8225.0,1,0,8.1,Annual,Card,21.5,No
CUST101475,32,22985.0,633.0,2.0,8468.0,0,3,8.6,Two-Year,Card,64.7,No
CUST101476,41,36851.0,696.0,5.3,7150.0,0,2,4.3,Monthly,Bank Transfer,62.0,Yes
CUST101477,36,42295.0,718.0,3.0,17935.0,1,1,7.7,Monthly,Bank Transfer,38.5,Yes
CUST101478,29,63607.0,708.0,0.9,7055.0,2,2,6.5,Monthly,Auto Debit,49.6,Yes
CUST101479,37,56954.0,721.0,6.9,10074.0,2,2,5.8,Monthly,Card,27.5,Yes
CUST101480,25,95781.0,768.0,7.1,5818.0,2,0,7.0,Monthly,Auto Debit,13.0,No
CUST101481,18,85996.0,742.0,7.5,10347.0,1,3,7.2,Monthly,UPI,43.9,Yes
CUST101482,31,75896.0,694.0,2.6,11548.0,3,1,5.9,Monthly,UPI,18.2,No
CUST101483,23,68204.0,626.0,8.3,6442.0,2,1,7.3,Two-Year,Card,51.7,No
CUST101484,37,73651.0,657.0,2.9,8309.0,1,0,6.7,Monthly,UPI,47.7,No
CUST101485,59,46036.0,678.0,6.6,5367.0,0,2,8.2,Monthly,UPI,35.5,Yes
CUST101486,25,83859.0,704.0,2.9,4495.0,0,1,7.4,Annual,Card,34.7,Yes
CUST101487,18,40535.0,664.0,3.8,12129.0,1,0,7.6,Monthly,Bank Transfer,46.8,Yes
CUST101488,23,83378.0,639.0,0.0,6561.0,1,0,8.7,Annual,Card,36.1,No
CUST101489,42,91095.0,625.0,3.5,1000.0,2,0,7.9,Two-Year,Card,25.9,No
CUST101490,31,69639.0,599.0,4.8,14679.0,0,1,7.0,Monthly,UPI,9.3,Yes
CUST101491,41,61123.0,677.0,3.2,5693.0,1,1,3.5,Monthly,UPI,46.4,Yes
CUST101492,19,73807.0,609.0,10.1,7638.0,2,0,7.9,Monthly,Auto Debit,37.5,Yes
CUST101493,33,18000.0,635.0,0.8,14243.0,0,0,5.4,Monthly,UPI,73.3,Yes
CUST101494,37,71650.0,668.0,2.7,8004.0,3,0,6.9,Annual,Bank Transfer,30.6,No
CUST101495,38,62506.0,617.0,1.6,7928.0,2,3,7.6,Monthly,Bank Transfer,36.5,Yes
CUST101496,44,63886.0,711.0,2.7,4201.0,2,2,9.3,Monthly,UPI,36.9,Yes
CUST101497,55,80544.0,731.0,7.8,2778.0,1,1,10.0,Annual,UPI,41.8,No
CUST101498,40,63355.0,660.0,9.2,7918.0,1,0,5.4,Monthly,Card,17.5,Yes
CUST101499,58,39915.0,,2.3,9770.0,1,2,4.8,Monthly,Bank Transfer,30.8,Yes
CUST101500,43,61889.0,720.0,2.2,9569.0,2,1,7.6,Annual,UPI,44.4,Yes
CUST101501,30,66486.0,651.0,0.8,6816.0,1,2,7.4,Monthly,Auto Debit,27.0,Yes
CUST101502,28,67529.0,647.0,8.7,8571.0,2,4,5.0,Annual,Card,43.9,Yes
CUST101503,33,68562.0,756.0,8.1,2070.0,3,1,7.0,Two-Year,Card,33.5,No
CUST101504,46,87866.0,739.0,4.2,10111.0,1,0,8.0,Annual,Auto Debit,38.0,Yes
CUST101505,29,41107.0,723.0,0.0,9065.0,4,0,4.9,Monthly,UPI,49.3,No
CUST101506,61,68865.0,741.0,0.3,15408.0,2,0,5.3,Monthly,Auto Debit,28.6,Yes
CUST101507,41,93378.0,581.0,5.0,8526.0,4,0,5.9,Annual,Bank Transfer,10.2,No
CUST101508,59,26839.0,764.0,6.3,5201.0,1,3,6.6,Annual,Card,28.0,Yes
CUST101509,50,68952.0,712.0,0.0,8322.0,1,1,8.2,Two-Year,UPI,19.6,No
CUST101510,34,52122.0,746.0,3.5,7353.0,1,0,6.4,Annual,UPI,2.0,Yes
CUST101511,28,56844.0,711.0,9.7,10021.0,0,1,7.1,Monthly,Auto Debit,30.4,No
CUST101512,53,45094.0,693.0,3.8,8594.0,0,1,10.0,Monthly,Card,35.0,No
CUST101513,33,61270.0,675.0,9.3,4090.0,1,3,5.4,Two-Year,Auto Debit,47.3,No
CUST101514,29,105508.0,710.0,6.6,2775.0,0,0,5.9,Annual,Auto Debit,14.9,No
CUST101515,62,37183.0,673.0,1.0,9420.0,0,1,8.2,Two-Year,Card,33.3,No
CUST101516,41,39269.0,738.0,3.6,13341.0,2,0,8.7,Annual,Card,48.9,No
CUST101517,20,36357.0,603.0,4.1,8778.0,1,3,7.7,Two-Year,Card,23.4,Yes
CUST101518,41,103003.0,660.0,1.5,11347.0,0,1,10.0,Annual,Bank Transfer,40.0,No
CUST101519,40,54829.0,802.0,1.4,12045.0,1,0,7.5,Two-Year,Bank Transfer,56.0,No
CUST101520,59,64436.0,656.0,9.3,9434.0,0,0,3.6,Two-Year,Card,4.1,Yes
CUST101521,52,56139.0,677.0,1.4,5649.0,0,0,7.2,Two-Year,Bank Transfer,36.1,No
CUST101522,27,44223.0,641.0,8.0,9184.0,2,1,6.0,Two-Year,Bank Transfer,49.4,No
CUST101523,25,59827.0,708.0,3.1,12725.0,3,1,9.4,Annual,UPI,26.7,No
CUST101524,46,119081.0,650.0,4.4,10355.0,4,0,8.6,Annual,Bank Transfer,52.8,No
CUST101525,20,95626.0,680.0,6.3,11119.0,2,4,4.3,Annual,Auto Debit,41.5,Yes
CUST101526,33,46235.0,737.0,2.6,6881.0,0,1,9.3,Annual,Auto Debit,58.5,No
CUST101527,24,79247.0,652.0,6.3,7792.0,1,1,8.6,Annual,Card,40.7,No
CUST101528,18,46706.0,733.0,0.0,8084.0,3,1,6.4,Annual,UPI,59.8,Yes
CUST101529,62,25920.0,735.0,5.9,8320.0,3,0,6.9,Monthly,Auto Debit,36.5,Yes
CUST101530,22,87429.0,748.0,0.0,12588.0,0,2,9.4,Annual,Auto Debit,11.5,No
CUST101531,18,90522.0,698.0,3.8,1000.0,0,0,3.6,Two-Year,Auto Debit,22.5,No
CUST101532,62,88013.0,850.0,7.2,8607.0,0,0,,Annual,Card,47.3,No
CUST101533,27,54663.0,748.0,6.5,8222.0,1,0,8.9,Monthly,Card,47.0,No
CUST101534,57,61331.0,708.0,0.3,3700.0,0,0,6.8,Two-Year,Bank Transfer,27.3,No
CUST101535,19,81495.0,642.0,0.8,10851.0,1,1,8.1,Annual,Card,59.1,No
CUST101536,25,73613.0,685.0,2.3,5964.0,0,1,7.2,Monthly,Auto Debit,26.7,Yes
CUST101537,23,56340.0,768.0,5.1,7250.0,3,0,5.7,Annual,Card,38.9,No
CUST101538,51,29380.0,784.0,0.0,14971.0,1,0,5.6,Annual,Card,38.5,Yes
CUST101539,47,67505.0,771.0,4.5,12035.0,3,2,8.2,Annual,Auto Debit,12.0,Yes
CUST101540,40,88738.0,733.0,5.5,10511.0,2,1,5.9,Monthly,Card,30.3,Yes
CUST101541,29,38653.0,621.0,3.6,9833.0,1,1,4.4,Monthly,UPI,67.7,Yes
CUST101542,22,79053.0,717.0,6.2,7924.0,2,1,7.2,Two-Year,Auto Debit,18.2,No
CUST101543,45,72294.0,622.0,5.2,15498.0,0,1,6.1,Two-Year,Card,41.4,Yes
CUST101544,29,81503.0,608.0,2.8,11308.0,2,1,5.0,Monthly,Bank Transfer,14.7,Yes
CUST101545,46,84183.0,703.0,0.0,5877.0,0,1,7.1,Two-Year,Bank Transfer,18.0,Yes
CUST101546,50,49722.0,719.0,4.9,3600.0,1,2,8.3,Monthly,UPI,10.8,Yes
CUST101547,58,29427.0,740.0,1.5,10484.0,2,2,7.0,Monthly,UPI,46.1,No
CUST101548,41,53263.0,717.0,2.6,8304.0,1,2,5.2,Annual,Auto Debit,18.9,Yes
CUST101549,18,84561.0,719.0,6.0,3499.0,0,1,7.8,Monthly,UPI,51.0,No
CUST101550,31,53076.0,636.0,9.0,10000.0,1,2,8.8,Monthly,Card,24.0,Yes
CUST101551,58,49731.0,684.0,4.4,7558.0,2,0,10.0,Two-Year,Auto Debit,33.9,Yes
CUST101552,43,24930.0,607.0,6.3,10357.0,2,1,9.5,Annual,UPI,38.2,No
CUST101553,47,103558.0,580.0,0.0,10046.0,2,0,5.3,Monthly,Bank Transfer,7.7,Yes
CUST101554,39,83166.0,731.0,5.3,6371.0,1,0,8.5,Annual,UPI,35.1,No
CUST101555,25,81938.0,649.0,4.3,10715.0,1,0,7.4,Annual,Bank Transfer,37.2,No
CUST101556,61,86290.0,738.0,8.4,6757.0,3,1,5.0,Annual,Bank Transfer,49.1,No
CUST101557,55,77688.0,751.0,2.8,6985.0,1,0,7.5,Monthly,UPI,17.6,No
CUST101558,65,59625.0,656.0,3.7,6637.0,1,0,10.0,Monthly,Card,19.7,Yes
CUST101559,59,61397.0,722.0,7.9,12458.0,2,1,9.0,Annual,Bank Transfer,41.9,No
CUST101560,31,55594.0,654.0,4.2,7518.0,5,0,5.3,Annual,Auto Debit,53.2,Yes
CUST101561,30,122964.0,588.0,1.0,13304.0,1,1,7.0,Two-Year,Bank Transfer,23.1,No
CUST101562,29,77230.0,697.0,12.7,14742.0,1,0,7.8,Monthly,Bank Transfer,13.5,No
CUST101563,62,54796.0,664.0,1.0,5914.0,3,1,4.1,Two-Year,Card,27.2,Yes
CUST101564,44,75241.0,666.0,4.3,1000.0,1,0,4.1,Two-Year,UPI,16.8,Yes
CUST101565,39,42761.0,799.0,5.6,12156.0,2,0,7.3,Monthly,Auto Debit,38.0,No
CUST101566,64,98099.0,606.0,5.4,7303.0,2,0,7.3,Monthly,Auto Debit,15.8,No
CUST101567,46,50456.0,711.0,3.9,5468.0,0,2,3.9,Annual,UPI,46.6,Yes
CUST101568,61,76024.0,635.0,3.9,6439.0,1,2,7.7,Two-Year,Card,35.2,Yes
CUST101569,65,88452.0,740.0,3.7,7048.0,0,1,8.8,Monthly,Card,47.1,No
CUST101570,21,73465.0,706.0,0.9,13040.0,1,2,6.6,Monthly,UPI,2.0,Yes
CUST101571,35,67078.0,711.0,11.4,9060.0,1,1,7.1,Annual,Auto Debit,5.6,No
CUST101572,53,65238.0,638.0,3.8,12993.0,2,1,8.0,Two-Year,UPI,51.4,Yes
CUST101573,57,63758.0,648.0,6.4,10230.0,2,0,7.7,Monthly,UPI,21.2,No
CUST101574,25,52313.0,741.0,3.4,7418.0,2,0,4.2,Monthly,Card,10.0,Yes
CUST101575,33,55111.0,787.0,3.4,7134.0,1,3,5.5,Monthly,Auto Debit,29.0,Yes
CUST101576,44,97551.0,716.0,3.0,10466.0,3,0,6.3,Two-Year,UPI,35.6,No
CUST101577,56,62612.0,641.0,0.0,11371.0,0,0,5.5,Annual,Card,29.6,No
CUST101578,23,47712.0,709.0,4.0,11989.0,1,0,9.5,Monthly,Bank Transfer,39.0,No
CUST101579,46,53641.0,824.0,3.2,7585.0,4,2,8.1,Two-Year,UPI,37.0,No
CUST101580,32,89208.0,696.0,8.2,9113.0,0,1,5.1,Annual,UPI,36.2,Yes
CUST101581,28,79863.0,770.0,0.7,10544.0,2,1,6.6,Two-Year,UPI,52.2,Yes
CUST101582,42,77327.0,649.0,2.7,7156.0,0,1,8.9,Monthly,UPI,31.8,Yes
CUST101583,37,59335.0,688.0,1.6,4528.0,1,0,5.9,Monthly,Card,31.3,No
CUST101584,48,77614.0,724.0,9.1,5678.0,1,0,8.4,Monthly,Auto Debit,44.0,Yes
CUST101585,33,50842.0,712.0,1.7,7656.0,1,3,9.4,Monthly,Auto Debit,40.3,No
CUST101586,57,59288.0,648.0,6.3,10818.0,2,1,9.1,Two-Year,Bank Transfer,18.5,No
CUST101587,21,86336.0,645.0,7.6,12906.0,5,1,7.3,Annual,Auto Debit,30.6,Yes
CUST101588,59,84234.0,744.0,4.0,3754.0,1,1,9.1,Monthly,UPI,38.6,Yes
CUST101589,19,43398.0,756.0,0.1,6409.0,3,0,6.1,Annual,Bank Transfer,23.2,Yes
CUST101590,53,46178.0,773.0,0.1,7247.0,2,0,10.0,Annual,Card,23.9,No
CUST101591,34,67391.0,789.0,7.3,11282.0,2,1,7.4,Annual,UPI,11.1,No
CUST101592,36,102975.0,697.0,0.5,6652.0,2,2,8.9,Monthly,Bank Transfer,2.0,Yes
CUST101593,18,22858.0,673.0,5.8,6996.0,1,1,6.4,Two-Year,Card,26.4,No
CUST101594,51,71123.0,764.0,4.9,3558.0,1,2,7.8,Annual,Auto Debit,33.9,No
CUST101595,25,34727.0,729.0,5.7,10192.0,0,0,7.9,Two-Year,Card,15.6,No
CUST101596,49,51045.0,636.0,6.0,7935.0,3,0,5.4,Annual,Card,52.7,No
CUST101597,52,56983.0,633.0,1.5,6211.0,2,0,5.4,Annual,UPI,16.3,No
CUST101598,58,55749.0,717.0,1.4,7592.0,1,2,6.7,Monthly,Card,45.7,Yes
CUST101599,51,53256.0,680.0,6.8,12444.0,1,1,8.9,Annual,UPI,38.3,Yes
CUST101600,32,65159.0,689.0,2.5,4983.0,1,0,3.9,Monthly,Bank Transfer,64.6,Yes
CUST101601,53,53224.0,749.0,0.0,5554.0,0,0,6.4,Two-Year,Card,40.1,No
CUST101602,57,32826.0,732.0,6.6,12883.0,0,1,9.2,Monthly,Card,10.3,Yes
CUST101603,33,82157.0,763.0,1.2,8765.0,0,0,4.9,Monthly,Card,47.8,No
CUST101604,23,81563.0,584.0,6.0,10844.0,3,1,9.1,Annual,Auto Debit,57.5,No
CUST101605,60,83550.0,704.0,9.0,9906.0,1,4,5.1,Annual,Bank Transfer,5.4,Yes
CUST101606,25,31104.0,728.0,4.6,8376.0,1,0,5.4,Annual,Auto Debit,41.6,No
CUST101607,46,71576.0,606.0,7.7,7281.0,1,1,6.7,Annual,Card,44.9,No
CUST101608,29,79872.0,654.0,5.0,11410.0,0,1,10.0,Annual,Card,28.8,No
CUST101609,24,42314.0,644.0,9.6,12568.0,1,1,5.9,Two-Year,UPI,2.0,Yes
CUST101610,55,65202.0,691.0,1.1,12295.0,0,2,4.1,Monthly,Bank Transfer,27.6,Yes
CUST101611,24,62442.0,780.0,4.5,4351.0,1,0,4.6,Annual,UPI,23.3,Yes
CUST101612,50,105527.0,801.0,6.7,13067.0,1,1,8.6,Two-Year,Auto Debit,54.9,No
CUST101613,51,107339.0,645.0,3.9,7247.0,2,1,4.7,Monthly,Bank Transfer,30.7,Yes
CUST101614,20,28384.0,719.0,8.2,5857.0,2,0,9.0,Monthly,Card,25.8,No
CUST101615,26,119866.0,721.0,3.1,7907.0,2,0,7.1,Monthly,Bank Transfer,23.2,No
CUST101616,56,44865.0,711.0,11.1,11409.0,1,1,6.9,Annual,Auto Debit,36.9,No
CUST101617,42,86575.0,712.0,11.3,10392.0,4,1,7.5,Annual,UPI,32.9,No
CUST101618,23,86351.0,707.0,5.4,7606.0,3,1,5.6,Monthly,Bank Transfer,20.2,No
CUST101619,65,43095.0,783.0,6.3,11432.0,1,0,7.2,Monthly,Auto Debit,36.0,Yes
CUST101620,30,75852.0,751.0,8.3,8990.0,3,2,5.0,Monthly,Bank Transfer,23.6,Yes
CUST101621,18,62634.0,632.0,0.7,6495.0,1,0,9.3,Annual,Bank Transfer,2.0,No
CUST101622,62,77195.0,734.0,0.3,6022.0,1,0,5.3,Monthly,Bank Transfer,42.0,Yes
CUST101623,18,70075.0,739.0,8.5,9936.0,1,4,7.7,Annual,UPI,40.6,Yes
CUST101624,44,91319.0,707.0,5.4,8211.0,2,1,5.2,Two-Year,Auto Debit,35.0,No
CUST101625,65,66659.0,752.0,3.8,3686.0,2,2,6.1,Annual,Card,25.4,Yes
CUST101626,45,61307.0,700.0,4.5,11465.0,2,3,6.4,Two-Year,Card,30.9,Yes
CUST101627,46,89113.0,701.0,0.0,6819.0,2,1,10.0,Two-Year,Auto Debit,44.3,No
CUST101628,36,77769.0,697.0,3.9,14072.0,2,1,7.0,Annual,UPI,22.5,Yes
CUST101629,24,81100.0,579.0,2.1,3590.0,1,0,5.6,Annual,Card,44.9,No
CUST101630,45,50379.0,686.0,7.4,7868.0,2,2,6.2,Two-Year,Bank Transfer,9.9,Yes
CUST101631,61,42004.0,653.0,7.7,6050.0,1,0,4.4,Annual,UPI,34.5,Yes
CUST101632,22,52510.0,625.0,6.3,5086.0,2,1,6.7,Monthly,Bank Transfer,32.4,Yes
CUST101633,60,51342.0,769.0,5.8,6796.0,1,0,10.0,Monthly,Bank Transfer,47.0,No
CUST101634,37,82296.0,718.0,0.0,14697.0,3,1,7.6,Annual,Card,18.2,Yes
CUST101635,43,86472.0,688.0,6.4,9002.0,3,0,8.5,Two-Year,UPI,19.9,Yes
CUST101636,25,61587.0,659.0,6.5,5729.0,1,0,5.5,Annual,Card,11.1,Yes
CUST101637,47,96480.0,706.0,8.5,2100.0,0,2,,Monthly,Auto Debit,23.5,Yes
CUST101638,26,95106.0,745.0,11.3,2475.0,1,0,7.3,Annual,Bank Transfer,35.8,No
CUST101639,31,70355.0,645.0,0.0,6622.0,5,2,,Two-Year,Auto Debit,5.0,Yes
CUST101640,52,46918.0,690.0,3.3,6282.0,1,1,7.7,Annual,Bank Transfer,25.4,Yes
CUST101641,20,99658.0,738.0,2.1,7716.0,0,0,8.0,Annual,Auto Debit,41.2,No
CUST101642,39,63658.0,584.0,5.1,1000.0,2,1,7.9,Monthly,Auto Debit,30.5,Yes
CUST101643,46,67776.0,687.0,4.5,8179.0,2,2,6.7,Monthly,Bank Transfer,33.1,Yes
CUST101644,24,57529.0,666.0,3.8,12097.0,1,0,8.9,Two-Year,Card,9.4,No
CUST101645,32,45425.0,683.0,7.8,14180.0,2,0,6.6,Monthly,Bank Transfer,30.5,No
CUST101646,34,32690.0,662.0,1.0,1869.0,0,1,6.4,Two-Year,Auto Debit,32.4,Yes
CUST101647,49,78923.0,698.0,1.2,5695.0,1,0,9.5,Monthly,Card,29.5,Yes
CUST101648,64,47765.0,796.0,1.2,5510.0,2,2,5.1,Two-Year,Card,34.3,Yes
CUST101649,58,132310.0,672.0,3.3,9010.0,1,1,4.1,Monthly,Auto Debit,27.4,No
CUST101650,27,41106.0,706.0,0.6,4231.0,2,1,5.5,Annual,Bank Transfer,25.2,Yes
CUST101651,18,37338.0,800.0,4.3,14388.0,2,0,7.7,Annual,UPI,16.4,No
CUST101652,20,76223.0,660.0,4.0,8652.0,0,2,9.2,Annual,Card,46.6,No
CUST101653,46,98645.0,790.0,2.0,8069.0,0,0,5.9,Annual,Card,13.6,No
CUST101654,25,66421.0,690.0,7.3,14074.0,2,0,10.0,Monthly,Card,34.4,No
CUST101655,29,77589.0,788.0,4.3,8444.0,1,1,7.0,Monthly,Auto Debit,59.2,No
CUST101656,58,24442.0,731.0,7.9,9901.0,1,1,6.8,Monthly,Auto Debit,48.5,Yes
CUST101657,59,50095.0,707.0,3.9,5872.0,2,2,5.6,Annual,Auto Debit,39.6,Yes
CUST101658,58,41380.0,686.0,4.4,3703.0,1,0,10.0,Annual,Bank Transfer,35.7,No
CUST101659,30,23309.0,656.0,2.7,6364.0,1,1,6.7,Monthly,Bank Transfer,30.1,Yes
CUST101660,47,67574.0,694.0,4.5,16154.0,1,0,4.7,Annual,Bank Transfer,18.5,Yes
CUST101661,47,18000.0,739.0,6.8,10716.0,0,4,10.0,Monthly,Card,28.2,Yes
CUST101662,26,35912.0,689.0,3.2,9461.0,3,1,7.7,Monthly,UPI,40.6,Yes
CUST101663,44,53182.0,673.0,6.2,5083.0,0,2,8.4,Monthly,UPI,37.8,No
CUST101664,43,46712.0,676.0,1.9,11689.0,2,2,9.9,Annual,Bank Transfer,43.8,No
CUST101665,37,,745.0,6.9,3748.0,2,1,8.0,Monthly,Bank Transfer,50.3,Yes
CUST101666,54,71723.0,757.0,2.6,3015.0,2,0,8.7,Two-Year,Card,29.6,Yes
CUST101667,50,84664.0,653.0,7.2,6544.0,2,1,7.1,Annual,UPI,34.9,No
CUST101668,43,81552.0,653.0,4.7,15341.0,1,1,8.2,Annual,UPI,3.5,Yes
CUST101669,52,90098.0,711.0,9.4,15143.0,4,2,6.9,Monthly,Card,65.8,Yes
CUST101670,54,64958.0,774.0,0.8,6921.0,1,0,7.0,Annual,Auto Debit,25.8,No
CUST101671,45,71676.0,753.0,0.0,6140.0,0,1,7.2,Two-Year,Card,41.8,Yes
CUST101672,30,76253.0,621.0,2.5,2759.0,1,1,6.3,Annual,Auto Debit,25.8,Yes
CUST101673,54,68116.0,675.0,0.1,8773.0,0,0,7.9,Monthly,Auto Debit,25.4,No
CUST101674,52,56262.0,639.0,0.1,9067.0,1,3,7.9,Monthly,Auto Debit,28.4,Yes
CUST101675,65,57686.0,675.0,6.5,11263.0,3,3,8.4,Monthly,Auto Debit,13.3,Yes
CUST101676,25,47014.0,778.0,4.5,11687.0,3,0,8.1,Monthly,UPI,2.0,Yes
CUST101677,38,74276.0,612.0,3.0,7809.0,0,2,10.0,Annual,Auto Debit,49.4,No
CUST101678,62,62932.0,601.0,3.3,10446.0,1,0,8.8,Monthly,Auto Debit,40.2,No
CUST101679,42,50410.0,644.0,2.6,6048.0,5,3,6.6,Two-Year,Auto Debit,18.3,Yes
CUST101680,63,50431.0,706.0,9.8,10380.0,1,2,7.8,Monthly,UPI,38.8,Yes
CUST101681,18,38371.0,724.0,2.1,6725.0,3,0,9.4,Annual,Card,44.4,No
CUST101682,19,86535.0,714.0,0.3,10108.0,2,1,5.4,Two-Year,Bank Transfer,21.6,No
CUST101683,56,66730.0,755.0,7.0,9825.0,2,1,10.0,Monthly,UPI,38.2,No
CUST101684,35,46018.0,593.0,3.8,8741.0,0,2,5.7,Monthly,Auto Debit,47.1,Yes
CUST101685,42,82788.0,755.0,11.0,11281.0,1,1,8.5,Annual,Card,10.4,Yes
CUST101686,38,52670.0,673.0,2.8,3004.0,3,0,7.0,Annual,UPI,40.0,No
CUST101687,37,34057.0,730.0,7.2,4773.0,0,0,6.9,Annual,Card,37.5,No
CUST101688,63,87467.0,617.0,8.0,7555.0,1,1,4.8,Two-Year,Card,60.2,No
CUST101689,22,,690.0,2.8,3449.0,2,2,8.5,Annual,Bank Transfer,40.4,No
CUST101690,55,56004.0,703.0,2.1,7076.0,2,2,4.8,Two-Year,Bank Transfer,25.8,No
CUST101691,60,65906.0,754.0,6.9,7189.0,0,0,4.5,Monthly,Card,27.6,Yes
CUST101692,49,90137.0,603.0,6.3,13084.0,5,0,9.0,Monthly,Bank Transfer,62.4,Yes
CUST101693,36,65441.0,692.0,0.0,8999.0,1,1,10.0,Monthly,Auto Debit,26.7,Yes
CUST101694,25,38619.0,630.0,0.9,12103.0,3,2,5.9,Annual,Card,40.8,No
CUST101695,50,76965.0,718.0,0.0,9556.0,1,0,8.7,Monthly,Card,28.4,No
CUST101696,40,54330.0,733.0,6.4,6625.0,2,0,8.4,Monthly,UPI,48.2,No
CUST101697,25,106534.0,761.0,3.7,8968.0,0,0,6.8,Two-Year,Card,49.0,No
CUST101698,35,64975.0,661.0,4.0,11053.0,2,2,9.3,Monthly,Card,31.7,Yes
CUST101699,64,18000.0,741.0,0.0,12677.0,2,1,6.7,Monthly,Auto Debit,25.9,Yes
CUST101700,30,72862.0,765.0,1.0,8037.0,0,0,7.9,Monthly,UPI,25.5,No
CUST101701,26,107781.0,600.0,3.0,2734.0,4,0,4.9,Monthly,Bank Transfer,6.1,Yes
CUST101702,50,99670.0,724.0,2.3,2488.0,3,0,4.9,Monthly,Auto Debit,33.5,Yes
CUST101703,27,105281.0,743.0,4.9,7358.0,1,0,9.0,Monthly,Card,33.2,No
CUST101704,62,42565.0,676.0,6.4,1000.0,3,0,7.9,Monthly,UPI,19.8,Yes
CUST101705,59,85067.0,623.0,11.8,14783.0,0,1,6.8,Two-Year,Bank Transfer,4.5,Yes
CUST101706,65,49116.0,742.0,4.4,10589.0,3,0,10.0,Monthly,Bank Transfer,35.1,Yes
CUST101707,61,69934.0,624.0,8.1,6275.0,1,0,10.0,Annual,Bank Transfer,37.0,No
CUST101708,29,36995.0,680.0,1.8,4616.0,2,0,7.7,Annual,Auto Debit,37.9,Yes
CUST101709,28,50822.0,688.0,0.0,12098.0,2,0,4.5,Annual,UPI,17.2,No
CUST101710,34,,,3.4,4602.0,0,0,6.8,Two-Year,UPI,38.0,Yes
CUST101711,40,84768.0,656.0,0.0,4936.0,2,0,5.6,Annual,Card,29.3,No
CUST101712,60,82616.0,652.0,4.5,5819.0,1,1,7.2,Monthly,Bank Transfer,45.0,Yes
CUST101713,53,71090.0,695.0,2.0,8899.0,2,0,5.4,Monthly,Auto Debit,17.4,Yes
CUST101714,48,35291.0,745.0,0.0,10673.0,1,1,5.0,Monthly,Bank Transfer,49.3,Yes
CUST101715,60,58144.0,816.0,10.1,12674.0,1,1,3.2,Two-Year,UPI,54.6,Yes
CUST101716,49,48585.0,607.0,2.8,12157.0,1,3,7.3,Annual,Auto Debit,33.7,Yes
CUST101717,36,84133.0,707.0,0.0,8503.0,2,1,3.1,Monthly,Card,38.1,Yes
CUST101718,37,90920.0,630.0,7.4,12072.0,1,1,6.5,Monthly,Auto Debit,43.8,Yes
CUST101719,42,88240.0,746.0,2.2,6152.0,1,1,8.2,Two-Year,Card,16.6,No
CUST101720,22,48385.0,638.0,8.0,2127.0,4,1,5.8,Annual,Auto Debit,24.7,No
CUST101721,53,18000.0,653.0,2.2,6151.0,1,0,5.2,Monthly,Bank Transfer,34.8,Yes
CUST101722,49,26127.0,658.0,2.8,5678.0,2,1,6.9,Two-Year,Bank Transfer,62.4,Yes
CUST101723,53,96276.0,686.0,5.6,6288.0,3,0,5.6,Annual,Auto Debit,14.1,Yes
CUST101724,43,56172.0,708.0,6.4,5142.0,2,0,7.3,Monthly,UPI,56.6,Yes
CUST101725,55,48484.0,717.0,7.0,6886.0,1,1,5.2,Monthly,Card,29.1,Yes
CUST101726,63,101139.0,690.0,4.2,10670.0,2,1,6.8,Annual,UPI,31.5,Yes
CUST101727,45,92834.0,617.0,6.2,14503.0,4,1,6.4,Monthly,Auto Debit,50.3,No
CUST101728,39,65538.0,730.0,6.9,2461.0,2,0,7.0,Two-Year,Auto Debit,62.3,No
CUST101729,23,58545.0,687.0,5.1,3993.0,1,1,9.8,Annual,Auto Debit,38.3,No
CUST101730,55,62094.0,754.0,4.0,5730.0,3,0,7.3,Annual,UPI,49.5,No
CUST101731,61,69998.0,651.0,0.0,11180.0,4,1,7.9,Annual,Card,18.2,No
CUST101732,51,,602.0,6.4,7783.0,0,0,5.9,Two-Year,Card,24.1,No
CUST101733,59,74294.0,688.0,4.6,5966.0,0,2,7.4,Monthly,Auto Debit,11.7,Yes
CUST101734,59,80973.0,761.0,3.2,11009.0,2,1,6.5,Monthly,Auto Debit,24.3,No
CUST101735,56,90724.0,699.0,8.6,11847.0,1,1,7.1,Annual,Auto Debit,40.5,Yes
CUST101736,42,39267.0,679.0,0.0,8434.0,2,1,8.1,Monthly,Auto Debit,35.2,No
CUST101737,22,81607.0,642.0,9.8,5643.0,0,0,6.1,Annual,Auto Debit,57.9,No
CUST101738,18,58519.0,787.0,4.4,9446.0,2,1,6.3,Annual,Card,62.8,No
CUST101739,27,18000.0,633.0,5.5,7684.0,2,0,6.2,Monthly,Bank Transfer,30.0,No
CUST101740,38,18180.0,650.0,3.2,7656.0,3,0,6.1,Monthly,Bank Transfer,21.8,Yes
CUST101741,53,42601.0,721.0,0.0,6707.0,0,1,7.3,Annual,UPI,49.4,No
CUST101742,39,76687.0,588.0,4.1,11737.0,3,1,6.4,Monthly,Auto Debit,51.0,No
CUST101743,19,67504.0,760.0,5.6,9375.0,0,2,9.5,Monthly,UPI,38.6,No
CUST101744,28,69056.0,724.0,6.7,12125.0,1,1,10.0,Monthly,Auto Debit,42.6,No
CUST101745,65,107921.0,739.0,3.9,13177.0,4,0,6.0,Monthly,Card,40.2,Yes
CUST101746,65,37080.0,721.0,0.0,10106.0,1,4,7.5,Annual,UPI,17.2,Yes
CUST101747,36,64396.0,681.0,0.0,6727.0,2,1,8.8,Two-Year,Bank Transfer,13.7,Yes
CUST101748,56,71698.0,632.0,11.1,12141.0,0,2,6.5,Annual,Card,31.2,No
CUST101749,52,48802.0,682.0,1.0,10130.0,3,2,5.3,Annual,Card,29.0,Yes
CUST101750,62,65623.0,636.0,9.1,17612.0,5,2,10.0,Monthly,Auto Debit,36.2,Yes
CUST101751,60,29801.0,717.0,1.5,9585.0,4,1,8.2,Two-Year,Bank Transfer,30.0,No
CUST101752,48,96018.0,734.0,3.9,10942.0,2,0,7.5,Two-Year,Bank Transfer,6.5,No
CUST101753,36,50004.0,771.0,6.5,9516.0,1,0,9.5,Two-Year,Auto Debit,2.0,No
CUST101754,48,109691.0,710.0,1.9,8153.0,2,3,8.3,Monthly,Auto Debit,43.1,Yes
CUST101755,33,64286.0,741.0,9.6,7594.0,1,0,6.9,Monthly,UPI,22.1,No
CUST101756,34,87617.0,674.0,4.7,9530.0,6,1,5.3,Monthly,Card,28.5,Yes
CUST101757,47,63827.0,664.0,6.0,10324.0,0,1,6.2,Monthly,Auto Debit,23.6,Yes
CUST101758,45,64324.0,716.0,3.6,12540.0,1,2,9.0,Monthly,Auto Debit,18.3,No
CUST101759,45,52151.0,669.0,6.6,9581.0,4,1,8.2,Two-Year,UPI,17.9,No
CUST101760,36,67621.0,705.0,9.6,6880.0,1,2,6.7,Monthly,UPI,47.3,Yes
CUST101761,37,71996.0,632.0,4.1,7356.0,1,0,10.0,Monthly,Card,28.4,No
CUST101762,18,47746.0,642.0,10.0,3870.0,2,0,6.7,Two-Year,Bank Transfer,41.5,No
CUST101763,46,62249.0,725.0,2.5,14314.0,1,0,8.7,Two-Year,Auto Debit,43.5,Yes
CUST101764,45,51578.0,739.0,6.9,6606.0,0,1,7.4,Monthly,Card,36.7,No
CUST101765,62,115593.0,636.0,6.1,11886.0,0,1,10.0,Monthly,UPI,44.0,No
CUST101766,42,63026.0,727.0,1.1,9468.0,1,2,8.3,Two-Year,Bank Transfer,32.2,No
CUST101767,40,98995.0,661.0,5.2,9563.0,3,1,7.1,Two-Year,UPI,52.5,No
CUST101768,21,60696.0,691.0,4.5,8089.0,0,4,6.7,Annual,Bank Transfer,44.4,Yes
CUST101769,27,70704.0,768.0,1.8,5743.0,1,0,7.0,Monthly,Auto Debit,46.3,No
CUST101770,34,35930.0,734.0,5.6,5110.0,1,2,5.8,Annual,Bank Transfer,17.9,Yes
CUST101771,36,55164.0,734.0,5.0,14550.0,2,1,4.7,Annual,Auto Debit,35.9,No
CUST101772,35,69632.0,795.0,4.3,8899.0,2,0,7.5,Monthly,Bank Transfer,4.5,No
CUST101773,36,99892.0,651.0,4.3,12438.0,1,1,6.1,Monthly,Auto Debit,53.0,Yes
CUST101774,54,69884.0,636.0,4.2,13347.0,0,1,6.1,Two-Year,Auto Debit,22.7,Yes
CUST101775,24,95442.0,650.0,3.3,7062.0,1,3,6.8,Annual,UPI,24.7,Yes
CUST101776,33,79096.0,676.0,4.9,9982.0,1,0,7.1,Monthly,Bank Transfer,11.5,Yes
CUST101777,25,100803.0,560.0,2.4,8658.0,4,0,7.0,Annual,Card,31.5,No
CUST101778,32,63701.0,679.0,13.0,4450.0,1,3,10.0,Annual,UPI,28.0,No
CUST101779,50,117585.0,660.0,0.0,7851.0,2,0,8.1,Monthly,UPI,59.3,Yes
CUST101780,20,54321.0,733.0,2.6,10556.0,2,0,10.0,Monthly,UPI,44.9,No
CUST101781,34,48138.0,709.0,2.9,6753.0,3,2,6.3,Monthly,UPI,24.3,Yes
CUST101782,19,38379.0,657.0,11.0,7363.0,2,3,8.3,Two-Year,UPI,7.0,Yes
CUST101783,63,116283.0,722.0,0.3,7893.0,1,1,6.3,Monthly,Auto Debit,2.0,Yes
CUST101784,52,83028.0,730.0,5.9,15890.0,0,0,6.0,Two-Year,Card,16.6,Yes
CUST101785,29,57649.0,648.0,5.3,2081.0,0,1,10.0,Annual,UPI,12.0,No
CUST101786,27,92478.0,663.0,5.6,10256.0,1,0,5.7,Two-Year,Card,37.2,Yes
CUST101787,22,80129.0,568.0,8.5,7613.0,2,2,3.2,Two-Year,Bank Transfer,29.8,No
CUST101788,40,108255.0,630.0,8.4,6258.0,1,1,5.8,Two-Year,Bank Transfer,32.3,No
CUST101789,54,30948.0,649.0,3.1,7527.0,3,0,3.6,Two-Year,UPI,17.8,Yes
CUST101790,46,59162.0,694.0,5.1,10836.0,1,1,5.4,Monthly,UPI,34.3,Yes
CUST101791,60,54825.0,638.0,0.0,11036.0,4,4,5.5,Monthly,Bank Transfer,10.7,Yes
CUST101792,34,21579.0,662.0,4.8,9151.0,2,2,7.1,Monthly,Auto Debit,30.7,Yes
CUST101793,31,88327.0,623.0,2.0,12325.0,0,2,3.5,Annual,UPI,44.5,Yes
CUST101794,40,59051.0,699.0,3.9,12941.0,1,0,9.0,Monthly,Auto Debit,26.5,No
CUST101795,27,81272.0,713.0,0.0,11357.0,2,1,3.8,Monthly,UPI,38.7,Yes
CUST101796,64,116915.0,712.0,5.8,6588.0,2,1,6.8,Monthly,Card,2.3,Yes
CUST101797,26,57229.0,691.0,0.0,10231.0,1,2,6.4,Annual,UPI,2.0,Yes
CUST101798,40,55735.0,605.0,5.0,10247.0,1,1,8.4,Monthly,Card,36.9,Yes
CUST101799,43,67611.0,656.0,0.6,5645.0,0,0,7.6,Monthly,Auto Debit,47.7,Yes
CUST101800,20,86719.0,668.0,1.8,3007.0,1,1,9.0,Annual,UPI,28.4,No
CUST101801,40,52532.0,668.0,8.2,1420.0,1,2,6.4,Annual,Bank Transfer,64.2,No
CUST101802,39,51119.0,694.0,6.4,8744.0,2,0,6.2,Two-Year,Card,10.3,Yes
CUST101803,30,88258.0,768.0,8.2,9543.0,1,1,7.7,Annual,Bank Transfer,21.8,No
CUST101804,24,73330.0,735.0,9.5,4364.0,1,1,8.7,Annual,UPI,34.1,No
CUST101805,20,20016.0,636.0,2.0,12161.0,2,1,8.4,Monthly,Card,39.0,No
CUST101806,18,38041.0,727.0,9.3,9033.0,3,1,7.5,Monthly,Auto Debit,23.2,No
CUST101807,41,98027.0,725.0,0.0,13223.0,2,0,7.4,Annual,Bank Transfer,16.1,No
CUST101808,22,73842.0,646.0,6.9,9797.0,0,1,6.9,Monthly,Auto Debit,41.3,Yes
CUST101809,64,,737.0,2.9,4768.0,0,0,7.7,Two-Year,Bank Transfer,34.0,Yes
CUST101810,29,61251.0,681.0,1.5,10104.0,2,0,10.0,Two-Year,UPI,26.8,No
CUST101811,49,65291.0,612.0,6.5,10845.0,2,2,6.6,Monthly,Card,39.5,No
CUST101812,50,81186.0,715.0,7.5,6583.0,2,2,6.4,Annual,Auto Debit,30.0,Yes
CUST101813,41,35118.0,702.0,7.4,3453.0,1,0,6.3,Monthly,Bank Transfer,29.9,Yes
CUST101814,60,46499.0,677.0,5.2,8851.0,0,0,7.7,Monthly,Bank Transfer,29.4,Yes
CUST101815,23,71005.0,688.0,4.9,4997.0,3,0,3.4,Monthly,Auto Debit,19.7,Yes
CUST101816,29,62804.0,650.0,6.2,12423.0,7,1,6.8,Annual,UPI,18.2,Yes
CUST101817,30,77581.0,724.0,5.5,7075.0,3,0,8.5,Two-Year,Auto Debit,24.1,No
CUST101818,24,37951.0,688.0,6.2,14536.0,1,1,6.1,Monthly,UPI,32.5,Yes
CUST101819,32,72857.0,699.0,5.2,1065.0,1,2,7.3,Annual,Auto Debit,3.9,Yes
CUST101820,33,89015.0,710.0,7.2,8972.0,1,1,10.0,Monthly,Auto Debit,46.2,No
CUST101821,54,75710.0,626.0,0.0,13503.0,0,1,7.6,Monthly,Card,32.3,Yes
CUST101822,32,68060.0,641.0,4.1,5384.0,2,3,3.2,Annual,Card,16.0,No
CUST101823,60,62891.0,568.0,0.1,7943.0,1,1,4.6,Annual,UPI,56.2,Yes
CUST101824,55,46633.0,721.0,5.4,7089.0,2,1,6.6,Annual,Card,32.6,No
CUST101825,61,63416.0,623.0,9.8,6107.0,3,2,5.6,Two-Year,UPI,12.0,Yes
CUST101826,23,,697.0,3.0,9356.0,5,0,7.2,Monthly,Bank Transfer,55.6,Yes
CUST101827,65,62381.0,710.0,4.9,3966.0,2,0,6.5,Annual,UPI,52.3,No
CUST101828,47,45424.0,723.0,6.9,8112.0,0,0,9.0,Monthly,Auto Debit,18.4,No
CUST101829,65,54171.0,624.0,0.0,10306.0,1,1,5.1,Two-Year,Card,27.2,Yes
CUST101830,35,69419.0,686.0,2.8,7747.0,2,1,6.6,Monthly,Auto Debit,25.1,Yes
CUST101831,63,,782.0,5.7,4999.0,2,1,7.4,Monthly,Card,3.7,Yes
CUST101832,46,75677.0,784.0,0.0,12106.0,0,0,7.6,Annual,Auto Debit,36.9,Yes
CUST101833,21,76503.0,744.0,1.4,11056.0,1,1,7.2,Monthly,Bank Transfer,44.7,No
CUST101834,37,84558.0,709.0,8.0,4856.0,1,1,2.9,Annual,Auto Debit,41.9,No
CUST101835,24,96318.0,635.0,7.7,3971.0,1,0,7.1,Two-Year,Bank Transfer,32.5,No
CUST101836,63,86909.0,730.0,5.7,5168.0,1,1,6.7,Monthly,Card,46.1,Yes
CUST101837,32,44447.0,681.0,7.3,10408.0,0,0,8.5,Annual,Bank Transfer,15.0,No
CUST101838,28,45122.0,721.0,5.2,9465.0,0,1,8.2,Two-Year,UPI,59.3,No
CUST101839,44,63333.0,655.0,6.3,11265.0,4,0,7.4,Annual,Auto Debit,20.4,Yes
CUST101840,38,55074.0,680.0,3.5,7358.0,1,1,7.5,Monthly,Bank Transfer,22.1,Yes
CUST101841,22,39957.0,699.0,4.9,5263.0,1,3,9.3,Two-Year,UPI,23.4,No
CUST101842,57,55283.0,704.0,2.5,11716.0,2,0,9.0,Annual,UPI,22.3,No
CUST101843,58,54561.0,717.0,8.5,6563.0,0,0,,Annual,UPI,29.1,No
CUST101844,53,50219.0,658.0,9.4,9153.0,2,1,10.0,Annual,Bank Transfer,28.5,No
CUST101845,47,58053.0,616.0,8.9,3075.0,0,0,5.9,Monthly,Bank Transfer,33.9,No
CUST101846,37,90926.0,779.0,3.2,6506.0,3,2,5.0,Two-Year,UPI,19.7,No
CUST101847,44,69383.0,827.0,1.4,12033.0,1,0,7.0,Monthly,Bank Transfer,34.5,No
CUST101848,43,119380.0,715.0,8.6,5993.0,1,1,6.4,Two-Year,Card,15.6,Yes
CUST101849,25,68751.0,617.0,6.2,11351.0,0,1,2.8,Two-Year,Card,43.0,Yes
CUST101850,21,58619.0,647.0,5.6,1000.0,5,2,5.9,Two-Year,Bank Transfer,42.8,No
CUST101851,30,65091.0,718.0,2.5,6542.0,1,1,7.6,Monthly,Auto Debit,31.9,No
CUST101852,39,70643.0,764.0,5.9,7900.0,1,0,6.9,Monthly,Auto Debit,22.3,Yes
CUST101853,25,74576.0,623.0,1.0,14599.0,3,0,5.7,Monthly,UPI,36.7,Yes
CUST101854,23,110688.0,683.0,6.5,4408.0,1,1,7.1,Monthly,Auto Debit,18.7,No
CUST101855,58,46403.0,701.0,8.9,10848.0,0,2,7.2,Monthly,Bank Transfer,32.5,Yes
CUST101856,35,83899.0,738.0,9.7,12199.0,3,0,8.2,Annual,UPI,29.7,No
CUST101857,46,69571.0,671.0,6.8,5975.0,1,1,5.9,Monthly,Auto Debit,71.4,Yes
CUST101858,43,30436.0,604.0,0.1,7193.0,0,0,8.5,Two-Year,Card,13.6,No
CUST101859,53,81955.0,724.0,5.1,8996.0,2,2,5.1,Monthly,Card,2.0,Yes
CUST101860,53,92888.0,752.0,11.3,3315.0,3,0,6.1,Monthly,Auto Debit,22.4,Yes
CUST101861,32,46142.0,685.0,1.7,6907.0,0,0,9.9,Annual,Bank Transfer,6.3,No
CUST101862,58,,712.0,4.3,12966.0,2,0,5.3,Monthly,UPI,21.1,Yes
CUST101863,35,27042.0,664.0,9.0,10329.0,0,0,5.9,Annual,UPI,12.5,No
CUST101864,58,37306.0,643.0,6.5,7951.0,2,0,4.9,Annual,Auto Debit,18.4,Yes
CUST101865,37,88057.0,746.0,12.4,8896.0,0,0,5.6,Annual,Card,16.0,No
CUST101866,23,54739.0,711.0,2.2,10533.0,0,0,7.2,Annual,UPI,46.4,No
CUST101867,54,40606.0,717.0,1.3,11203.0,1,2,8.2,Two-Year,UPI,31.3,No
CUST101868,19,70048.0,773.0,8.4,6553.0,1,0,,Two-Year,Auto Debit,48.1,No
CUST101869,55,53507.0,632.0,0.7,13872.0,1,1,6.4,Monthly,Bank Transfer,32.6,Yes
CUST101870,20,54642.0,660.0,3.9,13107.0,2,1,4.9,Annual,Bank Transfer,45.9,Yes
CUST101871,27,81265.0,699.0,4.3,10870.0,3,1,5.8,Two-Year,Bank Transfer,27.5,Yes
CUST101872,46,39442.0,659.0,7.8,5550.0,1,1,4.4,Monthly,Card,55.9,Yes
CUST101873,63,45082.0,733.0,6.5,4929.0,0,2,8.3,Annual,Auto Debit,39.1,Yes
CUST101874,37,68390.0,680.0,6.0,7357.0,0,1,8.4,Annual,Bank Transfer,20.3,No
CUST101875,23,86327.0,635.0,3.2,8713.0,0,1,6.9,Monthly,Bank Transfer,41.3,No
CUST101876,29,92240.0,694.0,8.4,2310.0,2,2,7.8,Monthly,Auto Debit,32.4,Yes
CUST101877,61,50369.0,699.0,17.4,10231.0,2,3,8.5,Annual,UPI,29.0,No
CUST101878,52,85622.0,741.0,6.7,13006.0,1,1,7.2,Monthly,Card,33.4,Yes
CUST101879,22,47749.0,712.0,4.8,10518.0,4,1,9.4,Monthly,Auto Debit,43.3,No
CUST101880,36,105177.0,715.0,0.3,6134.0,4,2,5.3,Two-Year,UPI,2.0,Yes
CUST101881,30,40057.0,708.0,2.5,5720.0,0,0,6.4,Two-Year,Card,26.7,No
CUST101882,26,94227.0,680.0,3.8,9549.0,0,0,6.2,Annual,UPI,42.2,No
CUST101883,58,50557.0,651.0,2.8,7963.0,3,1,8.1,Monthly,Bank Transfer,35.7,Yes
CUST101884,47,109291.0,706.0,4.4,10051.0,1,2,4.6,Monthly,Auto Debit,15.1,Yes
CUST101885,26,78009.0,672.0,10.2,10606.0,3,2,9.5,Two-Year,Card,2.0,No
CUST101886,49,42648.0,783.0,8.5,12322.0,1,1,8.0,Monthly,Bank Transfer,57.5,No
CUST101887,37,53511.0,764.0,4.0,4538.0,0,0,10.0,Two-Year,Auto Debit,29.2,No
CUST101888,20,82186.0,725.0,0.6,9276.0,1,0,6.9,Annual,Auto Debit,54.7,Yes
CUST101889,39,88158.0,711.0,8.8,7228.0,1,2,6.1,Monthly,Auto Debit,43.9,Yes
CUST101890,26,63444.0,685.0,4.3,8155.0,2,2,8.1,Annual,Card,20.1,No
CUST101891,29,65982.0,621.0,0.0,11525.0,2,0,8.8,Two-Year,UPI,2.0,No
CUST101892,60,81684.0,678.0,6.8,11906.0,0,0,5.8,Two-Year,Bank Transfer,25.1,No
CUST101893,52,67900.0,696.0,7.8,13395.0,2,0,3.6,Annual,Bank Transfer,31.4,Yes
CUST101894,24,36543.0,703.0,0.0,9990.0,0,2,3.9,Monthly,Card,38.8,Yes
CUST101895,58,47115.0,716.0,1.9,8115.0,3,1,7.4,Annual,Bank Transfer,15.3,No
CUST101896,45,70173.0,741.0,4.1,7615.0,2,0,9.6,Annual,Bank Transfer,34.7,No
CUST101897,59,91741.0,652.0,6.9,2428.0,2,0,4.8,Annual,Card,34.7,Yes
CUST101898,53,100552.0,652.0,2.8,13189.0,1,0,6.5,Monthly,Card,46.8,Yes
CUST101899,34,82150.0,770.0,1.8,7373.0,2,0,6.4,Two-Year,Card,27.4,Yes
CUST101900,43,71320.0,732.0,6.8,10271.0,1,0,10.0,Annual,Card,38.6,No
CUST101901,43,81474.0,669.0,3.0,10876.0,1,0,10.0,Monthly,Bank Transfer,36.3,No
CUST101902,52,50331.0,684.0,6.2,4141.0,2,1,7.7,Monthly,UPI,45.1,Yes
CUST101903,29,61629.0,684.0,0.9,5268.0,2,0,8.5,Monthly,Card,19.7,No
CUST101904,33,46869.0,692.0,0.2,13915.0,4,1,8.5,Monthly,Bank Transfer,2.0,Yes
CUST101905,29,37528.0,716.0,6.9,9517.0,1,1,4.8,Monthly,UPI,28.4,No
CUST101906,32,72338.0,829.0,5.3,6468.0,1,1,8.2,Annual,Auto Debit,28.5,No
CUST101907,25,69081.0,700.0,7.5,8058.0,2,0,5.3,Monthly,Auto Debit,14.6,Yes
CUST101908,19,80128.0,726.0,2.8,12302.0,2,1,6.7,Monthly,Card,9.4,No
CUST101909,63,77014.0,597.0,2.0,11770.0,0,2,8.9,Monthly,Bank Transfer,23.4,Yes
CUST101910,21,70338.0,663.0,8.9,3369.0,0,1,7.1,Monthly,Card,30.3,No
CUST101911,60,77246.0,758.0,0.0,14220.0,1,1,8.9,Monthly,Card,33.4,No
CUST101912,18,64061.0,712.0,8.5,11882.0,2,0,9.2,Monthly,UPI,2.0,Yes
CUST101913,55,74084.0,450.0,8.7,7966.0,2,1,4.0,Annual,Auto Debit,5.7,Yes
CUST101914,33,49025.0,727.0,7.3,4329.0,2,0,3.3,Annual,Auto Debit,48.9,Yes
CUST101915,42,73134.0,795.0,2.3,12189.0,0,1,9.0,Annual,Auto Debit,29.2,No
CUST101916,31,79705.0,580.0,1.9,10167.0,4,0,9.0,Monthly,UPI,32.0,No
CUST101917,41,50267.0,774.0,3.8,3398.0,1,1,7.4,Monthly,Auto Debit,12.0,Yes
CUST101918,39,66140.0,538.0,0.4,7688.0,0,0,7.7,Monthly,Bank Transfer,31.9,Yes
CUST101919,43,51281.0,742.0,1.4,19442.0,0,0,8.5,Monthly,Bank Transfer,26.4,No
CUST101920,36,53417.0,690.0,6.6,8558.0,2,1,8.5,Annual,Card,22.7,Yes
CUST101921,43,40252.0,561.0,6.6,5903.0,3,1,6.5,Annual,UPI,10.1,Yes
CUST101922,57,92847.0,715.0,1.1,4970.0,3,1,8.6,Annual,Card,19.0,Yes
CUST101923,38,88445.0,753.0,6.7,14702.0,0,0,6.4,Monthly,UPI,61.6,No
CUST101924,35,76824.0,710.0,6.0,11467.0,1,2,7.4,Monthly,Auto Debit,26.8,Yes
CUST101925,24,,722.0,9.3,13426.0,1,0,7.3,Two-Year,Auto Debit,43.8,No
CUST101926,35,60837.0,667.0,6.3,9369.0,2,1,5.5,Monthly,Auto Debit,29.1,Yes
CUST101927,24,131699.0,588.0,7.9,12889.0,0,0,5.7,Monthly,Auto Debit,27.3,Yes
CUST101928,26,59994.0,728.0,6.0,5531.0,1,1,10.0,Monthly,UPI,22.5,No
CUST101929,63,70614.0,786.0,7.6,9069.0,1,1,5.5,Two-Year,Bank Transfer,52.2,No
CUST101930,22,56249.0,752.0,0.4,9505.0,2,1,7.6,Two-Year,Auto Debit,37.6,No
CUST101931,41,73191.0,581.0,4.1,13339.0,3,1,8.0,Monthly,Bank Transfer,20.2,Yes
CUST101932,58,83384.0,607.0,4.4,9616.0,6,1,6.9,Monthly,Bank Transfer,26.1,Yes
CUST101933,63,62494.0,643.0,3.7,6311.0,3,0,8.1,Annual,Card,48.1,No
CUST101934,25,104088.0,602.0,5.9,8724.0,2,2,7.6,Monthly,Auto Debit,2.0,Yes
CUST101935,25,70261.0,692.0,6.5,2633.0,0,0,5.5,Monthly,Bank Transfer,36.7,No
CUST101936,35,70951.0,712.0,5.8,1000.0,1,0,7.9,Monthly,Bank Transfer,40.1,Yes
CUST101937,44,45002.0,611.0,3.9,11410.0,2,1,6.1,Monthly,UPI,20.8,Yes
CUST101938,64,74207.0,733.0,2.1,7188.0,0,0,10.0,Monthly,Auto Debit,34.3,Yes
CUST101939,27,62051.0,723.0,8.0,7585.0,0,0,,Annual,Bank Transfer,39.5,No
CUST101940,25,51619.0,660.0,5.6,11408.0,1,1,5.8,Annual,Auto Debit,13.5,Yes
CUST101941,30,47918.0,681.0,1.2,13390.0,3,0,7.6,Annual,Bank Transfer,44.6,Yes
CUST101942,59,123779.0,583.0,3.9,10371.0,0,0,5.4,Monthly,Bank Transfer,36.5,Yes
CUST101943,19,59204.0,672.0,0.0,15248.0,2,2,7.4,Monthly,Auto Debit,29.7,Yes
CUST101944,36,32946.0,690.0,4.6,10259.0,2,0,6.6,Two-Year,UPI,33.6,No
CUST101945,23,49639.0,699.0,3.9,9558.0,0,1,5.6,Monthly,Card,42.6,Yes
CUST101946,25,63866.0,711.0,2.7,9341.0,1,1,5.6,Monthly,UPI,66.7,Yes
CUST101947,62,77027.0,703.0,9.6,4001.0,3,3,10.0,Monthly,Bank Transfer,41.1,No
CUST101948,18,77206.0,675.0,0.8,11846.0,0,2,7.2,Monthly,Card,44.2,Yes
CUST101949,33,79886.0,706.0,6.8,1000.0,1,1,6.3,Annual,UPI,34.9,No
CUST101950,61,50813.0,745.0,11.5,6448.0,3,2,6.0,Monthly,Auto Debit,60.5,Yes
CUST101951,47,72490.0,685.0,7.9,8580.0,1,1,7.8,Annual,UPI,10.0,No
CUST101952,21,45727.0,707.0,4.4,5736.0,1,0,5.9,Monthly,UPI,5.9,Yes
CUST101953,40,51368.0,680.0,0.9,6919.0,2,2,5.1,Annual,UPI,34.3,Yes
CUST101954,64,44810.0,654.0,0.1,14938.0,1,1,6.9,Annual,Bank Transfer,41.9,Yes
CUST101955,37,38855.0,719.0,3.2,12364.0,1,1,6.9,Monthly,Card,2.0,Yes
CUST101956,43,88413.0,659.0,2.3,6100.0,1,4,6.3,Two-Year,Bank Transfer,31.9,Yes
CUST101957,43,80149.0,711.0,2.2,6857.0,2,1,5.5,Two-Year,Card,29.3,Yes
CUST101958,49,86487.0,692.0,3.5,4030.0,3,0,6.3,Monthly,Auto Debit,43.2,Yes
CUST101959,26,65865.0,673.0,4.2,10967.0,1,1,6.2,Annual,Card,38.4,No
CUST101960,58,82090.0,672.0,6.1,7626.0,2,2,6.0,Annual,Auto Debit,4.9,Yes
CUST101961,65,26252.0,662.0,0.5,1617.0,1,1,7.5,Annual,Card,15.8,Yes
CUST101962,24,83988.0,599.0,2.3,8853.0,1,1,10.0,Monthly,UPI,19.9,No
CUST101963,57,68897.0,711.0,4.0,10036.0,0,0,9.3,Monthly,Card,43.1,No
CUST101964,57,78796.0,703.0,3.9,11871.0,2,0,10.0,Monthly,UPI,37.6,No
CUST101965,53,73361.0,737.0,10.4,8243.0,4,1,6.0,Monthly,Card,22.7,Yes
CUST101966,35,43285.0,661.0,5.2,7196.0,1,1,9.8,Monthly,UPI,34.2,Yes
CUST101967,40,32043.0,794.0,0.0,15452.0,2,0,7.4,Two-Year,Auto Debit,16.1,Yes
CUST101968,58,49335.0,669.0,5.8,8523.0,2,2,8.7,Monthly,Bank Transfer,62.7,Yes
CUST101969,25,77428.0,642.0,6.2,11018.0,2,0,7.8,Monthly,UPI,40.6,No
CUST101970,57,80182.0,635.0,4.1,6612.0,1,0,6.4,Monthly,Auto Debit,43.8,Yes
CUST101971,62,34905.0,595.0,0.6,10915.0,2,2,8.2,Monthly,Card,52.7,Yes
CUST101972,50,43416.0,774.0,10.1,3405.0,4,2,,Annual,UPI,47.2,Yes
CUST101973,34,49089.0,765.0,1.1,6883.0,2,0,4.0,Two-Year,UPI,32.5,Yes
CUST101974,44,57139.0,723.0,6.6,4271.0,0,0,6.8,Monthly,UPI,29.2,Yes
CUST101975,20,35035.0,641.0,5.1,6383.0,3,2,8.5,Monthly,UPI,51.3,Yes
CUST101976,62,33715.0,790.0,6.4,12877.0,1,1,7.5,Monthly,Card,32.4,Yes
CUST101977,34,46920.0,671.0,10.0,6357.0,1,0,7.8,Two-Year,Bank Transfer,20.8,Yes
CUST101978,20,66898.0,675.0,6.3,11014.0,0,2,5.7,Monthly,Card,61.5,Yes
CUST101979,56,39027.0,769.0,2.7,13810.0,0,1,7.4,Monthly,Auto Debit,18.0,Yes
CUST101980,49,62452.0,726.0,8.0,8403.0,1,1,6.8,Monthly,Auto Debit,6.0,Yes
CUST101981,47,88288.0,811.0,2.5,11978.0,2,0,6.7,Monthly,Card,46.9,Yes
CUST101982,20,36361.0,704.0,5.0,10359.0,3,0,5.8,Monthly,Bank Transfer,21.0,Yes
CUST101983,54,60458.0,668.0,0.4,8908.0,1,0,8.6,Two-Year,Card,38.5,Yes
CUST101984,48,87545.0,656.0,1.2,11126.0,1,0,7.6,Monthly,Card,59.3,Yes
CUST101985,56,55798.0,588.0,4.7,14940.0,1,3,7.4,Monthly,UPI,11.4,Yes
CUST101986,57,52379.0,675.0,5.7,6270.0,2,0,10.0,Monthly,Bank Transfer,31.4,No
CUST101987,28,90597.0,753.0,0.0,5143.0,0,1,7.8,Monthly,UPI,54.3,No
CUST101988,28,58264.0,723.0,6.1,4937.0,1,0,9.0,Two-Year,Bank Transfer,42.2,No
CUST101989,62,89299.0,691.0,1.9,11980.0,1,0,7.5,Annual,Auto Debit,29.3,Yes
CUST101990,43,74437.0,635.0,8.6,12453.0,1,0,6.4,Two-Year,Card,67.8,No
CUST101991,39,57457.0,702.0,3.4,6620.0,4,0,5.2,Two-Year,Bank Transfer,30.6,No
CUST101992,31,,746.0,0.9,1024.0,2,0,7.4,Annual,Auto Debit,38.0,No
CUST101993,48,72050.0,714.0,4.7,6138.0,0,1,2.5,Annual,Bank Transfer,56.7,Yes
CUST101994,54,87459.0,699.0,1.6,10417.0,2,1,7.5,Annual,Card,46.7,No
CUST101995,18,52936.0,646.0,8.6,8266.0,2,1,7.5,Annual,Auto Debit,51.8,No
CUST101996,44,65907.0,738.0,4.5,9131.0,2,0,6.6,Annual,UPI,18.5,Yes
CUST101997,65,63647.0,518.0,4.0,6668.0,4,0,6.8,Annual,Bank Transfer,50.4,Yes
CUST101998,31,80491.0,711.0,6.4,12049.0,2,2,4.9,Monthly,Card,34.5,Yes
CUST101999,31,42446.0,831.0,1.3,9701.0,2,2,9.4,Annual,UPI,20.8,Yes
CUST102000,60,87373.0,607.0,0.4,10553.0,5,1,6.4,Monthly,Bank Transfer,35.3,Yes
CUST102001,20,75259.0,677.0,5.8,9057.0,1,2,5.3,Annual,Bank Transfer,34.9,No
CUST102002,37,36028.0,690.0,1.0,10335.0,2,1,7.9,Annual,Bank Transfer,60.0,No
CUST102003,39,91582.0,665.0,1.0,10105.0,1,3,7.2,Annual,Bank Transfer,37.7,Yes
CUST102004,56,114150.0,747.0,7.2,5252.0,2,1,6.4,Annual,Card,20.3,Yes
CUST102005,24,87040.0,716.0,6.2,9806.0,1,1,6.2,Annual,Card,16.8,No
CUST102006,38,96394.0,698.0,0.5,11270.0,0,2,7.0,Annual,UPI,31.3,Yes
CUST102007,25,66878.0,734.0,2.5,12543.0,3,2,9.3,Monthly,Bank Transfer,11.8,Yes
CUST102008,55,28447.0,691.0,1.6,9956.0,0,0,7.8,Monthly,Auto Debit,21.3,Yes
CUST102009,48,24429.0,850.0,10.2,5122.0,1,0,6.9,Monthly,Card,28.3,Yes
CUST102010,41,70612.0,698.0,7.4,5660.0,1,1,8.4,Monthly,Card,25.7,Yes
CUST102011,36,51976.0,701.0,3.2,6977.0,2,0,7.0,Monthly,Card,42.9,Yes
CUST102012,25,44879.0,596.0,6.3,9163.0,2,0,7.7,Annual,Bank Transfer,20.9,No
CUST102013,62,63620.0,660.0,0.2,8072.0,3,1,7.3,Annual,Bank Transfer,2.0,Yes
CUST102014,49,78543.0,753.0,2.3,4567.0,1,1,8.0,Monthly,Card,6.7,Yes
CUST102015,33,33039.0,617.0,4.8,4546.0,2,3,6.2,Two-Year,UPI,31.7,No
CUST102016,37,55125.0,571.0,5.9,1155.0,0,2,5.1,Monthly,Card,23.2,Yes
CUST102017,52,98217.0,692.0,4.2,1000.0,0,0,8.5,Annual,Card,13.4,No
CUST102018,52,41344.0,765.0,5.3,8039.0,0,0,9.6,Monthly,UPI,61.4,No
CUST102019,40,84135.0,692.0,4.8,16621.0,1,1,5.1,Annual,Card,44.4,Yes
CUST102020,32,54336.0,672.0,4.0,14789.0,2,4,7.3,Monthly,Auto Debit,31.1,Yes
CUST102021,49,77007.0,588.0,3.6,5076.0,0,0,6.2,Monthly,Bank Transfer,35.5,No
CUST102022,49,89141.0,715.0,3.1,9025.0,2,0,8.5,Monthly,UPI,28.0,Yes
CUST102023,46,81308.0,726.0,5.2,3374.0,0,1,7.4,Annual,Auto Debit,13.2,Yes
CUST102024,21,85002.0,592.0,5.8,3908.0,2,1,10.0,Two-Year,UPI,47.5,No
CUST102025,40,39665.0,752.0,5.1,4309.0,3,0,6.5,Annual,Bank Transfer,44.8,Yes
CUST102026,47,89501.0,732.0,0.7,7711.0,1,3,9.6,Annual,Bank Transfer,2.3,No
CUST102027,63,46241.0,752.0,1.3,7861.0,1,0,9.8,Monthly,Bank Transfer,35.4,No
CUST102028,43,70710.0,722.0,5.8,9384.0,4,2,7.9,Annual,Auto Debit,37.1,Yes
CUST102029,34,70681.0,726.0,9.2,10821.0,0,1,7.1,Two-Year,Card,27.2,No
CUST102030,44,75673.0,719.0,5.0,7321.0,1,1,7.2,Monthly,Auto Debit,63.5,No
CUST102031,26,72413.0,738.0,3.2,8627.0,0,1,7.0,Annual,Bank Transfer,61.8,No
CUST102032,22,46436.0,590.0,5.2,4672.0,2,2,8.9,Monthly,Card,26.3,Yes
CUST102033,50,35303.0,607.0,0.9,3794.0,3,0,5.5,Monthly,UPI,28.7,Yes
CUST102034,65,84192.0,650.0,8.7,3254.0,2,1,6.7,Monthly,Bank Transfer,26.9,Yes
CUST102035,58,69088.0,683.0,5.1,10772.0,3,1,6.5,Annual,Card,22.8,Yes
CUST102036,46,90286.0,711.0,2.4,7317.0,2,0,4.1,Annual,Card,18.2,Yes
CUST102037,19,64016.0,708.0,4.0,1951.0,0,1,8.5,Monthly,Bank Transfer,39.6,No
CUST102038,65,34086.0,751.0,2.8,8279.0,1,3,8.8,Two-Year,Bank Transfer,61.4,No
CUST102039,39,86255.0,753.0,8.7,4129.0,2,0,5.9,Two-Year,UPI,55.3,No
CUST102040,31,56852.0,642.0,3.9,14311.0,2,1,8.8,Annual,Card,43.8,Yes
CUST102041,60,72524.0,703.0,5.0,6474.0,5,1,4.3,Two-Year,Auto Debit,2.0,Yes
CUST102042,53,50756.0,643.0,6.3,10885.0,1,0,7.0,Two-Year,Bank Transfer,4.0,No
CUST102043,53,101175.0,680.0,2.1,12311.0,1,0,6.8,Monthly,Card,48.0,Yes
CUST102044,31,45716.0,708.0,5.1,5158.0,1,2,7.1,Two-Year,Auto Debit,56.3,No
CUST102045,65,57577.0,503.0,5.4,8766.0,2,0,7.1,Monthly,Bank Transfer,40.3,No
CUST102046,39,67364.0,823.0,0.0,10437.0,1,0,6.9,Monthly,Auto Debit,27.4,No
CUST102047,43,40972.0,721.0,5.3,8904.0,0,2,6.3,Monthly,Card,52.3,Yes
CUST102048,54,72271.0,657.0,4.4,9764.0,1,2,6.8,Annual,UPI,43.3,Yes
CUST102049,49,100462.0,796.0,4.9,3846.0,2,0,9.3,Two-Year,Bank Transfer,49.1,No
CUST102050,26,54210.0,671.0,4.6,10439.0,2,1,6.0,Monthly,Auto Debit,4.2,No
CUST102051,32,73693.0,697.0,5.3,6798.0,0,2,10.0,Annual,Bank Transfer,37.2,No
CUST102052,35,18000.0,663.0,8.8,9723.0,2,3,5.9,Monthly,Card,58.6,Yes
CUST102053,63,64144.0,781.0,0.7,11720.0,4,3,7.4,Two-Year,UPI,39.9,Yes
CUST102054,52,58113.0,684.0,3.4,10841.0,2,2,8.0,Monthly,UPI,46.2,Yes
CUST102055,35,46993.0,698.0,6.6,9721.0,0,1,6.5,Annual,Auto Debit,32.5,No
CUST102056,53,88792.0,756.0,6.0,10747.0,1,1,9.4,Annual,UPI,33.6,No
CUST102057,53,57823.0,722.0,6.0,10909.0,1,1,7.9,Monthly,Bank Transfer,53.0,Yes
CUST102058,36,61095.0,687.0,13.3,13734.0,0,0,6.7,Two-Year,Bank Transfer,22.0,No
CUST102059,37,56702.0,751.0,6.5,8381.0,0,0,9.3,Two-Year,Card,20.5,No
CUST102060,60,22830.0,830.0,8.1,9074.0,0,0,5.3,Monthly,Auto Debit,24.8,Yes
CUST102061,44,40096.0,707.0,3.5,11762.0,0,0,6.0,Annual,Bank Transfer,32.4,Yes
CUST102062,25,86144.0,696.0,1.3,6784.0,0,1,8.0,Two-Year,Auto Debit,7.8,No
CUST102063,52,18581.0,699.0,3.5,3827.0,2,0,8.4,Monthly,Card,43.0,No
CUST102064,46,48141.0,762.0,6.8,10226.0,1,0,7.5,Monthly,Bank Transfer,29.5,Yes
CUST102065,42,56206.0,657.0,5.8,7779.0,1,0,6.8,Annual,Auto Debit,44.8,No
CUST102066,52,103360.0,675.0,5.8,4274.0,1,0,6.6,Annual,Auto Debit,2.0,Yes
CUST102067,61,81909.0,605.0,3.8,10252.0,2,2,8.9,Annual,Card,44.9,No
CUST102068,33,52742.0,625.0,3.3,13509.0,1,1,7.4,Annual,Card,52.1,No
CUST102069,38,93699.0,662.0,3.9,2796.0,3,2,5.5,Annual,Auto Debit,38.6,Yes
CUST102070,27,48709.0,687.0,6.8,12078.0,2,0,5.4,Monthly,Bank Transfer,32.5,Yes
CUST102071,49,87200.0,787.0,7.2,1000.0,2,1,9.6,Monthly,Card,45.0,No
CUST102072,37,35105.0,719.0,1.3,7099.0,2,0,5.8,Monthly,Card,51.1,Yes
CUST102073,34,88612.0,640.0,6.9,14942.0,2,1,7.5,Monthly,Auto Debit,39.8,No
CUST102074,51,56065.0,650.0,2.4,7351.0,1,0,9.3,Annual,Bank Transfer,41.0,No
CUST102075,37,42373.0,766.0,6.0,8815.0,3,1,7.9,Two-Year,Auto Debit,56.9,Yes
CUST102076,40,60223.0,,3.9,11170.0,2,0,5.7,Monthly,Bank Transfer,43.4,Yes
CUST102077,39,71102.0,692.0,9.5,2492.0,1,2,5.3,Annual,Auto Debit,20.0,Yes
CUST102078,30,54116.0,666.0,3.2,8752.0,4,1,10.0,Monthly,Card,51.0,No
CUST102079,24,77187.0,752.0,5.1,8725.0,1,2,5.2,Monthly,Auto Debit,30.1,Yes
CUST102080,57,52174.0,635.0,6.4,15018.0,1,1,6.1,Two-Year,UPI,32.5,Yes
CUST102081,22,78648.0,712.0,1.7,4175.0,3,1,7.6,Monthly,Bank Transfer,33.6,Yes
CUST102082,33,74729.0,815.0,4.3,7165.0,2,1,6.6,Annual,Card,46.5,Yes
CUST102083,50,63660.0,701.0,3.6,5251.0,2,1,8.0,Monthly,Bank Transfer,58.2,Yes
CUST102084,24,55290.0,647.0,2.9,4880.0,2,0,4.5,Monthly,Auto Debit,32.4,Yes
CUST102085,49,68334.0,713.0,3.1,12446.0,0,2,6.6,Annual,UPI,58.0,Yes
CUST102086,53,77106.0,664.0,8.1,8593.0,3,0,8.2,Annual,UPI,34.5,No
CUST102087,49,110360.0,613.0,2.6,6556.0,0,0,8.2,Annual,Bank Transfer,53.0,No
CUST102088,32,85667.0,,6.3,6688.0,2,1,6.0,Two-Year,Card,35.0,No
CUST102089,18,86472.0,751.0,5.5,6529.0,1,2,5.3,Two-Year,Bank Transfer,24.6,No
CUST102090,60,132947.0,673.0,0.0,6842.0,2,0,7.4,Annual,Card,60.8,No
CUST102091,33,76351.0,669.0,6.2,4074.0,2,0,4.8,Monthly,UPI,23.2,Yes
CUST102092,56,75662.0,637.0,0.0,7594.0,0,1,9.2,Monthly,Auto Debit,22.2,Yes
CUST102093,27,80488.0,682.0,6.5,7243.0,0,0,7.3,Annual,Bank Transfer,13.2,No
CUST102094,25,42803.0,659.0,2.9,5848.0,1,1,5.8,Annual,Bank Transfer,51.0,Yes
CUST102095,55,55234.0,634.0,4.5,9043.0,2,2,5.2,Monthly,UPI,54.6,Yes
CUST102096,63,53864.0,794.0,0.4,9340.0,2,0,5.9,Monthly,UPI,37.6,Yes
CUST102097,59,79248.0,716.0,4.9,6552.0,3,1,4.3,Monthly,Bank Transfer,17.2,Yes
CUST102098,54,61168.0,721.0,7.5,7996.0,2,0,7.8,Monthly,UPI,31.9,Yes
CUST102099,29,68041.0,739.0,1.9,16055.0,2,2,5.6,Monthly,Card,27.5,Yes
CUST102100,61,88924.0,732.0,2.6,15922.0,4,1,7.7,Two-Year,Auto Debit,16.5,Yes
CUST102101,50,83989.0,667.0,6.0,4811.0,4,0,7.9,Annual,Auto Debit,24.7,Yes
CUST102102,26,61442.0,705.0,6.0,5299.0,0,0,8.6,Two-Year,Bank Transfer,39.6,No
CUST102103,24,50260.0,675.0,0.0,4792.0,1,1,7.4,Annual,UPI,22.9,No
CUST102104,59,89976.0,714.0,10.9,12200.0,3,1,8.9,Monthly,UPI,36.4,Yes
CUST102105,31,82026.0,709.0,6.2,7105.0,1,0,9.4,Annual,UPI,5.4,No
CUST102106,54,29662.0,669.0,6.7,9339.0,2,1,7.4,Two-Year,Card,57.2,No
CUST102107,24,58111.0,617.0,4.0,15489.0,1,0,7.5,Annual,Bank Transfer,26.1,Yes
CUST102108,31,68641.0,698.0,0.0,8463.0,4,1,6.1,Annual,Bank Transfer,45.1,Yes
CUST102109,31,82134.0,679.0,6.7,10972.0,0,0,5.3,Annual,Card,34.8,No
CUST102110,31,85022.0,586.0,2.7,10321.0,2,2,9.2,Monthly,Auto Debit,38.0,Yes
CUST102111,50,71246.0,718.0,6.2,6441.0,2,0,8.0,Monthly,UPI,15.0,Yes
CUST102112,61,77875.0,743.0,3.8,12207.0,3,2,8.2,Monthly,Card,20.6,Yes
CUST102113,61,66411.0,829.0,5.3,5526.0,3,0,6.0,Monthly,Bank Transfer,20.9,Yes
CUST102114,53,50175.0,668.0,2.0,13190.0,1,0,9.8,Two-Year,UPI,32.4,Yes
CUST102115,27,59252.0,660.0,7.3,6444.0,2,2,6.6,Monthly,Auto Debit,51.9,Yes
CUST102116,64,65418.0,629.0,0.7,6827.0,0,0,5.6,Monthly,Auto Debit,38.5,Yes
CUST102117,44,64237.0,701.0,11.7,4690.0,2,0,6.0,Annual,Bank Transfer,18.5,Yes
CUST102118,44,23517.0,701.0,11.7,5265.0,0,2,9.7,Two-Year,Bank Transfer,33.3,No
CUST102119,51,56255.0,645.0,9.7,7006.0,1,1,5.1,Annual,UPI,30.8,Yes
CUST102120,54,66237.0,680.0,8.6,1000.0,2,1,5.7,Monthly,UPI,26.7,Yes
CUST102121,63,58810.0,581.0,4.2,7683.0,3,0,10.0,Monthly,UPI,31.8,No
CUST102122,45,59570.0,741.0,8.2,6722.0,1,1,8.6,Annual,UPI,43.5,No
CUST102123,47,75736.0,648.0,4.2,11265.0,1,0,5.8,Two-Year,Bank Transfer,21.2,No
CUST102124,53,41263.0,688.0,0.0,9980.0,1,1,5.2,Monthly,Auto Debit,26.8,Yes
CUST102125,30,29183.0,612.0,9.3,6023.0,1,1,4.2,Two-Year,Bank Transfer,46.7,Yes
CUST102126,32,57340.0,658.0,8.1,6895.0,2,0,7.2,Annual,Auto Debit,39.0,No
CUST102127,48,81811.0,675.0,4.4,7679.0,2,1,8.2,Annual,Auto Debit,51.2,No
CUST102128,21,102126.0,689.0,0.6,13701.0,6,0,9.6,Monthly,Bank Transfer,53.5,No
CUST102129,33,82207.0,716.0,2.6,5622.0,2,0,3.8,Two-Year,UPI,11.6,No
CUST102130,52,32698.0,769.0,0.0,5981.0,3,1,4.7,Annual,Auto Debit,36.3,Yes
CUST102131,64,59888.0,730.0,7.5,4550.0,2,1,6.8,Monthly,Bank Transfer,24.4,Yes
CUST102132,42,70646.0,743.0,0.0,3313.0,2,2,10.0,Monthly,Bank Transfer,14.0,No
CUST102133,37,68907.0,770.0,5.4,9575.0,1,0,8.5,Monthly,Auto Debit,20.2,Yes
CUST102134,39,76865.0,721.0,1.8,9210.0,3,0,7.6,Monthly,Bank Transfer,27.5,No
CUST102135,50,44825.0,688.0,0.0,12990.0,1,1,4.9,Monthly,UPI,27.6,Yes
CUST102136,44,66429.0,746.0,5.3,12145.0,2,0,3.4,Monthly,Auto Debit,22.9,Yes
CUST102137,19,74247.0,749.0,3.4,16890.0,1,1,7.1,Annual,Auto Debit,31.8,No
CUST102138,43,83165.0,,7.2,8241.0,1,0,6.8,Annual,UPI,68.7,No
CUST102139,37,47274.0,610.0,0.4,7588.0,1,0,6.5,Annual,Card,6.1,Yes
CUST102140,51,57407.0,644.0,2.1,3949.0,0,0,6.4,Annual,UPI,49.1,No
CUST102141,60,18000.0,675.0,0.0,10938.0,2,0,5.7,Monthly,Bank Transfer,31.7,Yes
CUST102142,64,51328.0,733.0,0.0,8915.0,0,2,5.3,Monthly,UPI,25.4,Yes
CUST102143,47,53463.0,689.0,10.3,10779.0,2,0,9.4,Annual,Card,2.0,Yes
CUST102144,35,42569.0,753.0,11.2,4513.0,1,1,5.5,Annual,Bank Transfer,43.4,Yes
CUST102145,39,68643.0,762.0,4.8,9731.0,0,1,6.5,Monthly,Auto Debit,10.4,No
CUST102146,26,63769.0,756.0,1.9,9218.0,3,1,6.9,Two-Year,Card,44.4,No
CUST102147,62,18000.0,756.0,3.5,8987.0,0,4,8.2,Annual,Auto Debit,58.1,No
CUST102148,58,69741.0,633.0,7.3,6109.0,2,0,5.6,Two-Year,UPI,12.8,Yes
CUST102149,58,44577.0,717.0,2.9,12663.0,1,1,8.7,Annual,UPI,49.5,No
CUST102150,33,75685.0,657.0,5.3,15676.0,3,1,6.0,Monthly,UPI,32.4,Yes
CUST102151,33,36799.0,599.0,4.5,4614.0,2,1,6.7,Two-Year,Bank Transfer,2.0,No
CUST102152,59,65660.0,674.0,2.7,11022.0,1,0,9.8,Two-Year,Card,13.9,No
CUST102153,44,58770.0,763.0,2.8,1000.0,1,1,5.4,Two-Year,UPI,34.7,Yes
CUST102154,51,71668.0,715.0,5.4,10840.0,0,0,8.2,Two-Year,Auto Debit,38.0,No
CUST102155,41,67743.0,801.0,1.4,1954.0,0,1,8.7,Two-Year,Card,8.3,No
CUST102156,39,59386.0,700.0,5.9,6663.0,1,1,7.5,Annual,Bank Transfer,32.5,No
CUST102157,48,,825.0,3.0,3904.0,1,0,6.8,Monthly,Bank Transfer,44.4,No
CUST102158,57,32501.0,700.0,4.9,7745.0,2,2,10.0,Annual,UPI,47.0,No
CUST102159,34,52154.0,691.0,8.9,11436.0,1,3,7.0,Annual,Bank Transfer,25.8,Yes
CUST102160,56,64818.0,620.0,4.0,1999.0,1,0,7.3,Annual,Auto Debit,38.6,Yes
CUST102161,29,51619.0,751.0,7.4,7242.0,0,1,6.4,Annual,Card,48.1,No
CUST102162,37,78755.0,662.0,0.0,6703.0,0,0,7.3,Annual,Auto Debit,44.8,No
CUST102163,61,58857.0,654.0,3.0,14034.0,5,0,8.6,Two-Year,Card,45.4,Yes
CUST102164,63,43770.0,760.0,4.6,10011.0,0,1,6.5,Monthly,Card,33.7,Yes
CUST102165,62,58882.0,754.0,10.7,4380.0,2,1,3.4,Monthly,UPI,30.6,Yes
CUST102166,33,69969.0,752.0,0.0,6850.0,0,0,7.9,Annual,UPI,36.1,No
CUST102167,58,72147.0,670.0,4.2,13946.0,2,1,5.2,Monthly,UPI,20.5,Yes
CUST102168,62,106324.0,687.0,9.2,11000.0,2,0,8.3,Monthly,Bank Transfer,48.7,Yes
CUST102169,64,50284.0,687.0,2.0,5286.0,3,3,7.0,Annual,UPI,9.0,Yes
CUST102170,19,63383.0,733.0,3.8,7565.0,1,2,8.6,Two-Year,Bank Transfer,24.4,Yes
CUST102171,53,74375.0,775.0,5.6,7677.0,0,0,5.4,Monthly,Card,31.5,Yes
CUST102172,65,64485.0,710.0,5.1,6617.0,0,2,6.1,Monthly,UPI,39.0,Yes
CUST102173,54,53986.0,799.0,9.5,2514.0,0,0,6.4,Monthly,Auto Debit,41.9,No
CUST102174,29,30916.0,739.0,5.9,6128.0,6,0,4.5,Annual,Bank Transfer,54.3,No
CUST102175,54,53762.0,677.0,8.7,13362.0,0,1,8.9,Monthly,Card,33.2,No
CUST102176,23,41379.0,736.0,3.3,7166.0,0,1,4.2,Monthly,Bank Transfer,21.2,Yes
CUST102177,41,27015.0,784.0,2.1,8139.0,1,1,8.9,Annual,Auto Debit,29.8,Yes
CUST102178,48,47495.0,800.0,3.8,8992.0,1,2,7.7,Two-Year,Card,27.2,Yes
CUST102179,39,41964.0,755.0,0.8,16263.0,3,1,6.7,Monthly,UPI,39.8,Yes
CUST102180,51,77843.0,691.0,6.0,8531.0,1,2,7.6,Annual,Bank Transfer,16.0,Yes
CUST102181,29,78224.0,678.0,3.3,12329.0,2,0,7.5,Annual,Card,29.4,Yes
CUST102182,47,45115.0,722.0,2.4,6406.0,5,3,6.3,Monthly,Bank Transfer,56.3,Yes
CUST102183,48,59275.0,782.0,6.1,7592.0,0,1,7.5,Two-Year,UPI,34.7,No
CUST102184,48,24119.0,714.0,0.8,8544.0,5,0,8.2,Monthly,Auto Debit,16.2,Yes
CUST102185,31,54125.0,715.0,7.0,5791.0,0,1,5.4,Monthly,UPI,26.9,No
CUST102186,32,73778.0,693.0,3.0,7787.0,2,0,7.6,Monthly,Card,2.0,Yes
CUST102187,30,83149.0,672.0,8.2,11608.0,2,1,2.5,Monthly,Bank Transfer,31.1,Yes
CUST102188,40,49313.0,681.0,3.2,5699.0,3,0,3.7,Annual,Bank Transfer,56.7,Yes
CUST102189,46,88141.0,697.0,6.5,8500.0,1,0,8.0,Annual,Card,14.2,No
CUST102190,35,31655.0,784.0,5.1,10981.0,4,3,6.3,Annual,Auto Debit,10.2,No
CUST102191,37,37552.0,677.0,6.9,5614.0,1,0,5.5,Annual,Card,22.2,Yes
CUST102192,31,80613.0,693.0,4.9,12334.0,0,0,6.9,Monthly,Bank Transfer,45.8,Yes
CUST102193,28,101765.0,642.0,0.0,8755.0,4,0,6.3,Two-Year,Card,57.6,No
CUST102194,49,75856.0,729.0,7.7,7922.0,0,0,5.3,Two-Year,Card,38.7,No
CUST102195,57,64112.0,765.0,4.2,1471.0,0,0,4.2,Monthly,Auto Debit,12.7,Yes
CUST102196,31,18000.0,779.0,7.0,7192.0,2,1,3.7,Annual,Card,31.7,Yes
CUST102197,59,20506.0,701.0,6.7,9801.0,2,0,8.3,Two-Year,Card,58.8,No
CUST102198,45,67847.0,722.0,2.0,14609.0,1,1,6.3,Annual,Auto Debit,27.3,Yes
CUST102199,26,57123.0,682.0,1.6,10488.0,2,1,8.6,Monthly,UPI,34.1,No
CUST102200,35,40672.0,719.0,6.6,12442.0,0,2,6.3,Monthly,Card,35.6,Yes
CUST102201,18,66442.0,707.0,3.5,4268.0,2,1,7.6,Two-Year,Card,8.8,Yes
CUST102202,19,67533.0,693.0,7.5,8056.0,2,2,6.8,Annual,Card,47.0,No
CUST102203,34,85777.0,698.0,3.9,12773.0,0,2,7.1,Annual,Bank Transfer,44.8,No
CUST102204,39,68005.0,715.0,7.8,5393.0,2,0,7.2,Two-Year,Card,2.1,No
CUST102205,56,92025.0,,5.9,11878.0,3,2,6.2,Monthly,Auto Debit,12.0,No
CUST102206,24,65176.0,677.0,5.4,11067.0,0,0,4.9,Two-Year,Auto Debit,17.5,No
CUST102207,58,62463.0,784.0,3.3,9462.0,0,1,8.3,Annual,UPI,43.2,No
CUST102208,29,88415.0,839.0,5.2,7350.0,3,1,9.7,Annual,Bank Transfer,20.7,No
CUST102209,24,43474.0,624.0,8.3,5048.0,3,0,9.8,Monthly,Card,38.0,No
CUST102210,51,126918.0,621.0,4.3,14714.0,1,1,6.1,Monthly,Bank Transfer,29.3,Yes
CUST102211,55,73256.0,637.0,6.2,10712.0,0,1,5.8,Monthly,Card,33.1,Yes
CUST102212,47,73378.0,684.0,4.6,9692.0,1,0,6.1,Monthly,Auto Debit,39.4,Yes
CUST102213,23,76552.0,739.0,4.9,7055.0,0,1,6.7,Monthly,Auto Debit,36.1,Yes
CUST102214,23,106297.0,723.0,10.0,8633.0,2,2,6.9,Monthly,UPI,31.7,No
CUST102215,36,82435.0,699.0,8.3,9077.0,2,1,5.3,Annual,UPI,36.9,No
CUST102216,39,29689.0,719.0,4.8,9900.0,2,1,4.5,Two-Year,UPI,35.3,Yes
CUST102217,65,95876.0,652.0,5.2,11070.0,2,1,7.1,Monthly,Auto Debit,28.9,Yes
CUST102218,31,57500.0,677.0,2.3,5761.0,0,1,1.0,Monthly,UPI,25.5,Yes
CUST102219,27,67357.0,689.0,3.9,3367.0,3,0,6.8,Annual,Bank Transfer,60.2,No
CUST102220,63,36856.0,603.0,5.5,8795.0,0,0,5.4,Annual,Card,25.4,Yes
CUST102221,25,76576.0,626.0,7.2,2385.0,2,0,8.3,Annual,Card,52.5,No
CUST102222,19,50670.0,628.0,6.9,7367.0,2,0,8.8,Two-Year,Bank Transfer,21.7,Yes
CUST102223,38,67204.0,732.0,1.0,6718.0,1,0,8.8,Monthly,Auto Debit,44.2,No
CUST102224,37,58750.0,703.0,7.6,10221.0,1,1,6.4,Annual,Bank Transfer,58.8,No
CUST102225,47,107350.0,724.0,4.2,15439.0,1,0,5.1,Two-Year,Bank Transfer,26.9,Yes
CUST102226,60,108610.0,589.0,1.3,1694.0,3,2,5.6,Annual,Bank Transfer,22.0,Yes
CUST102227,62,66023.0,608.0,8.8,16460.0,1,0,7.5,Annual,UPI,25.6,No
CUST102228,31,66408.0,726.0,9.2,7684.0,3,1,4.2,Two-Year,Bank Transfer,31.7,Yes
CUST102229,65,56784.0,537.0,5.3,9717.0,1,3,9.4,Monthly,Card,36.8,Yes
CUST102230,48,89332.0,757.0,6.8,3548.0,0,2,6.4,Monthly,UPI,31.4,Yes
CUST102231,21,57764.0,590.0,7.0,11989.0,0,2,7.9,Monthly,Card,25.7,Yes
CUST102232,63,55731.0,736.0,9.0,8645.0,2,0,4.0,Two-Year,UPI,61.3,No
CUST102233,24,86529.0,,6.8,8285.0,1,0,5.4,Two-Year,Card,29.0,No
CUST102234,46,53157.0,748.0,0.3,1719.0,1,0,3.8,Monthly,UPI,22.7,Yes
CUST102235,55,64169.0,850.0,10.9,8758.0,2,2,8.7,Monthly,Bank Transfer,44.5,No
CUST102236,29,30211.0,565.0,7.9,11460.0,2,0,6.7,Annual,Card,44.7,Yes
CUST102237,30,80492.0,728.0,2.9,7673.0,3,0,8.0,Monthly,Bank Transfer,53.2,No
CUST102238,40,107699.0,591.0,1.2,12610.0,1,2,7.1,Two-Year,Bank Transfer,60.9,No
CUST102239,60,80867.0,713.0,6.1,12465.0,1,0,7.8,Monthly,Auto Debit,37.2,Yes
CUST102240,28,97160.0,679.0,3.6,6256.0,2,3,6.4,Two-Year,UPI,27.7,Yes
CUST102241,49,46386.0,697.0,5.6,14083.0,2,0,6.7,Annual,Bank Transfer,3.5,No
CUST102242,39,70199.0,640.0,6.9,8659.0,3,1,6.8,Monthly,Card,17.9,Yes
CUST102243,23,44250.0,733.0,2.7,8674.0,3,2,7.7,Annual,Card,35.1,No
CUST102244,52,59989.0,610.0,0.9,8846.0,2,1,7.7,Annual,Auto Debit,14.3,Yes
CUST102245,57,81989.0,758.0,5.7,8743.0,2,1,10.0,Monthly,UPI,8.2,No
CUST102246,45,67240.0,667.0,2.8,1000.0,1,1,9.9,Monthly,Card,33.0,No
CUST102247,26,33922.0,613.0,5.0,7851.0,1,2,4.0,Two-Year,Auto Debit,43.7,Yes
CUST102248,25,36069.0,778.0,0.2,3726.0,2,2,6.8,Annual,Card,28.3,Yes
CUST102249,38,34614.0,686.0,3.7,14192.0,3,0,6.3,Annual,UPI,45.5,Yes
CUST102250,42,75812.0,795.0,6.8,14051.0,2,2,9.2,Monthly,UPI,41.2,No
CUST102251,44,110406.0,757.0,6.4,11482.0,2,0,6.5,Annual,Card,49.2,No
CUST102252,29,94974.0,646.0,2.0,7665.0,1,2,7.8,Annual,UPI,64.6,No
CUST102253,42,23288.0,685.0,0.8,4972.0,1,1,3.0,Monthly,Bank Transfer,71.2,Yes
CUST102254,32,96264.0,697.0,4.6,6198.0,1,1,4.4,Monthly,UPI,43.0,No
CUST102255,50,,774.0,6.3,15299.0,2,0,10.0,Monthly,Auto Debit,25.1,Yes
CUST102256,56,31003.0,,5.8,6077.0,0,2,7.1,Annual,Card,32.9,Yes
CUST102257,49,58330.0,700.0,2.9,1000.0,1,3,5.3,Monthly,UPI,55.6,Yes
CUST102258,18,89101.0,679.0,5.5,12106.0,1,0,7.4,Two-Year,UPI,18.6,No
CUST102259,65,77110.0,687.0,9.3,13752.0,1,2,5.2,Monthly,Bank Transfer,53.7,No
CUST102260,19,36200.0,762.0,5.2,14307.0,3,1,6.5,Two-Year,Bank Transfer,29.5,No
CUST102261,65,78436.0,690.0,0.0,12134.0,1,1,4.5,Monthly,UPI,35.4,Yes
CUST102262,19,18000.0,668.0,5.2,12705.0,1,0,5.7,Annual,Card,19.9,No
CUST102263,42,60098.0,659.0,11.0,8685.0,3,1,6.3,Annual,Auto Debit,12.1,Yes
CUST102264,23,90035.0,660.0,0.4,1233.0,5,1,8.9,Annual,Auto Debit,27.8,No
CUST102265,22,65405.0,613.0,4.6,8598.0,1,0,7.8,Two-Year,Bank Transfer,51.5,No
CUST102266,50,54023.0,649.0,3.8,10676.0,2,0,8.1,Monthly,Bank Transfer,21.5,Yes
CUST102267,52,84566.0,772.0,4.8,8027.0,1,1,7.0,Monthly,Bank Transfer,56.2,Yes
CUST102268,23,86445.0,679.0,5.1,7867.0,0,0,8.4,Monthly,Card,23.4,No
CUST102269,64,93821.0,729.0,8.1,5126.0,2,1,5.5,Annual,UPI,16.0,Yes
CUST102270,33,84236.0,554.0,4.8,4994.0,1,0,5.8,Two-Year,Bank Transfer,35.8,No
CUST102271,33,88790.0,721.0,8.6,14934.0,1,2,7.7,Monthly,Bank Transfer,42.2,Yes
CUST102272,32,81124.0,681.0,4.1,15060.0,2,0,6.5,Annual,Auto Debit,34.8,Yes
CUST102273,40,70842.0,664.0,3.4,8491.0,2,0,7.0,Monthly,UPI,34.3,Yes
CUST102274,26,66969.0,700.0,2.4,9485.0,0,0,6.7,Two-Year,Auto Debit,56.0,Yes
CUST102275,38,59780.0,663.0,0.0,5067.0,2,1,9.1,Monthly,Card,33.4,Yes
CUST102276,28,38328.0,573.0,5.4,10749.0,1,0,9.2,Two-Year,Card,24.9,Yes
CUST102277,20,43983.0,741.0,11.1,14659.0,0,1,5.9,Annual,Auto Debit,15.0,No
CUST102278,35,58796.0,703.0,6.0,3148.0,2,0,4.0,Two-Year,Bank Transfer,51.1,No
CUST102279,50,70312.0,673.0,6.7,10124.0,1,0,5.8,Annual,UPI,25.6,Yes
CUST102280,54,96698.0,637.0,3.2,10387.0,2,1,5.5,Monthly,Card,27.1,Yes
CUST102281,34,64080.0,609.0,3.7,10347.0,3,0,8.4,Two-Year,Bank Transfer,47.8,No
CUST102282,33,87076.0,702.0,7.7,14250.0,1,0,8.6,Annual,UPI,62.8,Yes
CUST102283,55,88745.0,779.0,10.9,15626.0,0,1,5.2,Monthly,UPI,35.8,Yes
CUST102284,50,59908.0,701.0,9.3,7683.0,2,1,5.7,Monthly,Card,29.9,Yes
CUST102285,57,78083.0,614.0,7.1,10856.0,4,1,4.5,Two-Year,Bank Transfer,31.9,Yes
CUST102286,61,59642.0,702.0,4.6,8795.0,1,2,7.2,Annual,UPI,25.2,No
CUST102287,57,94087.0,687.0,5.2,6288.0,1,0,6.9,Monthly,Bank Transfer,26.7,No
CUST102288,62,78989.0,738.0,2.1,9448.0,1,1,8.3,Two-Year,Bank Transfer,26.7,No
CUST102289,37,38809.0,723.0,0.0,10850.0,2,0,7.8,Monthly,Card,45.7,No
CUST102290,36,68554.0,526.0,0.9,9259.0,1,1,8.0,Monthly,Bank Transfer,30.7,Yes
CUST102291,33,101258.0,720.0,4.7,5416.0,1,0,4.4,Monthly,Bank Transfer,52.4,Yes
CUST102292,29,61013.0,635.0,3.6,6878.0,1,1,5.9,Monthly,Card,30.3,Yes
CUST102293,53,74850.0,612.0,0.0,6904.0,2,1,8.6,Annual,Auto Debit,26.5,Yes
CUST102294,52,77009.0,680.0,4.4,5551.0,4,1,6.1,Monthly,Bank Transfer,51.2,Yes
CUST102295,56,42194.0,713.0,3.5,9597.0,2,1,4.2,Monthly,Auto Debit,32.3,Yes
CUST102296,26,76236.0,600.0,0.7,9963.0,0,0,8.4,Monthly,Bank Transfer,30.1,No
CUST102297,41,34336.0,729.0,3.3,11928.0,1,1,6.0,Two-Year,Auto Debit,32.5,No
CUST102298,28,51236.0,732.0,3.5,5498.0,0,1,8.8,Annual,Card,54.0,No
CUST102299,60,88666.0,693.0,2.5,6479.0,2,0,7.0,Annual,UPI,36.6,No
CUST102300,30,72849.0,642.0,7.5,13941.0,0,0,6.5,Annual,UPI,50.7,No
CUST102301,24,58301.0,636.0,0.0,7924.0,0,0,9.3,Monthly,Auto Debit,28.5,No
CUST102302,45,74822.0,746.0,0.0,8605.0,2,0,4.8,Two-Year,Auto Debit,48.3,Yes
CUST102303,60,63678.0,607.0,4.5,7887.0,2,0,9.4,Monthly,Card,35.6,Yes
CUST102304,61,65277.0,749.0,4.8,12466.0,2,0,5.9,Monthly,Card,45.2,Yes
CUST102305,22,79450.0,681.0,5.8,12601.0,1,2,7.3,Monthly,UPI,46.5,Yes
CUST102306,33,48998.0,685.0,2.8,12396.0,2,0,7.3,Monthly,Auto Debit,17.9,Yes
CUST102307,25,65887.0,596.0,1.6,8593.0,0,0,6.3,Monthly,Card,33.1,Yes
CUST102308,32,58130.0,682.0,4.5,5446.0,3,0,5.7,Annual,Card,46.4,Yes
CUST102309,43,30117.0,724.0,3.1,15238.0,1,1,6.4,Monthly,UPI,48.7,Yes
CUST102310,31,44750.0,616.0,9.5,11497.0,1,2,5.3,Monthly,UPI,50.8,Yes
CUST102311,21,99501.0,717.0,3.5,6902.0,1,0,10.0,Annual,Auto Debit,33.6,No
CUST102312,42,73464.0,695.0,4.3,13483.0,1,0,6.2,Annual,UPI,55.1,No
CUST102313,20,35881.0,655.0,12.4,6625.0,2,0,9.0,Two-Year,UPI,22.1,No
CUST102314,28,31112.0,737.0,3.9,13437.0,1,1,8.7,Monthly,Auto Debit,9.6,Yes
CUST102315,18,62532.0,569.0,6.3,13674.0,0,0,7.6,Two-Year,Bank Transfer,27.8,No
CUST102316,22,99346.0,709.0,6.6,5275.0,2,0,6.8,Annual,UPI,49.9,No
CUST102317,38,60891.0,779.0,6.8,10536.0,1,1,,Annual,Card,15.7,No
CUST102318,58,93754.0,769.0,5.4,11238.0,2,1,8.0,Monthly,Bank Transfer,10.0,Yes
CUST102319,55,72742.0,711.0,5.1,17652.0,2,0,7.2,Monthly,UPI,6.2,Yes
CUST102320,22,75368.0,673.0,4.8,5902.0,1,1,4.3,Monthly,Auto Debit,43.0,Yes
CUST102321,19,35614.0,655.0,2.7,13514.0,0,0,3.9,Annual,Auto Debit,10.3,Yes
CUST102322,34,85626.0,673.0,5.5,8561.0,2,1,9.6,Annual,Auto Debit,40.2,No
CUST102323,49,57631.0,720.0,11.0,4155.0,1,0,,Monthly,Bank Transfer,27.1,Yes
CUST102324,53,83988.0,646.0,8.4,8080.0,1,0,7.3,Monthly,Auto Debit,20.4,No
CUST102325,57,47088.0,732.0,5.5,8509.0,2,1,6.6,Two-Year,Card,17.0,Yes
CUST102326,34,68895.0,807.0,7.2,4794.0,4,2,7.3,Monthly,Bank Transfer,35.1,No
CUST102327,26,72744.0,687.0,1.7,9593.0,1,1,5.1,Annual,Bank Transfer,20.7,No
CUST102328,19,61611.0,616.0,3.7,11852.0,0,1,7.6,Two-Year,Bank Transfer,31.9,No
CUST102329,25,73900.0,616.0,7.5,9334.0,4,0,7.4,Monthly,Auto Debit,38.0,Yes
CUST102330,21,59139.0,733.0,9.3,6604.0,2,0,10.0,Annual,UPI,41.2,No
CUST102331,59,50721.0,687.0,2.0,7980.0,2,1,7.2,Annual,Card,46.0,Yes
CUST102332,30,100321.0,738.0,3.0,8484.0,1,0,9.3,Monthly,Auto Debit,34.5,No
CUST102333,57,88077.0,,11.5,9261.0,2,1,4.5,Monthly,UPI,16.2,Yes
CUST102334,44,48261.0,736.0,4.8,12384.0,0,0,8.7,Two-Year,Card,39.0,No
CUST102335,43,77506.0,681.0,10.3,9452.0,1,0,7.4,Monthly,Auto Debit,41.8,No
CUST102336,39,48661.0,650.0,5.2,3591.0,0,3,7.5,Monthly,Bank Transfer,29.3,Yes
CUST102337,57,38937.0,668.0,5.3,6532.0,1,0,7.5,Monthly,Card,27.7,Yes
CUST102338,20,87744.0,624.0,3.5,9081.0,4,0,9.9,Annual,Card,69.1,No
CUST102339,22,27510.0,799.0,7.5,12434.0,1,1,7.4,Monthly,UPI,12.6,Yes
CUST102340,38,85391.0,685.0,8.8,13042.0,1,1,5.7,Monthly,Bank Transfer,39.4,Yes
CUST102341,36,59440.0,725.0,1.2,14711.0,0,1,6.0,Monthly,UPI,47.7,No
CUST102342,44,60346.0,660.0,3.4,8957.0,1,0,8.4,Monthly,UPI,26.9,Yes
CUST102343,53,74015.0,632.0,7.4,11172.0,1,1,7.8,Annual,UPI,29.5,Yes
CUST102344,46,77786.0,677.0,4.1,3409.0,0,1,4.4,Two-Year,Auto Debit,26.0,Yes
CUST102345,30,46820.0,751.0,2.9,10005.0,1,1,7.9,Monthly,Auto Debit,32.0,No
CUST102346,33,80790.0,661.0,7.7,4737.0,1,0,5.2,Annual,UPI,45.5,No
CUST102347,54,67494.0,642.0,8.0,8281.0,3,0,7.7,Annual,Auto Debit,29.0,No
CUST102348,27,37367.0,699.0,3.1,19104.0,3,0,5.6,Annual,Auto Debit,78.7,Yes
CUST102349,42,61263.0,717.0,5.2,9562.0,0,1,6.5,Annual,Bank Transfer,25.2,No
CUST102350,43,95388.0,780.0,0.6,5477.0,0,0,6.1,Monthly,UPI,52.7,Yes
CUST102351,54,101885.0,709.0,1.6,9927.0,1,0,9.6,Annual,Bank Transfer,40.2,No
CUST102352,52,80782.0,725.0,4.9,6690.0,1,3,7.7,Annual,Bank Transfer,33.6,Yes
CUST102353,40,38812.0,730.0,4.6,5137.0,1,1,9.1,Annual,Auto Debit,54.1,No
CUST102354,32,75793.0,627.0,1.4,15861.0,1,1,10.0,Monthly,Card,8.0,No
CUST102355,35,83719.0,637.0,2.2,12234.0,2,3,7.1,Monthly,Bank Transfer,38.4,Yes
CUST102356,37,80966.0,630.0,1.1,9709.0,4,0,9.6,Monthly,Auto Debit,21.3,No
CUST102357,28,82269.0,617.0,6.0,7129.0,4,0,5.8,Monthly,Bank Transfer,25.5,Yes
CUST102358,48,72992.0,734.0,0.0,7412.0,0,0,9.1,Monthly,Bank Transfer,24.8,No
CUST102359,28,63407.0,706.0,1.3,13899.0,4,0,5.6,Monthly,Auto Debit,17.5,Yes
CUST102360,49,51616.0,694.0,0.0,9573.0,1,1,7.0,Monthly,Card,7.2,Yes
CUST102361,54,23245.0,547.0,5.8,1000.0,0,2,7.9,Monthly,UPI,37.8,Yes
CUST102362,64,72472.0,803.0,0.0,16973.0,2,0,8.2,Two-Year,Auto Debit,31.0,No
CUST102363,23,69093.0,641.0,4.6,9141.0,2,0,4.8,Annual,UPI,27.5,No
CUST102364,54,77267.0,803.0,9.7,9702.0,3,0,5.5,Monthly,Bank Transfer,43.4,Yes
CUST102365,22,35574.0,610.0,9.9,12303.0,1,2,8.0,Annual,Auto Debit,38.8,No
CUST102366,34,79190.0,645.0,0.0,10129.0,1,1,6.4,Monthly,Auto Debit,28.0,Yes
CUST102367,26,110200.0,569.0,5.5,11114.0,4,3,4.6,Monthly,Bank Transfer,77.8,No
CUST102368,25,66726.0,710.0,1.3,7017.0,1,0,6.9,Annual,Card,47.3,No
CUST102369,26,63643.0,629.0,0.7,4196.0,1,1,6.8,Monthly,UPI,68.7,No
CUST102370,20,71798.0,631.0,4.1,9481.0,1,0,7.3,Annual,UPI,25.8,No
CUST102371,57,109711.0,615.0,8.4,13511.0,2,1,7.9,Monthly,Card,35.7,Yes
CUST102372,20,42480.0,733.0,6.4,6233.0,1,0,7.8,Annual,Auto Debit,13.4,No
CUST102373,37,69471.0,729.0,2.2,5952.0,3,0,5.7,Monthly,Bank Transfer,27.0,Yes
CUST102374,51,47408.0,790.0,6.8,12774.0,1,3,6.3,Monthly,Card,23.2,Yes
CUST102375,65,52966.0,652.0,0.0,6900.0,0,0,8.6,Annual,Card,76.9,No
CUST102376,58,63909.0,702.0,2.1,7063.0,0,2,6.1,Monthly,Card,21.6,Yes
CUST102377,24,94641.0,619.0,1.9,7194.0,0,2,6.3,Monthly,Auto Debit,28.5,No
CUST102378,65,104622.0,672.0,4.8,8273.0,1,1,4.4,Monthly,Card,10.2,Yes
CUST102379,49,74859.0,661.0,3.9,2992.0,2,2,7.0,Annual,Auto Debit,40.0,Yes
CUST102380,26,56715.0,716.0,4.0,6612.0,0,1,7.6,Annual,UPI,18.5,No
CUST102381,39,119840.0,746.0,3.9,9306.0,1,0,3.6,Two-Year,Card,45.8,No
CUST102382,62,55594.0,745.0,4.6,9281.0,1,2,5.2,Annual,Bank Transfer,5.2,Yes
CUST102383,36,52435.0,644.0,6.2,12553.0,3,1,4.6,Two-Year,Bank Transfer,30.2,No
CUST102384,26,25951.0,745.0,5.0,14938.0,1,0,8.3,Monthly,UPI,4.3,Yes
CUST102385,60,95714.0,688.0,3.6,13794.0,1,1,3.7,Annual,Bank Transfer,24.6,Yes
CUST102386,63,86301.0,672.0,5.8,11701.0,0,1,6.9,Monthly,Auto Debit,27.7,Yes
CUST102387,64,118192.0,651.0,7.1,7979.0,1,2,8.2,Monthly,UPI,23.0,No
CUST102388,63,34430.0,659.0,2.7,6319.0,2,2,7.3,Annual,Card,24.5,No
CUST102389,59,97080.0,786.0,4.3,8563.0,2,1,6.3,Two-Year,Card,46.6,No
CUST102390,39,66543.0,707.0,8.2,10550.0,1,0,7.6,Annual,Card,64.6,No
CUST102391,27,82734.0,700.0,1.0,11377.0,1,0,8.8,Monthly,Card,37.1,No
CUST102392,47,28749.0,676.0,10.3,10681.0,2,2,6.8,Annual,Auto Debit,19.1,Yes
CUST102393,28,97298.0,825.0,0.2,8076.0,2,0,3.2,Monthly,Auto Debit,33.0,No
CUST102394,40,82303.0,762.0,3.4,11254.0,2,0,9.0,Annual,Bank Transfer,26.7,Yes
CUST102395,49,64144.0,650.0,1.5,12913.0,2,0,7.7,Monthly,Auto Debit,45.3,Yes
CUST102396,63,79192.0,675.0,11.5,11581.0,3,0,6.9,Monthly,Auto Debit,36.3,Yes
CUST102397,31,48159.0,678.0,2.9,8388.0,1,0,3.6,Monthly,UPI,8.3,Yes
CUST102398,30,52252.0,698.0,2.9,5582.0,0,1,6.5,Two-Year,Card,48.5,No
CUST102399,53,54804.0,651.0,3.3,5499.0,2,1,5.5,Monthly,Auto Debit,46.5,Yes
CUST102400,18,24240.0,714.0,4.8,6116.0,1,2,4.9,Monthly,Card,54.4,Yes
CUST102401,45,83959.0,770.0,3.4,9400.0,4,0,6.8,Monthly,Bank Transfer,24.3,Yes
CUST102402,53,91215.0,618.0,4.1,10319.0,0,1,6.1,Annual,Card,36.5,Yes
CUST102403,44,49570.0,628.0,0.0,3549.0,1,1,6.2,Monthly,UPI,14.2,Yes
CUST102404,36,72660.0,663.0,4.7,6736.0,2,1,8.3,Annual,Bank Transfer,31.2,No
CUST102405,57,59158.0,666.0,4.6,9351.0,1,2,7.4,Monthly,Card,38.0,Yes
CUST102406,35,72222.0,800.0,7.8,5351.0,1,1,6.2,Monthly,Auto Debit,22.5,No
CUST102407,52,51193.0,745.0,8.7,10019.0,1,0,5.9,Monthly,Auto Debit,37.1,Yes
CUST102408,40,45565.0,742.0,3.9,7424.0,2,0,6.2,Monthly,UPI,34.5,Yes
CUST102409,19,88146.0,675.0,7.1,5968.0,1,0,6.6,Annual,Card,25.3,No
CUST102410,43,63595.0,674.0,1.0,8686.0,1,0,8.0,Monthly,Card,53.0,Yes
CUST102411,20,109486.0,610.0,7.0,9873.0,1,1,5.2,Annual,Bank Transfer,28.5,Yes
CUST102412,62,66019.0,733.0,2.7,5530.0,1,1,9.5,Monthly,Card,34.0,No
CUST102413,46,44626.0,717.0,0.7,7651.0,1,1,8.0,Monthly,Bank Transfer,10.0,No
CUST102414,35,91993.0,761.0,3.9,10137.0,2,0,2.3,Monthly,Auto Debit,39.8,Yes
CUST102415,41,78878.0,678.0,9.0,5833.0,2,3,7.1,Annual,Bank Transfer,24.8,Yes
CUST102416,47,80991.0,682.0,5.1,2698.0,4,3,8.8,Monthly,UPI,46.4,No
CUST102417,30,91193.0,699.0,9.3,3122.0,2,0,7.7,Annual,Card,12.3,No
CUST102418,31,50638.0,739.0,2.1,7037.0,0,0,6.3,Two-Year,Auto Debit,38.5,No
CUST102419,38,62200.0,609.0,7.9,3886.0,1,1,6.9,Monthly,Card,2.0,No
CUST102420,30,61228.0,730.0,2.4,7283.0,2,0,7.3,Monthly,Auto Debit,41.2,No
CUST102421,54,36604.0,689.0,5.2,14327.0,3,2,8.3,Monthly,Auto Debit,29.4,Yes
CUST102422,22,59201.0,632.0,5.2,3675.0,1,1,4.6,Monthly,Card,38.0,Yes
CUST102423,57,94400.0,575.0,6.6,7511.0,1,1,6.0,Monthly,Card,23.0,Yes
CUST102424,34,70221.0,682.0,5.3,15963.0,0,0,9.8,Annual,UPI,17.8,No
CUST102425,44,35387.0,770.0,2.1,9928.0,2,1,7.1,Annual,UPI,25.5,Yes
CUST102426,25,30772.0,782.0,7.3,7213.0,1,2,9.6,Annual,Card,34.9,No
CUST102427,36,101625.0,710.0,10.0,7951.0,1,0,10.0,Monthly,Card,40.6,Yes
CUST102428,54,63013.0,798.0,2.6,10003.0,0,0,6.2,Monthly,Card,36.6,No
CUST102429,30,50757.0,688.0,0.0,14435.0,0,0,5.0,Annual,Bank Transfer,17.9,Yes
CUST102430,24,58972.0,742.0,6.1,6642.0,2,2,6.5,Monthly,UPI,59.6,No
CUST102431,43,32499.0,665.0,3.4,5848.0,1,0,8.9,Annual,Card,37.0,No
CUST102432,25,96308.0,662.0,4.1,3674.0,4,3,9.1,Annual,Auto Debit,22.7,No
CUST102433,33,56353.0,653.0,6.3,8861.0,1,1,10.0,Monthly,Bank Transfer,38.4,No
CUST102434,39,95083.0,577.0,3.0,3580.0,0,1,6.9,Monthly,UPI,35.8,Yes
CUST102435,45,66136.0,761.0,3.6,6877.0,2,1,7.8,Annual,UPI,29.4,Yes
CUST102436,48,96450.0,655.0,4.2,5320.0,3,1,5.8,Annual,Auto Debit,27.6,Yes
CUST102437,50,70647.0,646.0,9.2,12259.0,1,1,2.7,Monthly,Bank Transfer,46.8,Yes
CUST102438,58,83771.0,625.0,4.6,6721.0,2,1,6.9,Monthly,Auto Debit,57.9,Yes
CUST102439,21,80820.0,679.0,0.5,9889.0,2,2,5.0,Monthly,Auto Debit,2.0,Yes
CUST102440,35,78712.0,787.0,0.7,2886.0,0,0,8.1,Annual,Card,50.5,No
CUST102441,18,72655.0,805.0,4.9,8960.0,2,0,3.8,Monthly,Bank Transfer,32.3,Yes
CUST102442,18,59877.0,599.0,0.9,4289.0,1,0,5.7,Two-Year,Card,35.6,Yes
CUST102443,28,107140.0,671.0,0.0,7010.0,2,1,7.5,Two-Year,Bank Transfer,52.3,No
CUST102444,46,45047.0,633.0,6.5,16239.0,2,0,7.6,Two-Year,Bank Transfer,2.0,No
CUST102445,60,65095.0,744.0,6.7,11763.0,0,0,6.9,Monthly,Bank Transfer,44.2,No
CUST102446,55,65327.0,706.0,3.3,8051.0,1,0,10.0,Annual,Auto Debit,51.2,No
CUST102447,49,73854.0,655.0,5.4,19696.0,2,0,9.7,Two-Year,Bank Transfer,21.7,Yes
CUST102448,55,55552.0,694.0,5.1,5297.0,0,1,5.8,Annual,UPI,11.1,No
CUST102449,26,71924.0,664.0,6.4,12578.0,0,2,9.7,Monthly,Card,56.6,Yes
CUST102450,58,61285.0,779.0,6.4,3136.0,0,2,10.0,Two-Year,Bank Transfer,5.7,No
CUST102451,60,30197.0,720.0,0.0,7646.0,2,0,6.8,Annual,Bank Transfer,38.3,Yes
CUST102452,22,65210.0,727.0,3.7,3783.0,2,1,7.1,Annual,Auto Debit,47.3,No
CUST102453,40,40788.0,543.0,6.2,9400.0,1,1,6.9,Two-Year,Card,37.9,No
CUST102454,57,26844.0,686.0,3.2,8696.0,1,0,5.9,Two-Year,Auto Debit,40.5,Yes
CUST102455,40,68011.0,805.0,4.6,7423.0,2,1,6.1,Annual,Card,28.0,Yes
CUST102456,58,75733.0,763.0,6.9,12322.0,1,0,9.2,Monthly,UPI,38.9,Yes
CUST102457,62,76587.0,588.0,4.8,6515.0,0,1,7.7,Annual,Card,21.4,Yes
CUST102458,40,77478.0,673.0,9.3,9644.0,0,0,6.1,Annual,UPI,23.3,No
CUST102459,20,22483.0,624.0,8.1,11372.0,4,0,5.4,Annual,Card,32.5,Yes
CUST102460,34,35058.0,784.0,4.1,3309.0,5,2,5.7,Monthly,UPI,8.9,Yes
CUST102461,28,108417.0,703.0,3.9,5881.0,3,3,6.7,Annual,UPI,40.7,Yes
CUST102462,40,41961.0,648.0,0.0,8689.0,0,2,8.6,Annual,Bank Transfer,2.0,Yes
CUST102463,46,78439.0,692.0,3.5,10706.0,6,0,5.5,Two-Year,Bank Transfer,37.4,No
CUST102464,40,49887.0,547.0,0.2,13474.0,0,0,8.5,Two-Year,UPI,38.9,No
CUST102465,27,66753.0,630.0,5.2,7744.0,1,2,7.3,Monthly,Bank Transfer,20.1,Yes
CUST102466,32,51068.0,692.0,5.0,7392.0,2,3,7.2,Annual,Bank Transfer,13.5,No
CUST102467,50,77354.0,737.0,6.7,5446.0,1,0,8.7,Annual,UPI,25.9,No
CUST102468,19,68009.0,583.0,9.0,9655.0,1,1,8.4,Annual,Bank Transfer,41.6,No
CUST102469,28,55138.0,669.0,4.4,7460.0,2,0,4.6,Monthly,Card,37.2,No
CUST102470,60,41896.0,746.0,11.8,7541.0,1,0,5.2,Annual,Auto Debit,15.3,Yes
CUST102471,22,70891.0,610.0,5.2,8171.0,1,0,6.6,Annual,Bank Transfer,33.6,Yes
CUST102472,37,38320.0,703.0,0.3,10431.0,0,0,7.6,Annual,UPI,35.9,No
CUST102473,27,74405.0,694.0,2.7,6527.0,1,0,9.3,Two-Year,Bank Transfer,35.3,No
CUST102474,23,122783.0,784.0,3.3,5797.0,1,1,7.1,Two-Year,UPI,17.2,No
CUST102475,38,94704.0,677.0,6.4,10011.0,2,1,9.9,Two-Year,Bank Transfer,34.3,No
CUST102476,43,80804.0,681.0,1.5,1000.0,2,3,5.8,Two-Year,Card,45.8,No
CUST102477,26,63117.0,737.0,3.5,6387.0,1,1,6.1,Annual,Card,40.1,No
CUST102478,21,22347.0,617.0,4.0,4470.0,2,0,6.5,Two-Year,Bank Transfer,38.2,No
CUST102479,24,35910.0,678.0,3.1,12711.0,3,1,5.6,Two-Year,Auto Debit,56.6,Yes
CUST102480,49,93221.0,665.0,7.1,6957.0,3,0,9.0,Annual,Bank Transfer,34.5,No
CUST102481,59,47625.0,682.0,6.6,6537.0,1,1,2.3,Monthly,UPI,19.4,Yes
CUST102482,26,49616.0,737.0,8.2,8330.0,2,1,6.1,Monthly,Card,19.4,Yes
CUST102483,33,61356.0,720.0,3.4,6416.0,0,0,9.0,Monthly,Bank Transfer,34.6,No
CUST102484,34,41635.0,649.0,8.3,7091.0,4,0,6.5,Annual,UPI,10.4,Yes
CUST102485,35,38011.0,698.0,0.1,8840.0,3,1,8.8,Annual,Card,27.3,No
CUST102486,29,63890.0,772.0,0.1,7023.0,1,1,10.0,Annual,Card,39.0,No
CUST102487,20,45386.0,644.0,0.6,6998.0,0,0,7.1,Annual,Card,49.6,No
CUST102488,43,48698.0,698.0,4.5,4964.0,2,1,9.0,Monthly,Auto Debit,8.8,Yes
CUST102489,35,47814.0,679.0,8.3,4462.0,0,0,10.0,Monthly,Auto Debit,33.5,No
CUST102490,34,76492.0,687.0,2.6,8712.0,5,1,7.7,Annual,Auto Debit,31.0,Yes
CUST102491,30,59893.0,600.0,3.0,9573.0,2,0,6.9,Monthly,Auto Debit,32.6,No
CUST102492,62,61071.0,768.0,3.8,3501.0,1,0,8.5,Two-Year,Auto Debit,34.1,Yes
CUST102493,47,78133.0,647.0,6.3,11160.0,2,3,9.0,Two-Year,UPI,31.5,No
CUST102494,38,61875.0,746.0,3.0,11174.0,1,3,6.9,Monthly,Card,52.9,No
CUST102495,27,58878.0,656.0,2.8,11911.0,1,0,6.2,Annual,UPI,50.7,Yes
CUST102496,56,75350.0,656.0,0.2,9550.0,0,2,9.9,Two-Year,Auto Debit,64.1,No
CUST102497,60,79700.0,757.0,2.7,10730.0,3,2,6.5,Two-Year,Auto Debit,31.8,Yes
CUST102498,19,61764.0,745.0,8.3,16148.0,0,1,9.0,Annual,UPI,25.8,No
CUST102499,62,66773.0,701.0,4.8,7445.0,1,4,7.4,Two-Year,UPI,17.5,Yes
