study_hours,attendance,assignment_score,midterm_score,project_score,sleep_hours,previous_gpa,participation,final_score
6.609434159508862,73.48049020146492,75.0384541235442,71.15163417853763,78.33602304674548,7.211532442873823,7.128254923441671,67.27523307064644,51.83124480923029
3.920031787519009,71.34122288879564,82.74262082671416,67.25319852854581,87.3634316261094,8.078948180798935,7.572283407522016,86.05365590555684,58.85715563592923
7.5009023916129145,82.34009823450107,75.2798550784425,80.09661076503923,87.15829359747089,5.2332752609995765,6.011092867082976,100.0,58.38306981225164
7.881129432782428,80.51854415295006,98.8659799969731,76.49426448376417,70.49043173479882,6.65764220513494,5.834695725959689,72.69479727560788,57.629474314313235
2.097929622692327,63.95208452389673,89.15744942964503,26.198484522461072,76.94017449493991,7.994983954454944,7.718757338805583,69.90141628042959,46.76399958983787
3.395640986275364,89.22678254563739,68.30966682339582,75.6333908619984,56.35897967847856,7.078720178011113,6.590663319222045,73.83792048535102,46.46259349658833
6.255680806334571,77.05805424649166,68.18367079431516,53.951288266942825,75.99093008521929,8.760800574492976,5.756985939591696,60.13117298525062,51.28788540628019
5.367514815312836,66.8906890478428,77.63636063382424,48.09579761971821,67.06010572168081,5.108891970175698,8.658409550776875,81.4746755665723,48.834252062899886
5.966397684991422,89.88784114353874,61.94376983489178,65.3613722547701,73.13617574039483,4.97199787846464,6.741846392487489,76.61764613621693,52.53644349708404
4.29391214485284,84.25675571596153,85.99545967838984,73.75359552642016,58.14628135183305,7.923623819947261,8.87977392463843,63.69294687935964,52.18435159654035
7.758795949725657,65.35458008052086,76.339206262123,45.02971545598446,79.04872286719075,8.03896865791933,7.534164949331313,83.53100228563717,49.86045333131382
7.555583870857896,95.77182840257724,75.07750693030239,77.86406983880572,58.03431304424392,6.7680999918018,7.853710634466364,70.28484652518081,54.8359918924204
6.132061395122432,84.58797368366193,80.2434440132498,78.6867438654424,76.48284606791586,7.480473280054869,7.246200304683777,55.44915042288437,57.64143802217298
8.254482413936065,77.89803884374953,92.6739586004287,68.65766674819297,62.73494406977451,7.894248373157688,4.313805306545164,75.2740666813444,55.153213007357785
6.935018684504091,93.9021880562178,74.05146422625006,55.85326917682132,66.50358964864115,6.023364152977904,6.135856210735555,73.55488755098989,51.89182170466337
4.281415074233523,79.5929778382964,70.6435155495434,54.28870794134991,86.54732102545162,6.151781949940841,7.349148648337531,84.40627219165937,54.49905674685016
6.737501568164998,77.71916924895967,90.10463547987094,82.36304984212319,80.87917945913622,7.227671415038364,7.9376749647512455,82.47320425112274,59.98000306838256
4.082234798342002,71.39699883978011,83.61060499189362,46.84288238905734,86.49203137670543,8.084906751872463,5.352391173134255,68.36160504056858,50.377572737484485
7.756900602614545,83.81850439307078,68.14824191539533,82.9025864514685,90.5972713250129,5.600851688370418,7.435677950567446,62.91869595379704,57.833783705332024
5.900148178027494,82.7660296732398,72.06223738390824,65.68721177217388,67.27161292860235,6.762462841677976,6.153283095343163,70.02615625086699,53.471398899413444
5.630275272909479,78.14680139889711,74.34457099126558,66.658317005,89.98971662440871,6.706916041954674,7.781544198107585,75.44963319502985,56.95042026256803
4.638140911192117,70.10013646132397,76.34175533525979,44.086772124213454,60.34494343821098,7.501550926051317,7.47671905716021,77.25631566647574,46.03264065123411
8.445082677348061,79.29929854166073,55.72080178873063,65.9459671781998,82.46100334544903,6.989561955989399,8.392201922915488,74.52118312204176,52.69744869626826
5.690941035862395,77.30201214237862,53.49018470638128,76.59019722415925,70.06662285400029,6.344939699436569,8.780187516225023,68.63857084792346,54.91404171140585
5.1433443556737855,64.66525681265799,61.351319735970556,49.29025877007226,65.69699857360683,8.498278936908887,8.050787879128835,84.95225530034836,46.73149032521834
5.295732899023541,63.281876486758144,60.4231386838639,74.98090214152583,81.14469867304443,6.352891022055016,8.532472306764689,59.88547158860085,52.713747607978675
7.064618371106698,83.6515337880977,64.27411183232996,69.24617155150632,84.44951525169213,6.649484364374255,7.079589028891394,100.0,62.46003124769289
6.730888128728156,51.981116849483115,79.61652770508005,58.98742140634771,84.15268386646545,5.090202836896452,10.0,81.44605570230638,57.14791438830044
6.825465223191976,80.0541052696126,69.97285012410315,79.96542321087826,77.14859888894792,6.143648947784926,6.037417084206143,53.08771895244985,57.61548301298326
6.8616420060157655,73.21916942246176,74.35673526012226,37.16840523430021,76.31957301329238,7.61929129160686,6.866693066508814,72.77843996404623,49.02389078819489
10.283295201740923,91.0824660687991,57.30835907949286,72.85353048241193,80.26866585699902,7.384722347625832,8.581630299296272,81.59025277048197,62.60865499718407
5.187169967230769,73.06531790846124,66.46029356494866,90.67209221302609,78.0376407551719,7.719420388078914,8.403265565833191,64.75946341720436,56.300848809648436
4.975514541856925,84.59484214251896,79.04709194093809,88.15920394740927,80.41355839585981,7.661178743134805,8.084866822970818,47.5728392863494,58.06950403247074
4.372454543504245,74.03086158762208,79.13942949812161,73.45729408753931,77.03999461110715,9.505256843554186,8.31038238959173,54.41404087601657,59.11513415176746
7.2319588451509915,79.13748153486144,63.3051140617451,63.77646913416816,83.42783824506364,6.102569407063708,4.999731414472752,78.13139416518327,52.1507896630961
8.257944585441784,85.36836530920051,73.93994863655465,59.098764208333165,58.727921934495726,5.056691507878254,9.407158433445401,43.68075291147443,52.25808410432532
5.77210508469025,73.3744428367542,98.38617424178798,63.75903888532101,73.68726524913613,5.739336404714171,7.255330849360062,48.25983142230967,51.45117232226999
4.319687046074944,87.96554884498404,71.78882484893234,75.61330147085069,61.16153506154414,6.15561779700209,8.995073018725023,78.05252120400888,55.197808093001775
4.351037568617521,68.06302122893517,63.68175664629065,56.69858672356817,77.76702017604885,5.830807676059707,5.059768105238453,66.66176174729756,45.48654402146503
7.301185575649402,80.94592842558379,69.91485132765408,78.60393345270533,91.41930175853697,7.112393017173825,7.807882204177429,59.56329415592805,61.0156984137187
7.486508342406885,87.22639722787852,73.106125290322,97.86424725204654,70.25915218053032,8.503185886668426,6.823797265026181,62.579017790162,55.1116257544041
7.08630853661039,84.60037491790335,70.1859794317134,67.13363470821648,76.27252030297215,8.847590887563898,8.186544181897563,47.93779280733521,56.40555894017814
4.668980585422611,97.1644487673541,71.62374359188198,49.17847275403373,82.56486714921638,7.605170202215925,7.8804845429626145,77.26680145682418,52.13968234499289
6.464322646133439,70.3656068268934,54.67863843675792,49.17357355157022,54.32277068233475,9.569526658544818,7.939257356999014,57.901846674738316,47.98920468256324
6.233371618281456,64.20850748651412,60.448434298968586,78.87191772396206,69.77889517855812,6.572352332120297,6.22926997412221,61.96371723124194,50.48135900507075
6.437377193458026,68.05664891504881,70.20797715514203,67.1635534945538,78.6451565927285,5.040977149597088,7.431637055017667,75.20177704880767,51.86775610293472
7.7428575558963795,84.60442566548437,70.01678435973076,80.27563254489674,46.03005274342725,8.263813681465804,7.283799542484791,66.15058696818676,51.8813993266495
6.447191097549364,82.97922934269378,65.20572870167999,60.52912051176911,65.23191506925029,4.793686729901125,8.09437205004892,59.430200355484956,48.36658349833903
7.35782712614379,79.02256659647416,69.87583696708276,79.62872966555764,86.0085797338129,6.093996372760235,8.68715639452016,40.15842362914107,59.05469341289597
6.135158138977783,66.7704295089287,72.73217826497046,65.78381157170384,85.02996900450725,7.624134678907356,7.680571106410338,75.51138768801722,52.59553922226978
6.578238797379968,85.66867293329061,82.6729614782943,57.74494322546471,78.743182273701,6.877142223941463,5.9685932539336815,71.18489451412603,53.445750745466135
7.262576451677081,65.75295222349459,70.8094591772874,62.386021296766614,83.82197639943178,6.770856684554193,7.629094571480121,62.2391881347494,54.75477421714818
3.085688360288667,89.589495823769,76.78923846357904,51.24123902407469,77.15104234421463,5.583051960615993,10.0,54.4390134179973,54.97119450833777
5.360657567285397,100.0,65.50079638279294,95.85103382014256,80.55394907442314,6.987037132679996,9.475206392385342,70.19143717980288,60.48508510087034
5.059254691414409,81.6645114657155,78.86514868318179,66.65065461018118,71.84346291159386,8.204394986485351,4.0,77.20707640788653,50.67755874773077
4.722244303513316,83.83108135657743,76.50876357134828,77.02319724155075,76.15812682922093,7.023961499843223,7.576011784433813,71.46638321986455,55.73804928661796
5.449715497546633,73.07140231104441,82.38980403815783,60.48383213980881,68.67629613584178,6.003728944430727,8.618543430306413,94.5709828073823,49.14961177214447
8.98988262246879,59.89786678913184,80.56152554933385,53.273010492282474,87.63483344182313,5.502953847283203,7.281207584918425,80.57161753907543,53.063527199342175
4.268337768613513,71.97280636969778,79.06482747457375,64.72567284714891,90.21559409502201,6.0284865004533055,6.9478908958273395,68.39075365488938,52.68645368039307
7.936556709182962,67.07104758901251,70.81899109610664,83.41669546730878,88.79912800697073,7.47080050289723,7.1796429418998144,81.07418134144845,57.645184957316005
2.6342604567683905,63.52995423584984,74.93927072453361,60.70975492042403,70.91891238322138,7.412322714831652,8.162627382521583,70.72993417586618,45.26331331030405
5.330229940028451,95.22359941995649,84.76210714141831,55.81255238178818,65.46225960634912,6.0393914792851975,6.121836030749989,70.67789131783981,53.30356790478142
6.3255061302100115,80.72862518025772,64.17510516716646,70.176499421168,87.76973660750163,4.34708869362153,8.926426381931245,89.44545695966534,57.534443476797236
7.172444662718556,81.79687580613984,64.45910665563761,74.98631641004842,80.43907202591413,7.504015316406598,7.432808409962317,56.529131827892215,55.77261964243327
7.42245315958571,74.90977634803751,74.17717677540435,90.99987436394457,78.28584341523643,5.922751121229699,6.377970871066141,70.34964472082437,55.80159901627965
7.58669447039985,76.27128917556564,76.98335628318544,72.95250669721493,68.66367915054855,7.82687497481834,8.849220193678434,87.84565003974407,57.81574496891719
5.302549855503125,87.64550682239333,62.11072200883194,77.01589749943729,79.25663812636765,6.0926684294467,5.64584291386603,74.63485837262337,54.235748329882355
5.0752964146708655,77.67662881304784,71.1028492390403,78.0698533168845,64.14721940338065,5.81451945559623,6.833747883598099,64.46420521946833,50.52007601066925
7.715951762514308,83.30693938024733,70.87201470925459,51.857784652943174,81.34062356079032,7.1838062887115015,6.813989921657803,44.40760351938746,53.51623201883086
5.61739135023677,76.03995702154984,45.41663861275835,54.51335101342638,88.7888669960621,9.829239076031643,10.0,35.94479586709436,49.95577623906491
3.4486273533241563,74.57847109267952,69.36487212889489,52.825451945520896,91.31045543907952,7.898835989339888,6.677975077632668,100.0,52.86170137229441
3.7334255719930387,63.930858343981384,70.1121860058184,49.349959420316964,82.08524054109816,7.163463159047022,4.9140417353998735,74.62767731876218,49.67324204848914
4.161095427996777,58.222509376328716,70.07648468612378,79.13643824818566,61.17978450378878,7.430621843657162,6.80182186166503,61.23890291370607,51.44171066340597
6.994321488107528,75.38438098933598,88.99097129492722,72.06070128329257,76.97330130946021,4.8986609662172835,8.046660416885734,75.24185333694761,60.19742007721652
6.28485147214113,78.56496691993233,57.4104204178935,69.11294488328029,96.39681744057714,5.6531915550969325,8.440901455900326,55.78488792544975,56.07953461656646
7.3809707081355365,65.1386996329121,62.104529145544646,31.70196878436824,66.31388409557715,4.0,10.0,65.031980839056,47.22518053650879
5.1454947073269315,77.65525134965367,40.65365042016799,96.77667602066066,74.40818427089783,9.075848673491947,9.188277085183056,55.88589410510553,53.53188862162936
6.317079382153429,78.53752562990502,66.22900000591031,55.48019194185022,89.13524351800977,8.832863234986899,7.725507112698183,48.800896231532434,49.527474249576755
7.251180787934674,56.43991993940621,67.25227735048799,96.72537858314541,81.17133922073586,7.471382231457892,6.430301438910267,38.425225812431165,51.972898088854414
5.381306920559523,68.84875340520499,65.88027388398892,47.71061927088158,99.80156324485105,7.1621381237010455,9.44883291761683,46.035139116567485,52.8594283758402
6.913550475114823,82.07263893735468,85.29212807380512,56.626383780208485,67.67130616771412,5.138091997002904,7.057723739608522,85.3193164590619,53.23060560386827
4.676148117866697,81.87058729395744,82.32741026804356,37.16010864486518,65.10244214259178,6.736840047699171,6.710211316542474,55.19677058184953,49.88969176400614
5.273892306869857,66.4632508360024,72.93428069120765,73.06974966319777,87.24125435835174,9.150870254084671,6.999511437415116,78.02338167704319,58.662146409155795
5.236524212003342,79.58448050499734,67.55264335752165,52.582404508642746,63.04121371728464,7.157699197834857,5.997254113323828,84.34971084767821,46.69832421112195
3.6083207088219207,88.22407225360472,84.31427601728237,52.97799784262304,73.03232011182463,6.3224242405457245,6.941975890594829,70.24869527811187,52.59328310175663
6.9739449615711635,85.77072958990898,71.76290568196978,48.78480095955844,74.34353455140423,4.890315207995664,7.220270004025902,65.52149181518394,50.1677263269423
5.061195319594552,77.04714212986066,62.180759532978506,78.88297087833008,85.35989473385922,8.656366873276966,8.376787926974542,71.99534380791495,57.78761602968316
6.024988237455375,73.32023686675707,51.40501587018538,77.96049112194567,81.14267968025247,6.915899438766813,7.034293997878778,63.75069450213829,54.43708137778682
6.961493317811818,71.70655515665496,66.7042260732518,93.368474475103,79.57064914176863,4.891919375964605,5.979048909793781,88.05863893084945,59.46355313414797
6.893062352059888,82.67819782909658,81.05572340607131,58.40010730497838,70.97569122098334,5.89088118151415,5.57547341369196,98.14800811216739,52.43488935141641
7.330770217945572,79.95103973142888,99.31846427451708,71.06347119465521,87.15004019081942,5.466954379170244,7.751483697027739,91.74717745556433,63.68696044087246
5.803029030981153,84.294040061022,72.73932415427372,49.949307236372675,100.0,6.841907769145633,7.587151024163069,37.72655147839649,49.6555102445626
5.153403375911693,79.31873813121152,62.815733818556346,63.30945368170555,81.91282098922916,7.248806763535383,6.834824746544198,63.44459861709829,54.612089416898364
5.840563578187202,86.18763950347441,57.78041750058944,60.736165614063516,75.99672207546837,6.39613952286577,6.939052247409515,70.06238708171735,51.067871614601536
2.6253311320839403,78.94592532957701,78.62345875566719,74.5022994049359,62.021370290078394,7.932455915784258,7.966184319359004,76.94586940633815,51.39769262805565
3.1057750551538255,85.84688716131686,50.82460737138878,82.23830528985468,68.62518550682847,7.09456268856693,9.168655504427218,44.09028193446928,45.610604326838555
3.3546007752911953,86.70822770366638,78.60414121685866,81.874933671641,72.86289766052695,8.274774862326556,6.563826499027215,43.848345094465515,51.72063258515587
4.005506344797037,69.95473369775186,81.81253927515495,56.200628188953445,69.65399759732867,6.571367106303137,7.606683403458519,89.60184624438088,53.9881043401775
6.7995484534468735,59.918559531292544,77.23535343879436,81.978550664722,74.83922165473152,10.0,8.649924484806387,61.61321022085331,56.05023118247156
4.189041889279879,93.43492856014554,69.3640599367373,67.38280808049085,92.78016076807288,6.322613531831251,6.568662851763301,47.68890492320152,55.180432250382815
5.243674891921221,80.56658730712262,78.77928784256177,63.45564345744179,87.47166917369233,5.916004009892954,7.481241462524034,53.44538788415559,54.1459976058712
8.59845659557213,60.855141045038785,74.0512604535396,58.080839184535144,73.41167283531746,5.768439339885091,7.454405276294801,75.85711964968323,55.55948725707136
5.287472057877148,70.86180502781289,62.662513897672895,60.16089887893827,62.917200553341395,6.746871128134834,5.926445717947777,57.66178470304755,46.82136615351364
7.475031136934173,85.71874292369829,94.20494786850031,92.39239384674727,88.37367642902413,4.936556690961059,7.702198553718747,73.62438463276075,61.167385964247785
4.1327646399802465,75.20323168867107,67.7798474446738,72.30375073091633,74.50945726538636,7.353475412593372,7.537853614325318,55.319089558802446,51.3127132224596
5.58912488426474,72.87938580680873,81.30902760539891,70.44456586501687,57.73499574397645,4.7136354765222315,8.16610109951527,43.83699808923969,53.500376833891664
4.099955890178838,92.00881860312967,42.97662860765142,64.32854398048275,82.12430118493036,7.194005108868677,6.075736230407145,91.36570244831987,51.67789267068705
5.321933848198875,67.5271285361619,87.31765059337116,100.0,85.25686684233466,5.378497907084376,7.51196446231347,75.97284866933464,59.466777971704715
7.680616274914791,70.01846642245167,89.62516493585498,86.27014684384994,50.74091595065331,6.5424479111438885,9.15808087638697,64.99373708142825,61.27621992162174
2.5453591536153026,80.11386475048268,72.35800544551965,57.9051303928169,66.75445357867096,7.725448478958831,9.992999798294743,62.17957417477586,52.6189541036155
6.8688472870917145,81.90454932053882,78.7052524168531,64.16938923413527,73.89545988692286,9.764845220651624,9.036155122765932,91.97350553612853,60.21295451162952
6.475471204664556,82.96343034340731,78.70218217929076,65.00057639280726,82.34510911308618,5.706399375062611,6.087514193219709,78.87295068293088,55.661353627002995
4.811700088606411,87.11238044568947,64.2865971643113,70.04220769595639,69.8425341537583,6.81961906068833,8.041263218452352,87.20219547453638,54.944740401628124
3.107884291223091,79.98578620681516,78.56546766527208,58.18283610315991,66.67858098026063,6.131489590269349,6.9202241100466635,61.244609837662,49.805245366710565
6.144259015427739,82.89383938938408,62.296434361529336,74.14343132706375,82.27169249680283,5.956155612927045,7.840680711755905,70.75999810269367,50.12586922699631
4.941014581872395,75.40790740684916,64.69491691625609,88.3292338485504,70.31677626685841,6.142032004036547,6.573339953067691,76.03298373994798,53.90140918440877
6.465352422709408,78.62698303236714,85.52331771854759,49.60920647394171,80.42054650548697,7.988879770764327,5.44383186977724,61.74896336029238,51.95008724034182
6.043704291046886,79.07534180053635,83.69589228840243,52.20594568071106,63.884843450254095,6.414332962923544,7.0865793135602,68.5670183649454,49.4922236649777
9.20355778264183,80.15098135819036,63.52349397461049,61.2357802258377,61.476669807636014,9.699175237925026,8.367123235932018,61.24584490175125,53.5432778212914
5.521288745053951,85.72539807582761,63.19708387798751,61.884862158490385,82.55269157570397,7.499175107073681,7.845599706568573,75.98588796253325,50.541728859623916
3.95300501475627,83.5514568194483,64.25284077050793,95.97852224644303,77.52519910317214,5.78798720659111,7.983537431897224,50.17908754224129,50.42502543511559
6.358551269912632,78.44217002900183,80.79167479758588,82.02392908020775,84.22455733236207,6.559953781425907,7.759620387575254,78.57955028870587,61.81714703613385
6.43999336794353,69.90874015058961,60.00018263027523,81.2205129296557,69.67406999078558,6.037783611952013,7.985432969814853,74.66069802614366,54.404437769610844
8.718375150480874,78.6767125806271,76.28055166843143,64.29888029081239,67.04894697520255,7.960082383536056,8.135414110904042,66.95037207239017,50.18467605919482
7.670222491829157,77.71982215104256,80.96216172761153,63.9916123049846,88.60718887540911,5.033464412121697,7.170382285254458,76.74275718478125,55.92782772679902
6.7137421182990185,79.93181579813198,70.9410545964828,47.67612420728442,59.770412360055296,5.390858343477028,7.59946867370354,64.52589304400534,50.413887471499294
8.926605782439124,100.0,84.12076436237913,78.94436319266944,87.51460709180625,6.29014465750103,9.591910049843628,59.9480388800907,63.31275941278778
3.622473891354298,72.76227221458765,68.3482779661225,74.87476446732299,88.20504707482384,7.81953615176599,7.6704372348013665,78.15589232183018,57.46798630950768
4.720496934500504,82.2228901912536,69.43373278807303,86.00396310549597,83.60089514266075,8.479672329787327,7.5510761957447015,78.80521007731558,59.88277670629832
4.14684811718895,88.68462067244297,60.27304522641772,65.04838401301366,68.12192482989552,8.656650628927412,7.623461408671679,62.390946417864484,47.28785759942305
5.220380393688464,78.98001914099383,84.20612817144246,66.01509195319444,66.8347616327464,7.635761823937036,7.2385097780205365,61.104215616354125,52.1178194874277
3.2466277048873824,100.0,62.801754636253555,70.3806373998489,72.899442270018,6.900532556370376,6.977572843535036,67.25539774359315,50.33315811452097
7.270301893628808,74.21960708268523,76.1972618125807,80.48656605709934,62.04960323168601,7.953550974776791,7.750414229238518,61.71991520778974,51.63025645869594
5.555554605802453,81.24089222320048,71.14420719448879,47.41698129063529,65.38306001246403,5.626599259081948,6.893141757649019,92.87678664823403,46.096574702955316
3.0583874109946843,70.01194255107018,59.36660324266005,78.30478587233725,81.44734291509046,4.786411333580528,7.325382084627341,74.74713571291309,48.86952111243836
3.968841837584917,74.48475264856707,64.69076227412015,67.71306212958038,81.49349114224157,7.5239650932237865,6.5513823521684555,70.21900350320823,49.72162906382029
6.627027694900391,80.48933910396659,88.59446686848881,53.17907824864825,64.50425173465044,5.79318589942138,7.629614165441181,56.009125394664565,52.23911949012131
7.6762531357887624,86.46304062307729,74.41989051161377,38.81551946284307,81.76121935300074,6.921631921401423,8.201033933011233,81.08484170554961,56.832874459689755
9.993461783383573,81.19094834023574,59.8901959035979,66.08936803370305,79.54303305739806,7.143552419047378,7.245702168106901,60.82592650083377,57.2114350095916
11.82772493201466,90.59114849334736,75.66393944818431,88.26798176583698,90.09886254577103,7.2977434710139555,5.0899458757328215,60.2087903337844,64.94084148647153
6.828818866551993,77.05034689407329,70.24663162086546,91.44558533437953,80.69136441867522,8.125349846230062,8.208445852866566,81.58921994614879,59.31686860201527
4.020923759936272,74.67831470160995,100.0,72.97526694938135,85.58581053734378,7.998490225950078,7.644220611311712,75.80984081487847,59.36460413682638
1.7359074385373816,100.0,75.42148609610727,95.46807929379146,79.77077590930212,7.234000080601228,6.308122259983849,32.448285862966635,53.264146038886985
6.535422924687672,81.9423764944203,67.43250183520362,67.39882483860558,84.79929109697188,6.469581663436713,8.427924290787928,67.63343854353536,54.92389917082804
4.374117809379348,70.80518454021453,89.04033501344526,81.34624972299893,62.12882843432225,7.1293145064115855,5.8218897591409835,71.8827943082143,56.45295940514454
5.16928547964063,71.05736237751931,49.90756599248586,61.68276755531002,73.78255542889086,6.2845474999900945,8.754489138389362,64.9060576632826,44.02571724455016
4.775806401880384,68.57320085468659,73.13184187657316,60.79561625002192,74.6101723177247,6.764285293592595,7.431160056423344,72.40545498534708,46.654383664135814
5.71841822716723,87.36569355856788,95.93314193617287,58.51487236367109,72.56250053064717,10.0,4.777361909547203,42.85467995636483,53.52390703471114
8.131960461575288,74.35622707106758,70.60560858768295,39.15259474025963,79.43886630316726,7.218627641060248,7.713995504715885,27.534691009889123,49.312804895868695
6.314097134890689,79.27362475656486,51.200387464223056,86.01929163925676,81.34379654495751,7.540294020445058,7.0125691582908765,55.367976424445935,50.948979543595215
5.682730325922623,77.36491325561731,67.24898442707283,59.01714585206777,78.92257077071149,6.153423221163566,6.831780849812237,74.23370682650724,49.22107674543127
3.9286924943483768,85.31492407940935,89.45421649150845,56.77985708342725,73.23056118778662,8.224088099715841,6.614729086252538,21.625656572186642,47.59141437545534
2.650634110591286,69.5325590711598,76.51283515584926,51.48039645742254,67.64269920154875,7.912326907196109,7.3473410509681525,57.34680899140739,48.619443855838846
5.027384181853338,67.24427713856984,61.93372668584979,65.13896788849203,85.97186074156234,7.920823065586102,6.91777358259943,41.1585854620092,53.21079311732603
5.892434898363359,80.24297307181594,63.77708631385171,92.6888923478364,78.49732816613835,7.257869496104156,5.271971708173938,66.36063741202979,58.59570139900406
9.535859827159765,84.00959284699897,65.28359674620224,97.31290391151805,64.81386141600592,8.241028114920125,9.026481464012646,99.36848886933774,58.73305450128186
6.2605490429457715,81.32532313097641,76.33437460864795,44.74786373877083,73.06312458350376,8.52602223596168,7.206770812845834,66.74236008003848,48.275533375648024
7.965479022046115,69.90546270902672,88.05835359526384,63.03772805633205,57.56700322292639,7.339718703219154,6.621677980946084,68.38745732003699,49.27611686801679
5.001408802921696,84.77484842091394,84.62907615359005,53.51899121868822,75.35370614347443,6.862465169199613,6.1458915809456025,82.58846411182348,55.343877990526614
3.630112467165951,70.56139072904365,77.47214618530954,81.83672837696128,73.01620057401404,8.073485188137713,8.424878480943505,70.3195983671586,55.26547455374799
4.069766475535256,72.78461355213616,56.0202628793102,72.01230966211497,69.25533049644662,5.915049632128308,5.94188163708417,66.77512344715991,47.69560237778879
4.549547870928493,68.56046475277998,56.06480983207871,59.08802941668231,90.8460018980353,6.138447663261608,7.66078476222956,83.89968886217505,52.22498553637037
10.256939464870328,91.01158348652031,78.39902425456516,69.01602312827427,63.43845880457888,6.936039588538119,6.799621197751702,77.07830725767708,57.34438311502343
4.357226641551228,84.33421541027349,55.85434682480527,61.31613930029208,82.06392951682335,4.910371517874226,6.869496407325201,74.32938642349679,47.53755580245482
7.67697840747269,84.04993375678873,69.29319574717675,90.59944532124855,96.86708160931873,7.993114328276109,6.175728562828921,67.91829771148802,62.32564478982439
4.194145643825947,90.4721142114245,75.64980535423412,75.65743321022454,85.77267903716688,5.844503335041012,6.755616680974008,64.80902942909404,54.538861139705205
7.863146025748488,100.0,58.34887205564773,77.37752789283013,74.68461217902232,6.434210774197892,7.51057486980823,83.75756327847493,54.719130048613366
6.769901932211726,60.90773896089844,59.708851987693635,30.663155307539434,63.65931360576673,6.744064485184275,7.782374671618792,64.9530607018124,45.899743971208075
5.686724204683819,70.61623419122893,70.87054722518617,67.06495849639664,61.379378234155446,7.04714418588466,6.557289022460425,88.4687931903402,49.69655904162416
5.918474947729132,71.83824915825477,78.04380345028865,97.16495342682649,70.88448305042478,6.58761606829235,7.390878717075103,54.29280450566077,56.574576919303695
4.690424609141219,69.49180377617307,84.73822524496508,86.56580698051359,68.12999266086092,6.919154743323581,8.566145317164507,91.50675931758667,56.45430473266613
6.892144402964161,67.22416752396288,79.28464121724662,42.140745797115756,67.80453091041868,6.928446841131503,5.5048457316611135,77.08060124632627,50.56257028314226
5.09003303931844,75.00346935944634,72.88387913990634,63.612038342429685,71.73686544528756,6.463562850847449,7.492477231689769,55.47197615421991,51.13997093830181
3.5487884724655037,65.83396284710595,63.04566295731541,51.1787274771379,73.97752907114314,6.0721666508334815,6.359059265517392,77.6346795182846,44.16207276422209
3.4441248513607614,81.35042367537413,59.14911604986577,91.95542184508018,79.85211947645297,8.297768709226721,6.236778993460162,60.2454565252408,53.88970972880415
6.345175835444239,78.51698321428614,65.86947494005022,71.41989595186271,62.62203780537571,4.4747131572799566,7.813213815597721,70.50142081521213,52.05074041636521
9.15818251282087,82.81028664763656,76.91922701976681,57.2508621637599,68.1775620386695,6.75314180918862,6.845698237598929,62.70059294282123,55.13406138099191
6.319983227146876,83.07728451638252,76.03948447952811,68.47821120957104,73.40327917177518,6.437320633738941,6.03983624851788,68.00631753800383,55.54547772393664
5.762723347780235,84.03006853426676,46.80117617129853,31.496882593041228,73.04514806576731,7.502549784071784,9.089139830483985,84.121461907148,46.70144213662933
6.571652279205086,74.26591063176117,62.57187566078996,52.81054175160793,93.36423707413422,5.25484864417719,8.604107417198195,77.7776747822003,55.92684293855419
8.61200348341365,99.21143402633668,86.45409061927387,68.51021216156833,77.32246592723857,6.400257590507675,5.181232852368997,53.119519123463824,52.95827080985105
6.438765002727712,80.34431116482098,72.95058057364967,79.83945515834651,58.864101880405755,6.877168319212293,5.730686246397519,53.978553375123425,50.82995254165464
5.178145538332526,59.37515247375205,54.995893042764166,40.82160231163723,79.18181361586765,8.28408833244455,8.212148485582418,74.06163415398,47.12551902550894
8.212577420119779,67.97624254233783,100.0,62.663825692165986,80.45663722743978,7.398621960154508,7.158151400355036,75.14780690343665,61.67290102417753
6.857512876923227,60.59497010972184,71.65269921222283,82.1356003392635,73.74871971755262,5.579814146957366,9.300689573225949,59.88332530919353,54.81701891871271
9.071511983991984,78.17334629151307,76.6120075117609,47.67965345877419,62.866033255907986,6.415027937535209,8.239603678249212,93.86973224473056,55.42811663031775
6.366468874443813,76.78194775946666,76.79429707254161,71.20855968697842,92.58054695313463,8.06326162319283,7.859358628624798,82.20242405904393,55.07767025282683
3.5510619365589995,73.31574302100542,67.58885440607777,68.92364304348405,64.30116086418742,5.559070160892319,6.273764769809476,60.61635451922809,46.19721630325663
3.26368160150867,98.10926112400514,63.26911581814327,92.00132448499244,81.60772206415933,6.905626877953155,8.089728353837366,59.166170262760104,54.14616493702758
9.3018558644625,83.48982874076911,97.46009982079129,64.77809329643708,77.00050529063935,6.989055456968469,5.96908325429944,66.58280179430129,64.12890761510168
9.447331441566593,85.26098361446334,84.038470435413,65.59759162274902,81.0081054902977,6.537060328095083,9.066293440092082,65.02218383388761,58.77319394550922
5.640961573434799,68.68926512057897,81.86324641330413,79.96943654430564,92.0685792416733,10.0,8.00656630682189,88.84236240597666,60.80269744276411
5.233625357728025,68.00855108668988,78.91547030061852,49.43111864730918,80.61638872141035,6.504722248662941,6.5102033078908885,84.7678445949233,51.45904238581901
8.922888584484404,78.36805499096955,59.960191315659785,64.90763510828798,69.41335772956467,7.539718191241358,8.465612913758777,70.52604270252085,51.13393277339564
3.785908635913024,79.73007139652226,87.33036230088328,61.61984984823285,86.05992275127961,6.0804386557368595,10.0,80.16858341333823,55.55325113514232
4.210545962088347,59.43688432885543,61.88240810385901,66.0552346221286,68.6890054995588,7.633297590399285,7.238859480228659,82.34462839516823,49.7681038855532
7.286653589378089,76.19692977150466,75.39944157780775,79.87769028547973,76.63558011395268,8.044945116222323,8.160495827629552,70.87391092399801,58.17395651245615
5.210789754280821,78.14072082873504,52.327321134425176,75.75826079115042,62.0691639198421,6.294443155904682,6.981804816370798,76.03928019053635,44.20267595802089
5.989756266559858,75.84850834228871,47.50969379222977,57.518447680598534,64.66718772663248,6.934357821737761,7.602422661142015,78.91281331138423,46.93870223344499
5.673114202950975,69.86609587653324,75.81949443183737,69.91378884658097,75.51386670436186,5.925664276130952,5.691318527962263,77.31408585473326,54.3853148423534
6.675149097597867,72.6046481807886,62.2908087936611,88.86618259740735,78.68086708580873,5.62671542554013,7.4993645837929614,58.31794257286313,56.422496209989035
8.814963722627434,76.23140806427205,48.12998914443272,56.36088021683773,57.9760937730897,8.244154519000247,7.552292795796734,59.834353639809066,51.8380522327737
6.181169813803491,78.90800023610048,78.4873140353649,70.03233492555817,79.97287368000664,6.335198864939622,9.658797332213698,65.67108007470925,54.81550075290958
7.287877586553716,84.04791582550568,97.44096925260948,65.2957505228592,66.80571023401703,4.103665205790316,5.34599626475598,59.40003581429667,56.124419767690206
1.899655797937955,88.80856204950871,88.67472310296074,67.11792977828512,87.79688015671167,9.118427387792348,7.162939849070665,47.90349141046521,53.87829222510602
5.902563196139764,75.0565227647275,68.91218537681193,45.17079328850839,71.48035571175492,6.037485612324873,9.045740661397243,80.13927941423562,54.45584410662641
4.313539459414258,73.43843803884643,72.10614368036335,87.75067996037086,63.76377730450014,6.704352347502363,7.209874205041492,75.19612190303502,52.680169080208024
3.562373879152744,82.37655673534306,82.65247508140696,57.159073387565435,75.75804557959252,8.969087806593178,7.294390160418002,49.90950135561181,46.51619088330672
4.243695266142499,84.10844916410855,85.46553623801888,82.36500758214946,65.83764998921275,6.829909486974832,6.500089170141391,66.38624932408695,55.51031185611775
5.3317531185983755,73.65799566741114,67.87757137409162,59.30072748733484,87.68945141433126,6.803996077357764,6.380873543684691,67.23571274121059,50.97834132802762
7.831805084712026,85.90393476966172,72.41013258869489,59.242934873459355,75.005302075331,5.52619234653936,5.308975481000218,72.72916642764909,51.85320428229449
3.347214564520872,87.79585341155973,75.60737768117444,84.98372550651654,73.48323376906713,5.0381995604469205,6.744941702827015,53.771163270285115,49.0783130841255
6.061262985188835,90.91686465658672,78.64651584334598,81.91438444869094,80.91801018931008,6.800336482484646,6.3127739338654525,49.69008646008381,59.96449073065972
5.031661133332843,95.78320906719823,70.4030826958648,70.92132258549576,64.95052560799706,7.435371728889874,7.641646600388488,77.79586744050866,52.43064127219693
5.344653811276078,69.33583861340561,70.55897705917506,78.65610769728848,62.10846344671486,7.366630489852927,6.554798157091522,46.99056981597066,53.341038945646275
8.005515650609208,78.13898209332511,88.55798795705266,63.960261076410404,79.08351579441637,6.422486703436941,6.924490817941792,66.51004760418004,55.68632575355957
7.076230874007852,78.1127769661866,86.51424842931463,67.88285321193554,64.00329291991191,7.024309359216331,6.957353528330808,65.10884221362659,51.7837959491205
8.674796214885488,77.01926431467493,77.72892688123306,58.73725850550653,63.999898462505435,4.7953480056064395,7.442201781251553,68.15073522659821,55.761095203785636
5.690988641500199,71.50737080389864,92.62930884027514,80.65690929020363,83.36756031220888,7.552200424834574,6.8657732923141905,73.79076431766778,58.03396380602605
4.608114776658594,63.14437996768929,67.362650853283,58.29221336365707,80.2506410998394,7.193687013724055,6.225856692075442,93.9785592671711,50.417876266755776
5.552282366239001,78.92679446029004,91.47568138355257,88.79218882912994,62.46170457547089,9.36839307301943,7.602919732737406,46.0076169911365,53.16923438465264
6.484993582542443,70.31644340452087,78.51018532242661,63.57832164352246,68.80863957058664,7.008975575714857,8.780979859517533,83.14872374099124,53.41531269745839
6.353146716907422,78.85993480747625,100.0,68.28711989622867,65.9626844405368,5.868796777424706,7.654159434948929,32.31763140802934,54.53103477917427
3.831223855533267,70.05956458301146,57.690216878610265,78.62219228916068,92.7631929804058,6.939132239093417,6.768215474113654,90.90566723225977,51.31653296786709
6.1809795632557485,67.00341654155659,63.7278569733919,68.33410189665415,84.06010427570608,6.606640239980996,7.35222431388765,39.35695989194265,50.373871857268
6.45645666027781,80.34298360376897,77.02557393840657,63.82928360000566,70.79155153994726,7.5216494425244775,5.039240675572154,100.0,52.51936025265049
11.034948075067842,79.50921526806496,76.7668086357479,67.5796717306814,80.76194689343492,7.0322704740702235,7.332716700553362,64.15348255784268,59.53144016363379
9.75368922256334,83.79281971320933,95.40166781010022,80.51345694980617,61.438138140691706,5.488063958736827,7.019574757091433,89.35574591159552,63.292755385250075
4.29351329888236,99.85863766417626,63.979503800405595,58.720068890086125,68.27353848810507,5.037108054167176,6.379847570392186,86.26234035116298,49.28788350570216
5.425233276901648,80.77289531210847,82.85902222432661,66.23268189817429,76.04863265941886,7.315489843159619,6.597481977201639,63.452663630433875,52.03674773790602
3.0731159963259937,82.85081767064129,85.94955605618395,68.14401418272466,79.52230749145913,8.659737449283087,7.007718598152424,64.60376172718598,59.93125821260363
4.818585972073027,67.22438671132674,80.45577398664777,80.1041927373872,74.02540874486556,7.095217460862063,8.69094993120779,57.44261555301586,53.56305767017016
6.631210007180681,65.13092559463625,60.468043896908156,66.60216476579988,77.48013510714226,7.975956824704248,8.810472500136111,81.81055249666434,53.775129893920365
8.411707241776467,93.82829446773334,88.89310566305038,93.3161873229121,75.78336459953127,8.21537098504432,6.386249806130627,63.64797843672298,61.07767714351785
4.541832324512783,68.76520220066696,86.75189917578497,65.80845991198866,73.36422597977682,7.320150214953602,6.8783071521079275,57.71524707923899,51.0674773160582
4.691707119864407,67.56055928531357,79.19501423748453,64.67242906232607,72.03854407809106,6.02261021456631,6.908892051253706,78.05914017934228,51.34920573499848
1.7054219405226902,77.60901078783446,74.45217224650744,65.60555029735175,70.73735127322216,7.234369702054677,8.471454618660148,56.54235337891377,51.29928444908352
5.674668158910185,77.09807586622611,74.71329612053246,49.567019998787856,77.31937508628587,8.448487465120577,7.674607863157941,65.06526562371995,52.83547995486581
3.875171176280874,68.97493493556708,71.05517049312746,53.48582414537841,79.10815589199456,7.635868659519897,7.61134783516925,71.6065879730829,52.47755203389996
4.941121145267853,74.950267812869,79.6894216110317,60.57066354365269,76.98359167318834,7.897894411394387,8.143515136105428,60.363557661080975,55.387052324906335
4.246278443664823,90.29375717650105,72.37361823533973,83.90161788390182,63.21402949998941,6.444944509969809,6.784303909906882,62.62676978620097,52.75450408015152
5.811474891494886,69.94006391168202,61.817700295768304,67.53623516893185,65.01072148856812,6.757175488305421,9.136663889224868,93.02474801709187,53.44430656196909
2.4845432172867374,64.06327515633828,59.41690026206889,61.21498134538011,78.98881805948068,6.85752722691956,7.497906411095758,66.9364719957228,49.96527049772805
3.065909509218019,87.42593620899792,62.97556495617249,85.17148643849234,89.71673300670878,6.938394396955845,6.472905064569704,64.60559560324582,51.801476238709895
10.258494224056596,82.92296911938037,74.66558691059342,89.71647986049166,76.52415461558755,8.401549979214831,7.224431707442592,67.37312292896917,67.32225705013157
3.425154837451938,71.79481379351338,71.67652996277751,85.57535445270864,70.88331587523005,4.1833915259942,8.978313989049447,76.81682482748602,51.971385121962925
3.8064288430907207,62.17832983873082,74.58412551946499,56.056740038707794,77.24340455442776,7.036645965498205,6.989829436819473,54.49204475989205,47.408378438498666
9.673827056642628,70.55376643561436,78.00975760255334,61.06651931728882,63.63178577486572,6.904604349166175,8.639469358853798,76.4082310068758,52.87502884611358
11.810134338480815,77.4529556315073,64.47214888899745,93.39230498440607,88.08943156536463,5.354198630267021,6.749585048674174,73.8373028508886,59.95962034101977
3.6568667423493166,89.65672089883819,89.58792202014418,71.3759556880003,76.86594144508028,7.806120659904958,6.581203563867232,43.170169238888235,55.59383798168362
5.263502086423939,67.63418025130343,68.7874700754303,64.2532210914549,68.30542786789452,6.130599769666091,8.291516892713151,96.91383405113143,57.22305768868327
6.683111101881019,77.15480118488527,66.7988761826219,78.05687145863172,73.33204533907124,6.571560820776209,6.451232927225111,91.9122034114481,53.681733886327045
9.457395288811185,84.75144659894897,77.78863484798943,82.10218694301358,69.72963767936385,9.218538289304853,8.487048300194035,57.99155600882744,60.9092390370918
4.026285843143525,54.18732659878079,49.96187757149913,59.9997060070043,88.11669976816833,8.211968379446867,7.921951198828019,53.16360193454075,48.839576663661916
5.50944430811578,88.337861679389,62.51358660332497,71.07215942067904,72.9775991055294,7.68938432697414,6.4516872786388895,73.42077245537864,54.99462179652289
7.5546751521234885,66.17549427793563,83.77287358430199,80.97184096903882,76.55365746115592,7.456932321573285,7.414268707206799,48.61205068253068,61.49442636690393
6.869532148933237,81.31995493456935,51.15093685125467,51.75597995656206,80.73726456651292,6.802383973065589,6.841470851328555,90.46424430553384,55.07561731889391
5.247687857539802,80.46683149610745,85.41089036319786,68.17283640396596,67.59233396235457,9.39925271844412,7.918771868002872,62.97319396371411,53.899079177770325
5.732354070967918,88.84586391463844,90.13363879630961,52.398544857289984,76.93709466135157,7.962601157728287,9.765357893946504,94.32710392463224,59.34033441777208
3.2502083832600364,83.50924380893541,67.56653594611502,54.22987304302465,77.7443556939421,6.100540103241697,7.055154476535093,57.633949444205996,49.79057924173486
5.52365251205067,54.22709508270019,75.50175320911572,60.116598915275745,59.45921178979379,5.319877266138815,8.14053152863021,68.31696871649919,47.97080268039276
5.46722501998209,70.15220752844009,85.42904501821232,74.67967353031258,77.5269648877761,7.680205602387123,7.529328770001019,89.0081890986605,54.25259395987228
6.464339779252512,79.3820512935328,66.39852974347777,63.49168319906612,74.54237935056861,6.9329570441458666,7.528869243675817,65.15140780541755,50.853198671544256
4.889345562361968,76.05020113880214,82.41330624631418,58.92214625044231,76.29966292115996,5.285274199664599,7.301753855122171,74.0813761476361,54.75203840006343
6.943077045090278,82.7761072975677,63.94621445843194,68.72176388654943,75.35629713490566,7.514303398853898,6.471099064378135,86.38988133457019,57.29381225261589
8.025431635639658,85.89366555669706,66.26877248000184,51.94252180426999,77.59169872950082,6.677167407626175,7.902167939138946,61.6592882374875,53.06621875861142
6.310858655336932,84.08451736429679,62.40796242810032,74.00324504967475,88.37343225676157,7.636797910632964,7.153509900096734,51.07391364178464,55.868408456380195
6.703512816798407,75.85725057445535,76.11176639033764,83.83941466741634,63.2049258791489,7.530088257497088,6.414239899513529,48.11934105538633,55.76961965951217
6.106310695155734,59.5366298887952,85.89562863078659,66.89114342616784,71.5784766449958,6.270083174147393,8.717007914697959,78.75149124156812,50.52656688917547
6.000168786182829,73.44518751145182,69.79064481459403,65.16291409379708,81.66618628962837,7.759413717309045,7.618811547242812,75.83167580496428,53.44981939039557
4.556883932914305,82.16368148138955,56.74501008105116,73.22816494501797,79.8092586772791,6.402513900838121,7.226281251188113,85.92494759621636,57.509473211392205
6.632988523346616,67.09552747449523,59.00751813255821,39.60142813635837,79.59405553342084,6.480541752182835,9.108067937695557,65.88932921526114,50.37073326331496
5.805426803173021,84.31274730121577,76.73519305644649,75.51544439237014,100.0,6.361274312054347,5.296702157360403,48.53894113599186,53.83057070367344
10.18633661786119,87.08393297267304,94.12939696073123,100.0,81.14135524116706,8.357169313367525,9.027384964474907,34.70871540577635,66.21185929486609
9.146709804950484,79.26866976295842,76.72469999177277,66.28253290439392,86.30937796255024,6.663313134334768,6.443774461036539,100.0,61.760281737301085
6.771693105113002,47.36220133687604,67.35724139218497,66.33224952797137,71.92927941147491,8.646931816677101,7.753839047298624,77.90384527806255,46.12412178932789
4.473885580610465,65.21911637288197,81.1942076022034,78.41049800139557,65.07087626102718,9.140181844224232,6.7943234950551465,72.0518763412344,52.887864597295895
3.775177056033164,96.86189158556081,69.12601637295904,91.03465735477147,71.85682570766366,6.1135370357746615,6.392398751457091,74.17959640470724,53.71086866893894
8.38228590617773,72.53462206971622,67.46057739162953,81.64954982207789,82.11960171343404,4.0,9.076663831162122,48.529915776513455,53.21557628919351
6.525498450294277,58.15856776871004,60.49849073165684,37.821503699830295,79.06827854829176,8.253411451925528,9.727459880874342,58.0769201355543,49.61615182852458
6.9602868067832215,90.35247388310272,88.90138613095627,75.88758372727845,79.0325137059888,6.589633723167831,7.234529219218706,96.14995191986863,59.993851366024344
2.5108280260516147,78.13355591543673,41.52950499005203,100.0,72.85655613202873,5.96057630424161,7.9025696426331535,79.87520928778328,51.557057847401666
7.854876963116362,89.04940488957726,81.57431040335123,76.71417465463252,71.26197381187025,6.293538272616439,7.568389501995,58.54603513558096,56.377418397485826
6.908840676428726,80.76958675219365,66.43506074642956,51.835573214195506,73.20142755706722,6.502223414360765,9.576608204823426,51.59777007875142,49.84584632451914
3.779138631171044,82.58559136212169,67.07591122258064,71.9456147418606,82.24475450165212,8.556631708832487,4.964219463055759,62.2645883658315,47.973021294445665
5.056950385100102,81.63009247714517,92.30778187341375,50.07037848122506,83.40727428170418,7.191893487181018,7.952548129524264,65.26854029165682,52.9749086290536
6.527434408713039,84.97488311921,63.43042689359938,85.25925164976404,64.93758350328773,8.540318356129763,6.62744842302728,100.0,57.98718483640768
6.104933596712487,100.0,63.839170151659076,54.617643767609046,82.6234255943145,7.593064143134194,4.672843174234586,67.17598936051067,52.35690501802598
5.41565762839289,87.71006335959189,70.43526913296563,69.03941088568833,68.4927876924377,6.628923131259419,7.06736388308491,52.156723238004815,51.29526206304609
5.793023463868078,62.19660682154465,76.96616862974686,55.991079972114136,79.68921651841053,6.531571356148891,9.717658549092665,69.12096454584874,51.14738434525415
5.496045243586229,82.46661515278903,66.69773061248557,60.349727194328125,73.08034257537511,7.673930500899521,6.712740971519519,73.96507702567001,50.64630211624531
6.305125024204937,89.41480768103217,53.113692833569374,88.80610904204693,90.65788549238985,7.98451075519925,8.448918607877532,50.79180133618943,59.87813514763921
8.942983945986313,90.02700806536146,61.611621829418816,69.44840030851176,70.81925371018855,8.196151222841044,8.93840663647604,76.03248301678921,58.82221063208353
1.0,73.733950169409,87.37600627757423,60.17116536783992,76.78611840894783,6.6861537863491085,7.484763836856573,88.13373928407356,49.57007088818966
5.526299470980631,89.64944445188128,72.89732146962614,51.96680840758588,81.06593157559428,7.210247027685367,7.64454674209355,72.08006924876145,47.49905781584965
6.353024842744894,87.27742399551205,77.41304740444586,41.79617919040789,66.26041149877118,7.700848491106392,5.440442512150666,58.0440227222548,46.83807524004757
6.591987979374199,100.0,68.86294551392355,50.482071130682385,74.27142944573055,6.539241968875766,6.640603364192824,62.06694343644775,50.7992610170036
5.25617083735742,70.49998263751489,64.08602764592077,69.56742938022128,72.33415115376863,5.6380719594366795,8.588409149195995,45.117460350072065,48.29963034928639
2.486556435042835,72.92599423599574,92.13083339850493,81.72327276211729,69.86186516594027,6.032474719957452,7.572814916444481,67.99247148846197,52.114272321540156
6.655990967428219,74.93880951540046,69.74169771538703,60.15507910608918,70.6027699851676,6.710757468942417,7.940809729732418,74.6616993524487,54.40822879775132
9.454700428328369,73.09777849961225,66.67956144567448,89.9876104100662,86.12014598136794,7.794648567064361,7.6597890956196615,56.55051122701783,60.22642903305938
2.9322771901677247,69.09979250236397,85.15370839626408,57.954994088804824,69.01449265239667,8.510772994686523,10.0,99.09550226541442,55.809578950877686
7.727656027396376,50.37324494326257,63.33167569359138,64.66783587968169,80.66407882671606,5.372743349518455,6.9833762025736785,81.88419243176722,48.70032178593882
5.342949553754212,73.65300526276866,64.86327187471204,52.88592591527848,78.14595002031145,6.283185983284021,9.426492051583573,43.10833991577337,49.55365149307867
5.8773513083423055,81.69358059699904,72.12296020820277,81.87066428394998,61.03019884224824,6.570565003524098,7.660203866648079,43.416061622386636,47.71440539064282
3.894202978592102,73.0677815449409,72.00324124905816,97.36514859662395,80.19169438426441,7.953660438767972,9.533038769496958,55.23964295944272,56.471055546852554
5.331087655288247,97.3538118352911,75.11533617483857,43.33456254689323,60.86486790242306,6.3662673575338,6.03002629289022,93.59778110138909,46.91739803793742
8.600089189397917,78.13375812715863,97.10002907274585,63.15373103911423,81.2809182816516,6.484321198063034,7.721582649157033,83.36382565828544,62.922696269660186
7.165310483975414,90.91029055184136,76.03497895622844,85.70691785870049,69.92808356869152,5.305608907419732,7.0275758592918365,94.35568293337431,59.161585575852314
9.464623210819887,80.61420412729969,43.4633524469904,47.74276270004158,75.08367253256452,7.580088779167911,7.667366803020047,70.15313929844132,53.757095879663545
8.354823777955387,86.26407309893258,75.91558732117873,75.9335746975952,62.05720050373661,6.806321110484134,8.966851515199354,66.85766008056584,55.98988174029504
6.878173357859152,80.79241553933562,72.45455993387519,85.10061080290599,76.22382323604816,6.215145958024484,7.954571526429534,51.28735770909064,54.07608219238935
9.487869052335585,91.68784631903563,72.52140029221749,69.09520340099571,84.26950417970619,6.688584130621484,8.964459228032325,75.24525887375194,58.67786272975511
6.877986317476598,78.55939350132401,74.95136771275405,75.70368299316186,66.9303457197738,8.352394602317515,6.695734688071266,67.05747749624469,54.94525596228879
7.655976353594118,82.96120708088786,71.6558605479024,92.6526334057865,68.92832913855989,5.794135710016189,6.51259865097154,66.47991714277207,60.66637454855319
5.406858092930583,81.66332933650044,71.36865488333534,95.27797175741605,79.54621023567489,5.990008442675685,7.5193260877647194,94.27076261579256,59.76410953776848
6.133091631718409,75.1171454187268,79.35653051724944,67.13245901751723,79.79618323646939,8.502702936958745,7.453617385930698,68.10481595703159,54.64191673581253
4.605152353399446,82.04982318924677,65.49503043366599,60.54671010981073,50.65820701591493,7.090929793622629,7.276968757410969,89.96472166071527,47.66846177258364
7.979167869189706,100.0,60.627763972329895,55.12027844496825,95.15406363782773,7.803704916054301,6.349641929195178,46.1788800828608,55.46025722489597
3.643392753770269,75.29603057904558,100.0,81.67749810600198,80.28553483548332,7.482102292006824,8.938381907822265,100.0,64.841472592984
7.564700684835323,82.19464892853249,63.4097106746252,48.79514219092644,81.96918662452961,6.957598537247262,7.0645953592398145,64.40094307366947,55.128695588986496
5.618697884989681,90.57778950869442,73.20171494952092,64.46396346812317,73.56459553337983,6.5820410570217325,9.211293746655219,80.60776034911039,56.248778158311964
8.342494186934639,89.4025328094428,54.05207698949559,69.43765679336252,56.44646491447755,7.997869626980583,7.51529203824487,82.99409367919769,53.32354351635376
7.50173797746252,78.11716417719366,73.39762098061706,60.95796482193744,81.7472206125024,8.394803881373386,8.278114716976853,62.53964904436847,56.78675538443721
9.641292315293603,54.16611297042638,60.80129339172798,71.91748371026773,69.34811971769113,8.301026016419316,8.16925157155642,82.28545135088581,56.25954612633037
7.46154938227729,83.16702818648466,66.69032468579987,100.0,80.4393169418334,5.57743403962278,6.510870311578977,83.06504764871858,58.5467434930555
2.8559194886935186,55.805257413769475,84.54077598925349,66.2976197351484,72.81198929737272,8.565893221413194,7.940643505862987,59.302832484313484,48.321490696691924
5.866093654203598,92.69937230941231,77.66411482053688,61.90432121601654,77.38039379116377,6.570477694962826,9.813999533360526,59.48049663727161,58.50403610737001
3.655985614810368,79.6947387119326,78.82091429489783,82.21464554134593,67.25003618590756,6.093964554946199,7.801934703720428,70.67960235227113,53.21558142943212
4.963440315267451,87.99674019871989,50.745541939297645,71.3541710180373,83.64388942678931,6.796806763877832,8.58153208747161,68.26759078471997,55.88829349895851
9.022456866553444,68.97888861818949,94.04274203794816,88.15070079695927,63.11620960542328,7.9973541222984785,8.331926213510622,90.89695143774301,65.01884599701056
7.275067621795392,62.474925266999456,57.6974242686975,70.30562667747606,97.4556942533919,7.648557020833675,7.868459590037984,80.54002277417618,58.16868551494968
4.602139142842507,80.60754384141167,90.34272977152638,64.52207508840553,97.37948634987012,6.693536305774879,7.723774461269696,68.94364645805364,58.664711098508654
3.972565267119202,77.66396560043859,84.25852639177783,43.027851566676226,91.32699585466511,8.005199040253569,8.15677867094556,79.0911693806151,61.10936183070975
6.065564185752522,73.08459173842834,78.92799290141616,45.323714286635635,87.7547898577451,7.167832696911322,8.415939055770735,39.30020383304963,52.71078427511776
3.5668797012377444,78.84661280732763,61.74018262909942,42.30021833402056,74.15451641766359,6.312434241352751,5.8774031315387125,60.77033539552387,42.21560038615488
4.657719445206838,100.0,73.81907813783428,73.31074832797935,86.66546705747209,6.150357660449808,7.7967634669157455,74.31731512478332,56.619435643774324
6.624018943102488,86.34525547369057,66.34894307226168,48.928507281855566,74.03823501723872,7.492281813305944,7.27910654310322,86.73048252838676,56.014387622949805
8.310624072213393,88.49498605863319,72.3484748580635,85.57808312287136,59.464824577546935,6.900978717021278,7.03016778761795,72.9965400198369,53.44882315036772
7.21752294444888,86.43936891553355,69.00153289097328,68.42345190798335,90.03201414030688,5.349393815903636,9.055157254834288,91.87358499966484,57.78367560389047
1.4174209828038,92.79462143852193,47.5366739211311,64.58138313257663,86.28824462922505,8.016593791683404,6.620224502323376,83.01909787037896,52.191567171201335
6.608733458060519,76.09928327099256,85.46140981181506,56.18602894713926,74.68660892344565,6.423669965650696,5.826277127627998,62.67505863892983,51.39361399616298
6.144067146465156,57.45238692324706,71.02671412140766,76.71162247578289,62.74815742668849,8.910543577586553,8.454859470463026,67.89954031069345,52.411582783111804
6.827780570745386,76.1141386699399,66.18239520597315,56.737030526406244,69.13799323421026,5.316412017814347,5.795527372135333,76.12632529357857,51.95827896065743
9.232419363302414,86.11735709996502,65.27607320604278,54.204707943021674,56.7885441511249,6.7831496843319865,5.186468306449724,63.27046670715454,47.814953167078755
1.8735234463905144,68.30199604884926,76.30151491640122,84.63689888847489,84.45080852617977,6.160026778672927,8.589921227987958,92.9693526687489,51.94037602606172
4.817793149617788,76.2363404951067,61.27492394046634,72.96469625085032,58.96691033135819,5.829492975547193,7.690466700674985,53.36910798561566,45.077719822870804
7.181812645586709,71.08230256997687,44.93789329831148,64.71098800452418,77.86830870146676,6.4158511398899485,8.067263552842531,74.7415967563658,52.996257572753755
2.8368112010921154,93.0202925184313,76.88555763849931,76.98006178627203,66.56306652220312,9.124681130844378,6.969086910264453,81.03170220407586,54.042419254806354
8.951898096107017,85.49457015406564,78.22923597548186,68.12504622354977,60.73296555000523,7.172044204095404,5.838712642069177,65.29829515808346,52.34748208861694
6.736713225401317,84.5154062064396,69.60441810386841,73.36218410632357,77.38355093278572,6.049950353443085,6.077055343658799,61.91801001026127,51.17957506856224
7.693167971686808,84.2160131312097,58.22516549771989,56.56412936674363,71.66200614687969,4.805645907595114,7.17337332068246,68.85878055325001,50.372376084910215
4.858112676956411,77.62750747447873,73.06722649067143,96.98558052474871,83.38189105425367,4.934364944382777,5.97311657049835,82.17997769177762,59.26300222048598
7.627527379932421,79.97556282527503,54.42561158023693,59.88532045253285,62.32394731271293,6.356244227057518,7.8684634884547835,62.502280037082194,48.002477343114165
8.136943111978077,66.14815419467682,59.67323283974809,89.78422857729967,67.42685354526178,6.239574419033608,6.945050474358697,53.96618219636062,51.94945529356342
6.465756040274337,56.135580212494325,62.991624761950064,65.35583610973733,51.12357791509109,6.731139152518617,7.722043256838367,87.2587716548954,45.49402716303079
6.468801785397392,79.50081130345023,82.12726885069867,79.29935961916948,53.15653317672077,4.273379439476978,7.686177753871717,75.98944709403382,52.14075183182612
6.540686478563452,81.23990256272144,67.648668594757,78.2791289863659,92.98192409978512,6.88998208594416,7.964159465309432,85.11786145734276,60.180066242144036
4.273309470521236,90.09264568425377,66.62560305868247,84.05592457210064,95.83598244099669,8.23327573017653,8.099379032746798,81.3899759690116,64.40327859065458
5.704942639519294,93.71335816082367,95.45631018493495,56.23126809970197,75.92726205223953,8.947409496837034,7.087319291064906,100.0,58.45013605813688
5.694954935095282,93.69998484998946,76.22954996626457,83.05889561790407,66.76171234093488,4.726664622499433,7.720763119960597,86.72458053409818,56.09764867785842
6.766787728706991,68.01976406706122,76.06793412569792,93.85015791276017,72.01551074509894,6.038328688913014,7.78320975410421,59.13880657187769,58.366533173905054
7.999648493820589,74.4773496505023,67.5635910574947,64.378298290614,83.73574202486364,5.974919366830558,4.585331629087962,77.05401950847374,54.853731550446625
3.8829278360431814,82.8033429588138,64.84353998835867,68.48588493998972,69.85610980177954,7.17486571303078,8.275830895031389,61.63766918434682,49.555159420977986
5.749981939360845,100.0,45.7631227197942,60.671747005277844,77.37633867041689,5.536273038548256,7.679930635464301,63.1881075424325,56.168070019007324
8.962911095317946,92.80099203713917,83.6248863830827,63.1498924694086,74.8724394951875,9.018715898472017,8.176858638292284,48.81249399077052,58.34338395561647
4.512823542374871,89.1939716199838,77.37971646907656,91.95991918505487,69.31187329917142,7.052226966022888,5.955787685463285,65.70830227200192,55.31895217496084
4.35549996541936,74.12212044450709,69.85000808143904,53.94071663417714,69.73807254008129,6.852224452840946,7.121072189805128,78.1755143280205,50.2470628046393
6.404612383662387,69.16800368844875,70.35327957796493,54.81033649408919,77.93320871685508,8.911256480539333,6.190164652121304,69.0096744229939,52.20424256906211
7.68877038097064,85.8890788338324,80.83373114713267,90.55261310980129,65.23111863612559,6.980742851099982,8.393521651455451,53.50947395126963,61.71988257564715
6.022852111121319,66.9933873576564,53.34347912304176,76.74367796243708,79.51729345623517,7.480364087798426,5.813860149517807,47.15471001297528,48.84218221412392
8.657921180873979,75.61563649019698,64.92142402135434,97.68518348659534,70.28421040350818,6.099042072049541,6.385614261693215,100.0,60.61467827067245
7.713587965133054,76.85222050998077,58.36436564528964,61.69385907043805,76.2736730464823,5.35539752193474,8.141176953926378,74.8774112956225,53.5464447444546
7.6836401337801234,93.92912089122808,93.25811138984096,69.76793592132597,88.83962566168559,6.2675660421949235,6.744750561267303,57.63896245600171,62.09008861260646
7.108233002648187,74.45302697040323,82.50786638223961,58.75052278719474,73.31807954773048,9.624371006733789,6.38593121185313,76.92675189554315,54.03723549897245
10.65530620069217,53.607503614273845,45.56768830637563,70.00621636106774,84.19804340191992,7.759625137944347,8.588063315448219,100.0,56.698728420425674
5.589676622267912,83.04444647662469,53.834860480320295,43.16264623801975,57.079671441161715,7.32944180453326,8.637254107910241,79.30693539468842,48.68207187662662
1.9929554158669722,71.00978146896074,70.41185191971016,77.58936379317012,70.29636986359405,5.82835193177776,8.366485431049199,28.19398196457201,48.703078413087574
9.208508723034281,78.42631024437746,66.33071745513091,72.52863716889273,75.27688621076072,8.093500961180615,8.518451608728352,100.0,57.69476187786477
5.084601138086349,77.13295299157876,56.10741350307734,67.19423472547713,94.23330679206458,5.37076807082345,7.222104865274332,42.26130279564434,54.688970894087774
6.2157608886860665,75.26296004182231,95.33714685180587,62.534899455604695,55.400479167401095,5.119532260381143,7.254488430436061,66.90982081934752,53.09509509094419
8.619101369721054,85.90340581784704,75.75047896779095,55.473444176846606,74.03790138107223,6.329335452542025,6.722302465759677,52.99893549950724,53.33918107858783
2.7954809178821494,62.67135121647293,77.6977958743571,78.18798076845866,89.56688850916262,9.345389094353738,7.701275001259173,58.8999683504018,53.25750279691151
3.496705571787721,72.8298577504564,63.695820609213435,51.60474020015231,67.14979594733128,9.277473078871134,6.8665220072089825,74.26614527473956,47.96586423908287
2.7974441257622926,84.84037913117382,80.66728976613604,75.1665427686894,72.8716118957433,6.458515686099347,6.980320552887628,38.93464736802086,52.17908149052748
4.411727419949152,71.85915224655632,67.43480686821586,97.04231952733241,78.3173898505554,6.190961178162419,8.21988052077948,68.64631621765616,52.34378305610186
6.879273212033987,61.91193290730028,68.59988191551001,88.79730084102017,76.8450855372278,5.031565551328264,8.921447094617257,87.21013634112042,58.18868781887162
7.048375685625542,84.68555343256736,79.33202351790312,46.928208802610854,90.65770475454414,7.093636870624101,7.977912305124114,57.351395131186734,56.891776703179744
6.552548358657107,89.2309463044154,52.452029219276405,60.48566715519376,79.48473810073232,7.194415302385743,9.653179038291082,49.14572410086767,47.95978692810924
3.174468232215267,77.55004792356993,91.16433431821179,73.90031036777472,88.2777289551422,7.947467505036295,6.653381313560702,67.91042346766386,56.195721087792116
1.3797931267347119,58.391544015304675,74.1886705766865,67.0160530917991,71.39991642690089,8.092849015990197,5.294430432948889,64.92487764922936,47.35468339969841
6.1087071707807645,85.05969746698815,87.3713305053651,48.408319944046106,67.59474588749703,6.76309369880244,8.357553467507465,61.071584944982966,53.7448647823066
5.056447932723328,61.40112118580312,59.094962920574176,73.39442332062887,72.74276806980365,7.667233449711501,6.573799736823922,52.17480885823579,50.75317243299971
6.918771543433223,81.08799276848166,60.92201851166168,67.85976346837181,63.408969066323984,6.1592333585841565,7.171569309869564,77.78776871779183,50.79448425341354
7.40390725244254,69.1253617525784,58.057197340802254,94.80055572045295,79.83511696210095,7.6444510400328225,5.376244187854652,78.92895267162595,53.73267232991065
6.276482864117364,66.40160714233035,75.00357207197807,64.45479816335575,71.14121887244754,6.39132150617853,6.420947703185009,54.01529898315269,46.20267789819965
7.520266170751707,73.5808998292031,72.79179962301896,84.35204739457228,68.28211100022524,7.551350219160326,5.697327100104917,56.0911953309436,56.44351176501629
6.458422748230137,76.1670244357274,66.42705816922583,50.26076235618034,79.98658409621002,7.454201590342438,6.978836083895636,72.04737991008588,53.17885766326972
7.060129411202933,71.55791749613552,59.83116968537665,53.60786982944889,63.56284222025711,7.082564350834077,7.02653820734046,55.525425128684994,50.503249110201686
4.590653474260235,83.88703278215151,56.80084476322989,78.10326743733286,82.70502213855795,7.953447661791225,7.607952493857851,72.67992974045183,52.73267246037315
5.640777172337083,73.53930621541166,71.41819319435213,83.17223092850324,70.2166261150864,5.115521114367177,8.98766755722621,92.02069792924094,57.8329775181837
6.393552193313915,87.80190871671822,66.4129586449368,54.59650183495851,86.59096444094183,5.722100538134872,8.312287517877383,69.10265978157528,50.99963095380942
7.641056950834837,80.8117316564348,63.77271609170085,68.33708369077476,71.07262421770433,6.675928391736359,5.553396436547423,51.795754488411376,49.25128511382584
5.2125176555508554,71.02442793403692,90.56507383357932,48.65789157059291,81.31909666557924,5.2680839347920125,8.229618522735429,75.88155245982622,53.48782044010432
7.042334511464225,69.34060116167714,71.0120918616872,65.46292243172329,76.79562373772906,6.511762582534353,7.6341056369297515,67.33517905720576,55.08336594712368
5.468322416169242,61.52503700952561,87.24051520712311,79.71691899873777,82.43901873714486,6.55044364590694,7.382608281556682,67.74764443763029,59.83810997681101
5.7649156653437394,80.90733177866822,65.60097380780763,61.91058101209397,76.09946892147627,8.571620544000032,7.472760564075329,77.12984309318183,52.756776919849976
7.659038084048146,74.45412452748641,74.93731540558389,64.51351411678677,58.36602587656756,7.171040442749755,7.745462913703506,80.3655610416749,51.01367956418012
2.013879257891688,54.27804471936486,71.33428780492397,52.18286442385528,85.08793539242131,8.235315491276653,6.669735850783722,70.53253248209957,45.24497802915041
3.407055343850478,72.642851272306,51.628532285782526,58.92298220925104,74.12317077542093,7.362009662571662,7.281178970970431,69.08979524936075,45.57465318406374
3.0356292051143585,68.98965970745049,89.14005967516695,92.61355282700075,82.89516077354813,6.357199274521522,8.9207269486702,100.0,64.46363004763764
1.3327677603033905,93.7567759217066,70.37815671561101,69.02094848403986,81.90246476868856,7.160460169295814,6.65531305868936,88.00830998360946,53.89169923838755
4.6434711196896465,60.97221388106691,80.95701863559553,53.96769126689163,67.26703518988658,7.875311600718607,6.264134428589886,82.50319177097752,51.488044822620125
7.498867799455481,63.58649200265946,62.97565533046129,63.59319270114812,65.85204594824702,8.432081591731096,7.425951182551379,71.96808918820295,50.848641842226414
5.43023186723485,89.099696431057,70.02186742104283,45.63601330366813,81.55355101449004,6.84122792447868,6.143320251892383,54.91385146157539,49.886727431762345
6.395580163883705,91.56763157463963,61.59777168091974,53.80176431003703,71.96750970589486,5.022987227376467,5.4326602542547935,86.91079578900991,51.69305949342745
8.178434993421586,70.55017061274359,86.83198179316072,87.04475634665035,84.36429279466498,4.938637291093718,7.08663938751022,72.16441220077031,58.746555428698244
8.655372264535384,71.67914177191089,75.73691216940811,66.00524605858753,73.21799057136977,6.608304867859736,9.238346261476709,61.342464792653,55.63423277966058
5.861724130547721,84.16235396553313,76.40464232017065,94.47022246541688,85.23409777448288,4.194518198622433,7.4536750849477285,66.35289319618458,57.04904037711587
8.707171779138795,54.729002030546894,88.29820976525974,66.66513026105521,79.23304484209102,9.154125358884198,7.714292513337856,55.50726150642778,55.774389014200295
6.184253316868219,59.38806315494444,85.87609556278828,67.49629825331905,77.87974993714148,7.71631987767968,4.94382197021865,85.85993564478792,53.47918392488509
4.325203552345076,75.19266599149289,81.18411043363542,76.97251821958973,71.25988801259726,6.237199588603306,8.025750590929137,80.2455562468268,52.486753506912805
4.811199295602529,93.49890566129126,54.93927183555044,30.58377384892838,77.32427614061517,5.668422887189445,7.61203903357175,72.72448692292527,47.64495012254436
3.0389269748699674,73.6426991183326,63.6518505657998,70.86915053115004,86.9285271495271,8.233742915171332,6.702102206352775,69.35821639562094,52.42222958771427
4.223732292532695,79.00936791735154,59.95334236786377,67.31418916714668,74.4578454133668,5.663635413218794,7.716060565682849,59.78996684125236,49.368345092022956
5.283966623851142,89.33789272564012,80.73040432350959,88.80454450921206,80.31174443683855,5.778127883678737,7.704145940589552,38.0489103436222,54.77289267648806
7.607170038757204,99.06884733278146,74.04782330100062,81.50551151829065,75.46360076249707,6.08086487196797,6.2286144859704775,48.806096550099,56.76379406732673
9.441539662331968,72.23151526851687,55.31385079643286,52.128316402344794,76.24604042745422,7.13690489748919,7.898224472135891,58.86031990721065,51.13766699289085
3.23563696924592,77.83163276266573,69.73506944386527,85.38994066078612,92.23410756938299,7.744956926976878,8.936562507032585,56.605504269792206,56.87321111200147
6.785654936519838,96.22055221342842,54.07065197137466,64.32759664186607,87.01730031039551,8.431206680098796,7.22647022943178,74.34040936924097,58.330502083582275
3.918912121684931,62.778007248085714,71.36212214316288,55.33765483185537,75.79403815195718,8.253965558736041,6.458886957075471,82.17240612959982,46.333074093779146
6.949394176926404,88.27581070553822,52.13552995215378,70.75944551219683,77.14454087936033,7.00092845108169,7.286903916237926,68.07341171648447,58.54734119584633
5.737826698624547,67.81684467638742,78.34592992061536,65.16122902070654,67.98129496449032,8.2246263685076,8.525535834077314,91.13375402682152,54.14094908334607
2.3381883483049393,79.02472367103157,76.53555151240889,89.53851439639934,73.27028453735046,6.1948004632283675,6.028417392843274,58.25653420620054,52.4535640429384
7.856593983136968,75.57380952599726,94.89538192016258,72.76870839887694,78.09397787548615,4.81496078264564,8.194269910541017,67.96694309877583,56.908073237641624
4.789998574382538,68.4198839929877,82.1744794739681,70.87922489240408,83.50613589569127,6.19464271394739,6.686382649775423,69.23519231083606,56.336634060441035
4.932199523252891,68.16898072341725,66.92502893012997,80.60905915997616,82.49220896910919,6.032487382868455,7.790475697655685,86.38279493251628,54.7762331377991
3.86049517742062,80.76414364253755,81.81684111929383,83.30020265329797,63.90740944095489,6.241615513840988,6.822802469945324,71.58830623123268,51.802155748350664
4.691433446624889,87.95539328162683,55.22803342865786,78.97047132016219,84.76982730678631,5.848750324909733,6.819579653902127,72.00353371837193,52.317963441504226
6.855780881389834,76.70263796811497,60.45032875582697,87.87248861940935,74.11226320622447,6.446668506904345,9.327713899482056,45.17735327488118,54.98077253755882
5.6215113181271885,78.70113158733217,75.99771038490132,76.52155378079304,65.13008644322463,7.744020656912293,5.80909609135981,56.50139936183868,52.583701970785754
6.657324004564962,83.71174066291047,46.10100404702487,70.34712050617382,88.36384737431922,9.058308523195086,8.082439413054653,86.43928410546374,56.80513653678948
6.723843707857688,68.2838122698704,71.55407058079341,85.34840886923241,89.63278996737952,4.929584230889173,9.577589293105543,38.86986604604225,57.3871380868718
8.641323311056334,85.39692508412924,59.75684049457895,66.72745403885006,77.6374698234066,5.454718447719107,8.322626311767387,90.14488978645942,55.177016233968445
5.314427698271241,86.19343097059748,73.21568466183916,68.46545122882526,82.08793601905235,6.050264489526199,5.902683577152982,77.49496733431346,52.107535387733975
3.0462843663085364,100.0,59.06716370343284,92.1020768421568,82.67449208744432,7.918890252923911,5.962103389301514,58.78718007454367,53.2922924731165
8.134444833143966,74.23895809440418,77.09097764946226,90.70693779137324,88.9577215281225,6.75406306843234,6.598049548024319,57.51926535389069,60.788800205618735
5.33702365580549,73.41918198331872,72.23192908400867,67.88553870307348,82.28068525431725,6.131068932275653,7.689489493823849,98.4393294977246,56.80969951946636
8.229184889154753,85.68965871573745,88.80439100257597,61.65027791772137,61.72311722561432,7.8600796092465055,7.771131232906862,91.17108709719132,58.81074174765922
6.766754226364941,86.19104168912139,72.08081440921947,88.48442900291897,95.09807748971127,8.147668319610363,5.973964134840369,68.20838842684753,60.15758982876355
5.73772493959331,72.64912846623288,62.776286340462406,79.20585701081299,85.65656889480043,6.977488048691644,6.45269104986364,72.0188759417857,55.338559068617926
6.69755178809259,73.96837323069951,69.03736973007261,72.41813755876308,69.90475794727236,6.020536928055347,6.5262210156239755,60.30727958634591,51.417775970871766
9.902025120252599,83.41130838218041,55.86916323579922,63.49378205734077,64.7037492764259,7.324335480682471,7.283103830262129,72.02175966739158,49.71818177575532
10.153961058107505,69.72415759265338,76.87364705646527,72.64375210200431,80.04813430404084,6.72007814985692,9.88163454874929,59.89144467146057,59.61681772933503
6.138762270265557,73.89466011984985,79.07820295578327,67.69608156157216,72.2173996163242,6.710784107457448,6.3801755212518625,68.8218546373873,51.89452776779638
6.320381186634151,78.89592767368434,100.0,58.69926548597806,78.29995353998959,6.385119737677797,6.327650600237054,97.15494069647113,54.462739305146115
8.15248031493277,87.95938684822258,64.53796811274714,69.8065926002213,82.43406841278264,8.109979896786507,6.140231645827387,68.5657893017436,54.998803969380184
4.3086779344653054,71.95401383820459,68.78646511589781,71.7159366389545,69.33558112003205,7.2998562715921524,8.262653485490679,54.2796717808956,51.11345818127216
6.66614074523651,59.576155379693276,65.09089770674142,62.74446906311677,63.83892007315663,8.242841058267556,7.450390084373877,49.50441928022539,46.26134000624168
5.948274304092287,58.83402532481789,74.54536441357469,80.65355964053325,78.85818467871978,8.603591374573751,6.42452814219605,71.9067663604672,52.92788870979375
6.6278164229151075,65.40586933293866,76.58028641375536,86.04365349235385,69.66612144723027,7.550776922639969,7.064645299466002,58.58657268260814,58.1349460728464
4.333262388101188,64.86832281800062,71.35950186685787,81.57856771117578,76.46095785732398,6.392227462137818,6.550187638850758,73.69904712973805,48.705489845173524
2.820865013382062,76.45389241380092,85.03591100247638,64.13252260700408,61.56673563037735,8.248391478663741,7.855069537427094,45.707453603071805,48.5260657496516
1.8540331280174165,66.11119846402394,64.59624595494267,78.5815010586372,72.47817275525362,7.558797642734025,10.0,80.35375201863823,49.34404353537642
3.7652317740207843,70.97245040178797,83.83408857468855,69.09145956444057,82.14951891039996,10.0,8.161037286830684,54.09752692310492,52.803264822702246
5.082649430121334,70.2591411501795,78.46197424369299,50.69955630007668,81.05932507646797,7.3721234661936235,7.388413781871163,70.69445888916009,51.227073179053015
5.4136168267024765,73.59492139152006,71.85564096121264,77.41821129896844,67.11642029126732,7.837225646816901,6.702029415014457,64.92545173840043,49.97320331625434
9.874462324859033,91.22504331523122,68.22076031091426,70.04584297339727,63.317356306819484,7.348508669555238,5.88791990173818,95.77583443418305,57.83603004150058
8.211986739814597,84.61947589430517,100.0,100.0,75.15763689751792,6.8810816897582585,8.380427677683642,72.57233760144291,67.73396401700354
4.075817767316746,78.16129415276004,62.195896191095045,88.40179208589984,80.61032797019409,6.6894501404949205,8.315225014039584,99.18207922171891,58.605909213649554
6.695416904901914,73.38973719419162,75.57519812362098,77.95610219708334,79.05175140192551,7.35309261359028,6.940678803971033,78.4111360009363,58.84446706009057
5.18584352729935,73.66767343376979,62.997371157094406,71.48838701803452,69.8784015563869,7.625410902176626,8.956000779531141,91.38108883468718,50.715159137278356
5.43127232391981,81.2774646995195,93.42744898345566,70.29211157081225,77.97824442486603,8.38526547957331,7.525328326662102,66.86802690365619,56.496355022980595
6.370651298830764,83.8416907335229,82.64191594559044,53.948348349136495,90.02355471275995,7.370620669964517,8.429712882474162,75.18254574235483,58.46137505480683
7.238342233950787,68.92382493899399,63.85980145390627,43.65417881920125,77.05144687309027,6.444532989489725,7.855436402439614,88.27965383528434,53.25323105387677
5.321483032231969,78.36480755614231,78.15113992117475,55.78417247285809,58.6685206418138,6.60777520408122,7.287436944146834,83.57439922876073,53.97952268390235
8.127703065468717,57.683804313369734,75.09234865531866,67.33196174561398,77.03200338100642,5.4124756685161834,6.354138466431015,77.96489917276854,55.927628823398095
3.716123547715192,80.11713784170597,65.80050285630314,38.52245010507422,95.43956971212609,8.99345661228677,7.325356089164795,65.08097750818408,52.69845850975326
6.012678124724537,85.62149241958686,81.09797060673807,60.37949490818151,62.12609186884404,6.350591663774981,8.510460802673816,67.6183525928992,58.750536887675736
11.195347453191665,75.19931373119124,76.67166469325292,64.53341753625804,75.29724661829022,8.160928552165489,6.890237865720688,87.06492927405034,59.39502593161005
6.446159485250551,96.16526996140105,74.58838456663143,64.98402825120358,72.73664566967865,7.331861028931041,8.027689674723813,90.1886687309821,56.134034754144295
8.866429013212345,69.1876155256395,71.49696346509205,58.73586962536597,75.95882959275065,7.364478197007288,6.200716941571196,61.1070590608049,53.42715026837188
6.1830403563464165,80.17440415303261,77.17265391119581,63.21880659866039,76.94252153153772,6.859062549673196,8.43607000335643,58.84361538467545,52.338321621445985
7.161554190659594,77.64175253334045,74.75265193790952,92.13451359373407,86.39971986062925,6.054641333647992,7.875529603787954,56.43799317594675,59.544289688558024
5.886433611214617,76.99702332556592,72.7091199963002,77.27003394086844,75.84783286400811,5.83775751940963,6.057467089396199,82.44550923595233,50.168277282107844
5.659184837671591,76.85677831995253,64.30780900814923,60.155789123425905,87.77259557212047,9.074158466565924,7.231182571774065,56.057874669062215,51.977951087334716
4.441035206549161,79.07105030009471,92.32519488914991,67.04313096293251,73.82344341213518,7.136753294604695,8.617729091182044,82.2640510903262,55.75619745129661
6.860602717915106,86.479587434637,59.39496067981744,67.60361330086826,71.49863226025367,8.35032129542518,5.989160951216131,78.1853551468152,55.01501929353668
4.296925621628464,91.77736236274744,77.13163462655695,57.24862392763789,68.30817016961394,8.661888325174301,6.214859713650079,61.823622334513296,52.98621700437724
7.331170472626859,77.97749755495843,68.1571110923828,57.232176951586034,56.829129708798476,6.506983683880943,7.416603654256209,93.457889707769,48.97715987624545
8.170574008891819,86.15316072171633,93.1145672333916,82.14733628457398,77.7578141192584,7.508206919113413,10.0,48.066116378481595,66.88248238803617
6.73306281447446,70.98233053733217,61.15820955331391,62.12301871476458,95.54000288471843,7.054012930589617,6.692906299152602,94.8929889963784,56.103578133085136
5.427502532888616,85.65955452726233,63.17684085887602,52.6742505815678,79.58235477285861,5.611343436379734,8.094328799502595,74.78328796368244,52.25323655199023
6.907931158617393,70.3800847617301,60.362183240858094,67.3960351830278,81.86747354161679,6.777424028914893,7.812162489121621,38.898004650119624,48.41380659802658
5.382653888907175,88.90659936088132,75.88158061140733,69.65213654380773,70.86968674985545,7.705007908287073,6.792576119681348,93.8781945373242,53.63393721688692
7.871094250930298,100.0,55.5233920851763,40.3821408612863,72.5566660872633,6.40116489398697,7.69336002214185,84.58318756329983,54.31845156017544
2.3371878315697527,76.77916112028608,66.2576580629068,67.42955099055929,84.84641488333261,6.610188165553766,6.9625984054860535,63.57682474880443,50.58322210572356
5.328785263762708,56.07456509192591,46.171610125748586,80.15171908087565,95.0869364028982,6.791959773537226,7.070634251860186,55.529191521379055,52.265056512179214
2.0183760097520045,72.51927066755177,74.88505624953709,74.31721139730567,89.8794793579682,9.533835197572124,5.50647371667224,46.46399884242422,51.73396707207463
3.00987833954559,90.31875134289304,65.99742169492485,99.21713161272959,83.05244629728023,4.799141275474673,7.470676518160414,100.0,54.40022375456741
8.727724459627819,83.53076787025245,54.14331907281776,85.5155327523705,75.35150579390509,7.601971958832711,8.578912207947061,56.14927188757234,57.196815072070706
7.7903699639433714,80.4891359867503,85.0273128356887,88.28507634651194,77.09718914267323,6.695993107297403,7.5689109297356225,51.046171569986114,62.24689920116438
4.561039533430419,88.08668355954839,56.307997219380724,100.0,67.46492680571745,6.2312141097970795,8.808609312986915,74.01878686525225,58.10166653627167
2.994993087918206,82.84453439248422,81.56332428033858,78.61418766484437,60.51832478697343,6.6665491514124815,8.196392935134021,45.43159799858327,50.441383893220646
1.0,90.17725187451137,63.58751011214635,70.28298291105781,63.73201642240059,7.800851492600108,7.428550432403736,55.276774023331654,50.719778051645704
4.913008984134731,87.19423676646986,91.21885653474511,81.63236410803864,75.49800034521938,7.869428312824673,6.746489336391818,84.92453791240703,55.261081611168436
10.840830024494805,93.2170045273696,80.99460646711375,60.17068993247009,72.08007738573323,7.223220546921704,6.916483541566315,76.96315892229069,56.63361095645114
6.869768542927295,81.58796083906255,59.90342554951167,69.50760847292958,60.30558295280315,8.311289579747953,5.735387431275455,64.20445060390927,54.25265363544254
4.880855427901021,87.05259401493954,60.99500937347632,58.93181299690361,74.62676620950263,8.522599594120692,7.179505331882009,70.27460009397069,52.51947684989114
6.930160419000613,74.92872926914215,79.26630246269173,73.57178380588034,71.81569675534055,7.979651130340737,7.675198510276984,63.36294204699995,54.87695058461483
2.8780832940111143,71.98539188440994,68.851462431478,58.87327276772252,63.2715114471592,6.344569058623337,9.55850531735908,69.0700328594644,48.19372250136931
5.405353274604729,95.06767640418974,69.96788991574361,58.38300100193595,71.2982098937993,7.593329859055451,8.133984387934651,58.57282926160522,50.72525194345159
6.198954946031477,80.16204676322688,87.26686634126517,73.78862610347706,71.79046999283656,7.599040790966283,6.462175223834428,61.29641020708859,55.616694314935835
5.827798696357903,86.04880565862379,63.01573351956052,66.07203982907205,68.83362860075533,6.021242279624138,5.772758069377433,60.83982793681851,50.13971712849929
7.581612243380161,79.2374001441139,73.09552526610545,41.01470409996554,84.26670164775939,5.11667332713489,7.252137495354513,59.11208722216368,51.744388547841716
6.689290452472105,72.13484349080036,83.45553352382767,47.622203101630745,55.97098437906688,4.572669254350533,8.474117336193299,85.65866494624723,47.49774859251381
7.336652036215994,78.10982892582402,81.7094098606272,51.93826911953951,55.14201009289029,7.083826588134582,7.235260395966734,81.5517608801958,51.74642357128473
4.623255435538481,92.35994017767715,70.08464798975193,55.63839331440436,75.03285784449092,7.357647657840301,8.150381010006715,56.01455097413576,50.443851472481995
7.795630816821096,83.55240074279423,68.5331294297681,73.80192661270094,75.96127189392305,5.581862106817103,7.282649460897374,52.084093111861435,52.44793766250769
9.257873895247982,60.88526840269541,51.134214449748825,71.0651438590029,79.04215136018973,8.255238799061635,8.360400521658718,67.64085035304076,57.88476014885105
4.059700960697175,75.84755543423846,59.32506008801765,82.91391120378879,69.61026491720907,7.182661779155694,5.583290372753207,100.0,56.5843872214446
4.22460868857088,95.82293792704712,75.8203107188968,78.53922552118479,65.82076194907668,8.619343137898424,9.42501854417532,54.584421944551785,59.71599881342973
8.671568672640465,75.86203138150044,70.34541373269316,83.0066413865572,74.92683867305053,7.444643043980309,6.1650198621315475,67.5816341544394,58.23827385592015
5.61731202660988,59.995213082658196,72.89912494279471,76.51754668042773,70.58421864652004,5.720399713745018,8.452478795675733,71.33080620576493,52.24583505759791
8.807642784133114,96.93048885422544,84.47104331560872,70.93551032728085,90.51071404655694,7.549937455948179,7.173379206397254,68.37036738932275,61.793016416080626
5.1149285762156325,84.82392509812793,57.75212269125271,83.39092439202717,71.75772750074808,7.804132833846522,7.361006519559719,63.12685188670767,54.16592174171747
8.910091152541423,77.29987141187199,69.1658363732082,80.87177908436139,74.46814848282922,6.342851696935593,7.210677712835822,87.32619958297832,57.17382289778404
6.2629716336109045,74.28582263917932,74.26453156093461,73.26533514575587,99.75418139597943,5.26948840322815,7.806725502061791,76.81687934415181,61.56220941501419
6.5164576466453905,88.82351929791736,63.55008074910581,85.795006192042,73.05239773269314,7.120355277167928,8.049029451937074,82.68707985617613,52.792663347530485
9.129436043339808,72.58016599773808,89.177725367129,35.158964604952445,80.56156865199091,5.798986437620578,8.770033814187682,78.84069924499497,54.89521721492445
5.2764590451116575,89.48256424515988,82.90304161935777,63.933515562033705,81.46309433386352,8.345065195673358,9.189538659116854,83.4092248270898,60.140619966904666
4.117755808150084,83.42195285724256,75.48159992506507,63.71893348087576,82.31401643718215,6.511387983488089,7.898185856132043,93.76608749461094,52.95428459087679
5.102871583943291,80.4468192548735,93.53078135194303,84.13756028474198,77.89487265411252,9.069521327791959,9.556409087001965,89.96565950182502,61.19346708603567
6.9046679012862775,79.45514805335596,54.01325664467829,89.99952995731077,76.9384079441051,4.451009598977397,7.611567051386974,100.0,58.07851083357759
2.8684818556389713,76.25031963285822,71.90728462673182,47.697488817056325,76.00334289837116,7.161754724974178,8.792928434703509,88.26011922110789,53.67658812072262
7.274941805302243,88.45640120209265,76.39604362720873,87.75634043808986,69.24006097766227,8.715271168121584,8.014463607487377,59.9582983520874,55.57069364853904
4.922457364764513,69.34657167898166,61.02533943847293,51.599767395632234,78.25518802839268,5.931634820935244,6.840954442289561,82.70968062708744,45.725769822425754
8.295625321467128,61.78074873169791,75.60857450181274,52.02298656214848,95.28645837424591,6.808958877247558,7.717480985255812,80.65652768476893,54.48106849907056
1.2114793901990568,84.14440122892475,58.72101007454546,64.7200001674169,87.10681908963558,6.516357142763147,8.10380625301095,98.80442357848283,48.23699036288446
4.426868449791662,84.31238328067148,80.28668781929103,63.545109390143814,78.03918022224637,6.179478829417261,7.461362242316871,55.492622249855664,49.172791469266286
2.627063697531796,82.80241152511766,84.69401721754687,46.18215808396373,83.5582979810599,7.293547169337137,7.995427821597067,78.36926622089405,49.63624148404989
4.347541067272095,82.07728369618039,75.26800081353994,77.09829162889594,66.30824091269348,5.445494078801076,8.538435551192274,59.783944828495635,55.31385708508614
6.495331802217886,74.79459621662453,49.76642621922065,77.51163394617242,72.39487845800281,6.866837462403729,7.471952229604929,77.68817656150202,51.90553463756107
5.64154674910049,85.87482704385525,60.398477746007586,82.7565823462914,84.47849844184056,7.619193085221488,4.0,66.77880003100421,53.50014407445871
5.49324486210397,77.54441873245459,78.77652003855793,61.93162538310989,89.87167193458191,6.741887546336028,9.513924181792046,77.19203206286332,55.30794728445141
5.6816302572398785,73.12886439184823,72.25438372214839,67.44584199038572,67.29133827904622,5.7997549600170695,7.142890283735605,48.84492720877864,51.31902552247523
6.406776481239887,74.881086877446,39.671968587690145,67.574019691363,70.16411690576842,8.236222478321801,6.5120637350012425,81.89839722333846,53.88959458336117
3.9829279161137845,98.20639698775832,86.91396460641889,91.6319361805585,96.81375793878536,7.87630835394022,6.151067645216619,73.0908927277915,59.296191239114165
7.413699281798102,60.65023917954567,73.63987807504598,28.320573043134942,75.96261249768972,5.7505753944355105,7.096264917199626,72.28289322657857,51.77678346858119
7.325331940770968,82.99788104295799,62.17110403199946,54.602779114152554,93.23361972700378,5.4470709219729505,6.824702602419622,99.25342449770994,56.600142451577014
6.770075875312202,61.20889572376283,83.93946717079997,68.07757179908516,77.06857317275792,5.857690700807411,6.615588643338371,64.26274902598266,53.331796100913174
7.113066885502526,76.91766661677026,63.86951984511721,52.80201671118296,77.46180282325435,7.654327798584658,6.681448476186512,75.13398137157972,52.798952794098234
6.592836001617319,73.66372514845813,63.73857458874942,64.38351499820436,71.94509112340103,7.330687478755054,8.135691388871788,71.50406048558882,53.598880366306865
10.070146605462135,57.14971703320122,76.30023181216843,66.23494249082127,84.42555141510229,7.948099254934857,9.936436129203722,72.97058740361099,64.1853559057904
5.82581165789498,81.89037590433763,93.37246151090754,58.792394476905436,88.57777550304,6.608619738339262,8.484685917617881,100.0,60.69790010314792
5.385833563330847,74.19961937807804,91.48304613567464,68.90256496543742,64.64997769859133,5.890318914999872,8.847117821705485,70.95710638620623,55.52458075722361
4.4929448392852445,57.00793657438756,76.31653798684928,76.79408988860939,71.47549447779564,8.102615786097399,7.0471079622639134,61.49080300767606,50.3724486429751
3.9354746588443263,86.39568090774252,77.54862790620383,64.69226976956597,84.1507852437422,6.335861783858603,7.625598438660694,98.06354193170831,57.46707361573453
3.5110564247978493,92.35006177988934,81.4979871850179,61.6552737244377,73.70451362215672,7.223857667024774,8.011778885076344,65.38466851841557,50.71590733280389
4.222405373538163,92.90124342296572,56.91619589556781,65.67929116684579,70.06614531466789,5.1400901930615515,6.708530527628676,45.92232779186418,48.12097642472369
5.858639236695858,81.58956440651471,79.72978004582379,67.89589114696174,85.09542153869401,6.316227490812641,6.989123915341059,58.88734440356723,61.63832459465816
6.668590256995429,78.46058138577115,63.191118382277665,43.63552608531809,86.03453204712511,8.211275585129815,8.525462349999692,51.30118758935716,46.368479278037725
6.102284117104324,91.28156620895797,75.82173680155897,74.4617548514579,70.50357909327862,6.140470519996171,8.80835130612013,43.000518005283226,55.317576999827324
4.468929445140574,94.82383585340098,69.27038846871196,61.68598278774488,77.12366527987946,7.977404585741799,7.580892323418309,64.55477493447799,53.61592799665038
7.800369128039927,89.33568702875625,78.01449992537057,85.66149104735472,62.91525204095767,4.202776364574168,6.065811383065529,68.94676052089852,54.68973639199515
7.478825344601895,68.584623977702,73.41724158007752,76.27474865899464,66.04519089521301,6.328730008428177,7.1452896201388105,87.7079187269336,54.12831548914533
5.680703385155966,80.01344853214923,35.1236367501444,84.38092965907518,76.2416523213338,6.794374424946241,5.770402638592954,79.44102418093098,51.07081361853078
4.694167710670576,82.39516144291429,74.14670054046216,53.84594688799128,75.31406787579843,9.091048364010886,7.590242891801672,78.75751462193,51.9981857785767
7.096855841659599,59.90383031082771,79.70583542759115,62.800587023376025,65.33123908269366,5.597124543982658,7.8064837335257025,56.601849922034205,51.382027623819575
6.375947174972209,82.69360659620774,77.35114018006145,50.60558117559627,67.84026075274424,7.805191954536507,7.175147494754668,83.27399892946173,51.188427088661385
3.103745481169905,100.0,70.76896864549704,58.127323074989434,64.3495563004444,8.268318137498552,7.790053466859845,90.86849254598103,56.14236759134823
5.864039488031191,84.39936165800792,91.70594030316488,85.52947594312027,79.5505985691321,6.13421242330687,8.000281486900606,75.9185633731924,59.320925879904664
6.524071624148762,92.73413081441757,75.73647754945993,88.82486809091493,55.323608033081,6.551771261472772,7.8082344514885484,76.33776304446887,57.26816229383089
4.200610427024492,79.82914730128705,77.25207960231728,51.926133872737566,64.88422770439804,7.1699545285742845,6.058163649243684,51.02961550450032,45.359017581837534
6.3796867856748865,77.26781676016178,84.53390272860682,61.58411264355803,56.37058452167679,5.222218039368965,7.196082809384767,85.8165371140799,53.68200806366725
3.0903550294844218,81.81271390080975,76.35111599635918,66.9332605916647,79.1902060385798,6.4538761457663725,7.991811573919522,96.7124582314213,55.73296523881919
8.672372200024341,69.84173352015567,61.22378695902955,76.19847898533693,56.97266449945299,8.531334449135699,9.394454125567199,74.84428598570256,55.83403633187199
8.495899970118863,68.36224812765612,42.739951034644534,43.3626563104891,75.3172919853554,7.627185773037304,7.173689099713563,61.08464082448773,45.708959348026475
5.49496533139407,90.66304557169366,66.27454917578302,45.55799885860186,91.39524015747423,6.811898452620109,8.16100824053773,67.57007716018236,51.82698978354708
6.726908675678146,91.72342342866519,81.1313463105734,74.85476601421364,91.73433981270901,7.13568683420378,8.553782294308588,63.693689274811184,64.54081096531742
1.1801560684002501,68.0889368441265,67.76284402298633,40.713460035149055,56.94092430821179,7.697086438635726,7.264046761952929,64.59325520259559,39.48507668231392
3.6873046794693343,87.67998804553865,81.61414046738075,61.74483631405582,77.98409601630955,7.926892177492136,8.878089296984808,79.71974595541089,56.577900757356396
5.412442159695741,77.13040024393979,73.78473811104328,70.26928531982377,65.11028703619546,6.332303023145077,8.942608597717076,74.19196167505513,51.07551981553814
3.8557339571462816,81.39808574490431,87.45679284314622,73.81932357906365,63.06863964289742,8.841665131935603,9.156461680873429,85.05904908957054,57.84141259444229
7.428792965261318,82.60218639435064,68.45739951455207,66.01594666238636,73.86530045609926,8.579617841445593,8.050118602782637,75.56353817167331,54.31250639535159
9.994593061495987,87.94350468124318,77.61137791881225,62.879405933334574,87.28291156933125,7.812709156423855,10.0,57.03868039032726,59.50616900402885
3.646770561141396,78.82718201863189,78.07062077442431,79.82399203603072,80.99658874220358,5.98844816098493,6.76166026468279,62.48961964225914,51.90676442210301
4.325073191829615,92.10161995301937,90.01922247157432,71.9928829691206,67.8485907151712,5.775731311875289,10.0,61.557383908182146,54.6893515315088
6.470896736619861,81.09412839759925,51.52035232398866,58.94176729267956,82.05033997410003,6.608075444084088,8.42195938639012,67.20294885072322,53.342128060009536
9.222232296999241,84.24184272469533,66.49910070536211,68.52812055355133,52.56291668118321,7.072918117173293,9.108464799632062,96.92070537121882,56.00872853344327
3.5552513749201937,69.66737408462754,82.18219326466205,73.3643663171867,67.47054201566759,4.877809761329138,7.115954694549947,99.32349387471442,49.53371960296968
6.498072244613884,99.58659010704834,90.55075775734377,92.05532138031934,66.7610845529875,7.593631760254308,8.513369643556516,82.54901800669879,61.6852336426767
9.642597701626217,82.69824923204966,74.88085815170497,79.0085313560821,75.78320691738931,8.544954716618166,9.212368996397235,71.78145695250427,58.832851088869575
2.6964817036414654,85.129974253451,68.48755002694216,85.00379598335522,72.97172036340001,7.691768967797053,6.195169627531353,49.57521670743408,52.4322820616033
3.437861586308336,61.91814188788459,81.08542042409334,59.451496451805184,73.58528906380116,6.188736636634918,7.304008461821497,73.30012458595125,51.32335359617908
5.152786787078323,69.77297976920899,82.4244321027802,60.66143931242996,73.25280469893862,6.046715923119411,4.930496774122575,58.1498905534442,49.03556750102248
4.9588231742891775,90.3788368791873,67.68405985599232,64.70468010061813,75.22407240989087,7.359822813008894,7.286000427781012,94.4578284484888,54.79206671530581
7.62520257550729,80.86891118292604,75.96368774613056,65.9899829470657,80.40130966958223,6.816035541594184,6.520790167847896,45.90841465314266,58.27048428002187
6.483319439641676,58.86220265171074,86.16632714894364,53.887650590759534,76.49331026102382,7.531649409107089,7.238678774439918,75.76726499995176,52.45516775987478
2.4500758807157434,88.38289928983819,94.68550791929343,85.72307077179545,72.15648183395442,7.722065647126762,10.0,56.886409335244466,55.334032897511214
7.030820805801621,72.56217195647277,80.9112595108235,80.36692292862308,79.01748279804782,8.310268634673594,9.561364208156638,69.85727221774792,61.02471028528063
4.844922225288699,92.11316985876712,72.52966675998712,63.7205099417789,83.26123543652764,5.641451885284574,5.772662955959241,79.99102285466584,50.6817390196173
8.548894433882477,77.121643213963,71.3510978875451,76.98394908619395,69.4397410927737,7.2659427374191745,8.166885961919286,85.32953033173146,57.23472771423938
4.74482492712616,80.0470668602053,78.68875868632347,71.12058828205373,74.40597269327324,6.563829995246412,8.458717304471087,69.08964698602628,53.05506410912843
4.726769433795528,89.78954578591649,70.6119258902466,78.07759173303924,86.61906563046587,6.881637947277566,7.094523495954492,81.41824825272293,55.24778743046138
7.082263221609063,69.02507029145337,74.27568598826866,49.17970027064118,63.972393227326435,8.037290623202493,7.7139691237902595,60.062948520818466,49.35195503143801
7.525852964673874,68.07153192166061,59.305484825629506,65.96074497523591,93.04702196255944,8.167751047661492,7.831178648897998,73.68307577159831,58.38971917769472
6.896198727872407,76.03501579601893,87.5646863578939,67.18746060931886,61.60845025260424,8.678132380460385,5.8840663525657675,85.03311121656797,56.52509558468391
2.6288053652303836,86.27172799621222,58.317783274215856,76.73098939456312,71.54635388795263,7.510708300441921,6.2624047750966225,74.98149217209982,51.970996308690026
7.076068879856502,64.6912274738651,66.81465887456385,59.20187358345014,65.49810003123989,6.867979851093047,7.706756062129188,62.059844554400414,50.76391686113445
3.931383896651202,61.31965400110903,73.17111913022177,33.00096986284645,96.87926996869376,6.696545836659539,7.61928303357812,65.81436448654851,48.49191263871364
6.470552223176527,86.23720927043792,95.89184255866367,52.85620395243911,69.96649971152848,4.918293997126398,6.649724741499277,85.2348409382191,48.69322477611401
3.1525311292018796,71.97021687432996,66.92780418177207,67.1453282000473,69.99158843471467,8.607682053878325,6.546748632175387,53.62233074607764,48.89799299560207
6.892644295086127,74.07773987079717,64.00781023247524,68.89437915704664,71.29251260060082,6.613721903457196,7.392264900394553,55.83527298988821,46.65570725492132
4.386802191385255,59.43189598059834,65.39019699199447,91.57247371674978,75.9560280789395,7.6070764720034925,8.563381143579928,79.02383139717604,50.56409885057877
3.4347306994789566,71.21020685648018,91.90676601133575,76.15845016921338,71.71558221095489,7.814795830890919,7.408217074863756,63.412846081873035,53.18173164132456
7.4276402729647995,77.9243270336885,38.25183607792775,69.14142390924086,73.67113195377601,5.505621389139833,9.44727699676278,48.204127054754665,51.58587225603511
6.483289043353502,87.30377857622892,59.96714385421696,67.54652212505987,39.70790046976263,5.891984329048439,6.665015342804927,90.26228000562865,46.87337734442458
4.772046397214206,70.28769833765361,100.0,83.4585673503757,75.57159836001827,8.856423888466592,7.731731761745791,53.50599568180139,60.810972560466745
8.902357698042128,94.57376120232496,79.09058488189964,59.73845366979587,75.17806621486645,7.348522618820253,7.074845485075193,67.00854980020543,58.090714609512915
5.1186951568605155,71.15443975820199,58.72818060792936,66.03602697163161,85.38568797412394,6.303297202841781,8.205553135695732,60.70719034469353,51.487950099329666
6.064215347941869,71.16908198414825,71.49698421390273,52.750386318063775,88.09060948279402,6.848383586646947,6.562094541329764,65.53474771689669,55.25278964388674
6.537826895357202,93.37357551897801,72.80945479281434,87.86468468173426,73.12291938608203,8.303484285799406,9.812877304792506,56.7307081352299,63.17132116513503
4.760668131742773,80.11460152363917,82.15350295086728,73.4949851180226,83.16229081673956,8.121177375681166,5.471265116308793,80.71418856540194,56.46788763720243
6.9422725867998585,72.47975270988424,94.07402403387076,58.094673855944755,63.98431219555194,5.240701885312428,9.558576287616296,71.66235286460368,52.90614134818063
4.933095305670551,76.44866868819406,76.66262017535058,66.39762985554368,82.67342342696105,8.961140612406272,7.607986162930599,84.75480392816337,54.51368412482918
5.176723355567582,91.5307357754206,65.52254036384447,75.13511068488792,69.27524200865423,8.159377637198416,8.162909498096296,60.862476826874165,50.58501136852618
8.725285279606682,92.66202819625681,81.44501330517845,64.48993522188815,63.15302531869945,6.817029700790097,9.101429883710349,100.0,58.89347342784253
3.918827894975134,69.83206820729744,63.62096763764566,60.51741129602359,73.1441132179595,5.569933068295936,8.529193794199283,41.43026821744083,45.271933297651735
1.1744393381410196,77.57566189920892,59.599950048131646,58.84016839621936,89.0047244719778,8.26481036807311,6.6239677346483266,46.222976381165594,46.56934679582424
9.221873990023788,78.90156827667573,50.881093536522656,72.74546658937561,76.81005536730846,7.571713000353544,8.220107466315122,96.29627271574643,58.08435504098452
11.098655905214006,68.13759889483403,53.21845926599519,62.98724009105041,89.9648814767838,5.250641946306682,9.74096876716154,77.11062501169576,54.190710955230124
5.189461469101336,77.44314947350006,61.242658126508736,61.647391713321554,67.51267286184196,6.721506309569947,6.435249945407013,75.12079124584113,46.09520497590197
2.1263239187596294,78.053228604517,57.866522787589545,49.29513542922432,85.4785110454799,10.0,10.0,76.46912960977016,50.05315202586853
5.379032047608113,89.40209478936735,75.75883832849661,69.08696807138037,68.47839962763055,7.019802108897306,7.962842983162277,78.56810905225674,54.36280742271644
5.427554100318662,90.07425028311201,57.607178090111574,65.46287185691328,77.25328671489203,6.109635286797212,6.9801266736956915,74.49651580650927,50.940838100723695
5.620152317955486,74.70790601640992,34.276004375703074,63.49692311901249,77.16682828659415,5.789804049632031,6.428052738470095,55.511432625623414,45.829689125407704
3.7732239161563035,75.86046856139188,59.473058704926416,70.78278948484206,81.61491733924173,9.126518780115303,7.232055510710071,82.27286357609186,51.150171525297985
7.1591222849529546,84.64292302055635,66.33768422734296,78.47203167830257,77.50740619911328,8.017311387493226,5.153666002715406,79.91017317307347,52.200119513741
7.049014750572172,72.14811551072988,64.73460614553642,77.82191660716656,67.60815462178182,8.688926936700673,7.001706637129455,91.42646720109745,53.695184819363725
3.011188760361387,83.88640151737403,90.23429615171021,75.73819901259668,83.80306952092565,7.29782234091059,7.184487307373266,96.46361615351748,56.82416554893253
7.398393463389776,77.12093512630786,64.6374892885302,64.6306160990999,92.31656594325395,8.504823082399344,6.210703621065097,74.95714119464893,55.43815540485438
10.105369963891782,68.3060142226138,82.57108155839038,60.062023296822616,69.16196577743881,5.9820155325425075,8.397414233885232,51.58676473551725,55.465562408124434
6.34392066487412,68.43163287120353,71.77220880382966,53.38518102148588,56.647679235549674,7.19510917709807,7.237480454652736,96.58784396803205,50.57245262500165
5.325349675862988,92.47058696031102,71.49234329192882,59.69580889726685,79.99319568353789,7.344464217967284,6.737046546462687,54.72775097495588,54.11503108884872
5.715993571184957,76.43578520856701,61.975436533823554,68.27510133191197,71.68819605947851,8.658936318250266,7.109599277917748,75.06946290508571,50.82849807257474
7.230513533937122,94.40354093898311,71.2946081810308,56.99199429686524,73.68897144044703,7.382611648168546,7.926128967979016,66.14899110368718,51.09003234050251
2.5386567889855636,72.8636373928509,62.818846477231,69.3447999476442,80.56177755731012,6.249385909916542,7.5878654525603935,63.54061974722811,52.517302180998264
6.328781405954604,80.91205201131493,74.04029177105484,54.4836065092339,70.43607570174402,7.076888606704449,6.6588298942949065,81.46450182297276,52.76358548045307
5.21907210107438,100.0,69.16500440851574,44.746113553901694,72.31148028656328,4.988304157047711,7.650784168848533,73.66689398901948,48.31409901051069
9.69565002591209,67.42613255336721,60.664464801700795,79.47168569210713,73.99880483063414,4.21483752007568,7.439188850920491,77.69862236902196,56.32271701121442
5.651654532390085,59.02185500100224,83.90273207640715,61.358195664878174,89.69753937985016,7.997609644129945,6.132642932221425,57.76470564754945,55.64232127446474
9.33577522223904,90.86590131287232,77.12208576025711,56.28152885486553,75.30069604113582,6.550307336432387,7.153794367791288,67.3888755193801,60.1805726415497
3.7925186044359855,69.73190894606927,66.62324719029303,52.68614002183586,62.6432641918504,6.686299241223678,8.195205924505066,58.456975302389495,46.76903434754524
7.174518333605585,77.79293635893767,73.74591656442372,73.9225036462256,63.04121518858885,7.997136015239938,8.18656591187581,67.01392618033802,57.04680570216269
6.6388005275824575,72.14081789548415,70.99412974197644,87.24870796055154,76.39229921659602,8.676412462053518,7.224042801115927,68.21856662698886,54.09364657778943
4.261905504270436,80.68162780955316,61.588908752840716,62.35696594591398,63.70571999309021,7.641385545793099,8.312127353743172,97.66456259807194,50.93772473226537
6.3547922292738805,68.49463792814258,72.84595474825396,64.98211275472386,59.37696513075839,9.313687396261374,6.324053403618454,66.10917228296888,49.37225593911658
8.425037673663201,76.20059912116695,64.5478589423115,83.00284575844701,81.35535990934011,7.603226960868733,6.361214594168009,38.116025132040306,56.31723533321852
5.352416591426799,82.49815326556535,60.66079397255881,42.65376013898363,81.84498402868644,7.362656156295993,7.1984940440475835,90.9263730598118,54.534600165550614
2.6160747016604735,67.91691113725739,52.5267920368017,95.53616100077734,71.31863466106147,7.288466587005519,9.297079363304562,76.73889061039036,53.288587189558264
5.964874347045108,70.99915970354111,67.69671175753643,100.0,77.9365929115171,5.457405325439661,7.695901951845847,68.03484348169916,54.82084463376658
4.195153810414975,74.52617166401468,78.80364791500467,30.11127458811884,76.881216441955,8.147198326768146,7.169561028401073,63.44176949708358,44.62114844681396
5.3153181226722355,63.711845657737214,63.664087759453686,66.6349547951654,81.02419385969085,4.065440775981656,9.352965601447977,55.796115159146716,55.1708497860459
5.836824460629758,73.77439017201253,100.0,57.934741553826115,81.04749903939799,6.296496571269066,7.155673877755754,99.07072145629738,58.21588643446198
2.5886955679689656,79.18796539902903,82.62822784383279,64.29319520733372,48.94211412472774,7.027516420681135,10.0,70.77767332990055,50.391691384356555
2.768683321358644,74.00451058411572,87.65196159192574,62.14260902537707,72.59501041517606,6.052285211903964,6.886460251655105,43.933732847777875,48.005933145549605
6.964133671051051,75.28623507068275,81.5429161448851,79.36462737871102,80.17904188178133,6.457892892312614,6.285925524898438,74.91610049927863,57.52172400236499
4.954562607660639,77.80098329093414,94.23437969926287,66.42402130244812,70.89543408960985,9.207250679472674,7.300365630177749,88.09257553052261,53.79785166614989
1.0,71.44256537567686,62.555976198329496,55.24729900120061,75.36202639259827,8.324828662938014,7.201098886995579,72.34652002530245,47.131349937941266
7.56968807321627,84.91062565866878,41.27115137209654,65.58940774186826,82.50699981678078,6.1770067830319135,6.53073602838086,56.4760979170703,48.588663732336435
6.54473951054848,92.35978124801775,66.6464926997654,75.20697931747374,75.80925233252162,6.436520186833148,10.0,55.13388570963014,56.1091068826316
4.572250351927032,73.35619607804551,78.69862290657045,51.42790141128606,90.07919417234866,5.467595261737787,7.8823518813663,56.24021608421147,50.48910449586846
3.366339577883517,82.85198231477708,73.81820366097574,44.95272835442027,86.26986252281121,7.845992543207364,8.0570994884059,92.82486995570427,45.18753480546772
7.671615792628675,75.60382844565353,75.30567133161341,95.89839921169448,73.81435847028565,6.700309059507429,6.945744879435694,68.92503917144764,57.628469711356146
6.698701245120859,81.65487345038505,87.85092003203847,59.00602648408189,73.01953829275222,4.640240234926543,6.806796738305844,44.81913377982055,50.07502105234729
10.765204565368148,93.65779531203255,76.58469089354999,66.07705818312668,46.49675894798635,7.120940310172069,8.73067002686124,75.76200888766697,55.94700820026221
6.840377197449874,83.08659543018099,81.58695513109225,62.430864318441984,71.73497803109474,7.526774660322191,5.488989872892287,72.11555178360328,53.37893803519393
6.775406282524029,60.265854611903194,60.725247097766896,75.67322785714998,61.46731107289473,8.155769167810064,6.128562632651558,63.266567996750034,53.53780970446785
5.66614413978287,82.53995631446959,58.85527572940756,92.81905892327461,77.21229542000623,6.91197424650787,7.203229793270935,54.693898658667834,55.616148305649254
7.633551734401582,90.3286374330901,91.36936707629386,76.11907378420997,76.52870711120002,6.552794604656342,9.121256766761174,54.04157650340687,60.82064536783525
7.250170402496307,75.78403830001898,73.21081842176481,46.74288793444013,81.95855756026778,9.383517616587433,7.050579632436632,86.29950723199508,55.5383642302066
8.50345001713039,87.95634806117832,64.52124979864638,48.62227202188058,88.96670471948191,7.0079033873194625,7.999381868729036,73.71269283707646,58.138254167518156
4.95735416272543,71.09884458848055,64.54326607743458,62.414493145423165,74.73730570328031,7.863474197917522,7.53327441526571,77.17965496992676,52.32470499181235
5.129185054112075,63.14460840477726,64.2105225403409,64.24473520653427,97.80416311923196,6.35255242794849,9.05551009552417,73.6713821437018,55.82409045614901
5.04179365817604,79.4116901883264,63.4924917474499,43.89268222634759,77.32451445219904,7.827891581963,5.5983323781444945,74.91533057367732,49.71253864598851
7.581603442357978,60.43523279253686,56.60222636875608,79.47077288244216,61.89783606283367,5.253245209115082,8.383155844467332,62.97408004857638,45.6425336614968
8.996748880593465,75.60228987106409,53.9949551733539,52.7915121896593,69.3792812488988,6.44551894513764,7.261321284308884,66.91255968278836,55.41927698705642
5.082319013701399,90.86842262645503,69.65994746814697,88.90622186976057,71.27253299692178,5.550070912688735,8.60986103270329,87.47367708137564,60.88022324518237
5.150452544413818,58.90237094253719,64.8848895561552,93.48885636088009,80.92127151153379,6.2740320137566385,6.516861472679621,91.21885251728668,55.57962432182884
6.628154447739599,65.20503204086103,85.28591142531954,64.52445054314951,65.527500997707,8.500564048277285,7.529271683835407,51.66862018360374,49.134088850372976
5.508476999974198,67.67967754838422,75.516919839203,74.14561696585459,72.02024117190604,6.265208932835563,7.376991946904779,66.87611750338326,55.407697423613435
7.90410730627978,77.3668014028904,75.1838121609358,50.75273889082118,73.38959719203913,7.861907350568901,6.297077434415505,82.58928038490497,51.594531365019044
1.4964454187619065,74.3428321435379,63.08255510934659,76.7314685707076,70.51879192344457,8.820718218468448,5.9635043844636435,98.23119598323595,50.95185827853976
4.34658990616621,91.99136381696087,70.54765901064029,61.02530607191882,83.11415381679718,6.966907223676017,6.803506365764229,96.72939371996125,51.499510083765706
4.435167332077109,87.54348329091698,76.33201324357728,52.778705497763056,81.41321388465356,8.192520526067536,7.655917354793999,58.0636327758025,57.48806343809836
1.3592879752277103,82.95272946068599,80.5943488765521,63.94931016445822,86.66567135103959,7.63730314976641,6.591705330834609,89.12569177308738,49.443338096482286
4.072723111262392,79.45630314343884,70.87329808177961,61.479527882324916,71.689748188888,7.1397243167002395,7.103911724366618,70.87954453160525,50.477487178269186
4.1696877683081475,81.93229776984828,84.9494853518905,63.44776835794744,87.02527567647903,7.900378707180315,5.237043174619715,85.66624958313608,49.65169637490549
5.59779069096234,69.38017644686624,72.09587170689531,81.29551863942902,61.36002914022954,9.207925707990224,7.055220095419524,81.8241802123193,53.295987710289765
8.225931783320528,86.57210353556613,81.51416542221216,57.005693703099745,61.11615699010143,6.2352773049897365,8.728303975950007,51.04053936152855,52.546979233843295
5.509878697618595,66.879557456408,66.1217734969302,92.29032199683427,62.86198313908787,5.848958919788711,8.3462163911641,78.24960934940763,56.388881154881496
3.9383725594576924,86.35376993902231,50.2489396011763,49.44916514044505,75.0921169263209,5.778502545213588,7.395693675567427,85.08544886753933,46.87184383314405
5.886090917572942,89.86142502118831,75.22030785622228,90.61602382450033,87.02378116577756,8.193313563683866,7.7923832700169955,69.69767117458252,63.196920477521296
8.0983472428827,80.10864602088087,80.7038887577595,53.768851293306284,68.9785791936037,8.355241147754024,6.506087525287011,66.30525359040068,51.04389050970071
4.04808236777019,76.23786941038024,78.90416798169083,67.98581474448739,70.23306595035562,6.355555679999278,9.449326419949681,46.425041323403676,51.26216807922536
4.178850232157103,82.00309908309673,77.06623993724928,61.13725441130772,72.83982044690663,4.436783740672784,9.981315007816686,80.25426274826401,52.75303491372317
7.117097918548447,49.38481629899327,67.81695640854015,63.18779859847004,80.72828123387654,6.190291912092297,7.697788356847169,73.13122551720866,53.34130945303494
5.556927768538399,81.02258218485461,62.31904498265289,79.21900130897768,70.22374696645426,7.657425013368395,10.0,56.167241279348715,55.60435204691726
7.294969381418949,76.86646002160192,78.62073922852537,88.99757516120334,69.665830420835,6.9199322332206,6.6837811541575896,65.112400046854,58.25216600627739
5.972706416409406,77.49371886943008,77.1173689943793,84.66734586937899,61.546047366423096,7.216417296106441,5.998704911917256,72.31754873691659,53.95363925463078
7.403327296179134,85.06532512897827,65.26921090987409,62.332011347214134,69.2827888882288,6.371986698069283,6.648451495087058,61.620463164209944,53.25005778203186
3.9298437719187183,77.25231078435272,85.31309027030468,70.57957311366374,86.77461752935332,8.216906949651717,7.236611681910011,70.04015691264837,53.706040861446084
5.975830698423465,66.59793143348841,61.405613825428794,57.05090976864293,75.90926008478476,7.411830162105564,10.0,43.75101029194826,51.86262962301091
5.578619971273686,76.58597329174621,64.99771945450752,54.118295623954275,67.60145489752085,7.703756166836563,7.1626090471128485,90.24132545277934,54.09719673174611
3.5682181517917386,78.67555484080825,91.63710254809997,51.95178731979864,87.36143972728934,7.190878819632018,6.468413024635175,70.23863927449428,48.997214222043205
2.873044104262623,79.14933911581012,82.42298325280696,61.87397370222219,69.14786497939812,7.629241796333012,6.421849368507075,53.509697402645344,49.95072076344093
7.371498070549324,79.61919367285068,67.70388832930773,71.49447883420919,89.19955579482466,7.550286025817154,8.868026534451936,33.10436727418476,58.19441400375003
5.298095235564044,88.39369044918553,75.4485685157226,41.234587763478935,89.03606977900101,5.8863104462370615,8.696762097970844,85.43702411550089,57.647178430528115
3.955439436705341,67.13965446965852,73.85750693428606,67.35104816386928,75.56011626374669,7.4476757144501535,6.917426176375668,78.37137329085463,52.980025319719445
5.807642126153335,79.7570045616485,39.052633620271465,89.22435174369335,60.01450472628312,7.949809806335824,5.249059060707413,73.16028570203576,49.361842638708275
8.256037714698605,90.8992969861824,61.12231260631942,83.70675496703775,97.89500615345756,8.386169759433812,6.145687746348859,82.95472001896907,62.457232642324016
1.4385243092561542,60.65388503062805,71.38984059468862,59.80742292862668,78.87276056264547,7.499328577940456,9.565492604999452,82.91347594445067,48.491672109131905
3.0067226201933472,79.79646680780054,67.72066228128833,48.44377927004099,71.7611297527941,5.841699377522157,8.326569461459364,72.91657105080299,47.01265305797968
4.154227116209465,72.14621498026956,74.96523077796505,74.43762429050757,84.56127914775055,6.026419204511196,7.578553650669966,66.18678674113275,50.768294435211146
8.922357733440657,74.29289615526895,85.55378775537504,35.556004497094996,82.02302787021347,6.477822302496483,9.74259980778127,63.742876020771135,58.99271591254263
6.565173965838593,68.95192496785577,68.14157058415287,83.54215762235748,88.1093834988644,7.2273566897638295,9.84999152737382,76.31413035857798,60.63562314641215
7.5346344809224535,76.30449284299556,59.30814244652562,65.00977558963463,68.37652211320103,6.853316678430888,7.456872477646441,90.95547062319024,51.04770303517923
3.719678161747539,96.41255614426905,75.89821990213254,93.6382044880836,78.18473412774392,5.651521521242904,7.478913887362,68.45645243026044,57.626868643328265
3.7609282494589475,65.35569638822787,68.08051999718636,43.82248320192948,63.14129769755063,5.644335958821938,6.801543981465508,92.14716108875083,47.80220764415195
6.895627433445421,66.30389997521172,70.12723799013717,80.85404715290967,81.66334395741234,4.481773870111979,7.158476055017838,75.59728710178618,57.546574075244735
6.116548661870893,64.98065429836495,68.49871537016305,66.59287628460122,74.77054630372812,4.0,5.716410029039855,75.71036452774992,47.7901985279287
7.097477637728253,95.27418286628101,98.90205360013184,63.36529255939087,77.81009255486812,6.8418618124540895,5.711536348579128,100.0,51.999092068840504
5.624658018143096,73.37660294478712,45.111548868024656,48.822191487029976,73.5365027615953,9.784276450171426,5.432809357312918,94.79017324327648,48.67166109681674
6.556287452909254,77.74360939652325,67.33999316240825,76.34047069396402,72.49011179411639,9.156135428549712,8.801204408303335,95.17913866582322,55.62242181019004
6.316238169810219,73.9721705889376,71.9557316922193,77.46592338687601,66.31768825985286,5.826122305452435,5.626317332504924,58.03579512449713,52.38707721064014
7.555534778169851,68.55577121596909,62.62629009260665,92.99178922752245,82.90430214684234,7.179883956868733,9.839954758447385,100.0,63.74040958654492
7.614016563888941,75.64849353385564,82.79790998553939,82.1127036800483,89.89704036741438,5.242504587939801,6.623546530560714,68.76674808820064,61.6266261111947
2.7602560112164602,100.0,81.75909214463567,59.68546539461971,69.43331641089915,5.425468562970255,9.584819888139043,66.5876323036974,56.57947926188876
1.5054628893182889,91.92070920974255,71.42694457813751,53.9459238293548,80.53540504971095,5.563032882843545,7.06193478856143,37.61127379880141,49.83709312229908
8.003490795303014,69.47062182207728,68.75191493587567,48.84111993068659,79.32183624660243,6.7294015786698,5.620575874895428,74.89436236830734,55.15921653815012
8.375450186523873,84.47574103061686,70.65651798922023,88.62514083895257,75.08097811348858,6.781048467745628,9.040534677678563,53.74969062846041,62.51346074221837
3.958753960973325,69.68477227333624,70.74256015622628,57.10556002010988,59.734042666352835,7.303242364968231,9.18223875315987,76.12380742820487,52.28252650846271
2.2803291869087428,60.23632361153779,71.05952366249085,88.7232181655983,61.984026488894074,7.795859667645139,6.4127387996795875,52.57652300143462,47.89268722615094
6.198069642014402,88.1951091766463,69.74401078179841,75.35100857206893,67.19018048848429,6.59574289192581,7.102017280083059,96.96549756692207,52.30844561064719
7.861676452701059,89.6009284664355,75.0293917751087,72.61864034231544,53.609952764280685,7.043442364795154,6.4130448761268255,78.27360944315093,59.15471028081142
9.59518904486863,88.460522510479,81.03854477793438,63.70384362415582,89.08030729905614,5.687424991971749,7.355367966650737,100.0,61.712061812569225
7.032595144202902,73.30134750780428,57.236878228817076,77.2494207820315,78.67703229179713,5.386603570891383,7.629394976929026,54.65463952761231,55.92033218732877
5.25656660682861,76.33224265998014,59.39203320920221,67.78340932028478,74.70038951600878,5.201233184742028,7.0783403290614855,93.23768867061963,50.4182963395001
4.213738756830274,85.49765553658123,51.017783646197714,62.83101391943666,53.097641807321715,7.779097361353873,5.3173303255309765,42.9593137445076,45.351901166952786
6.022902583341309,81.91496037348107,82.3967688042912,77.7440670130748,56.761291449796,6.594510582294108,6.802944821891973,73.12113214711441,47.56817760183081
5.401470592229487,74.06362528702955,75.00387951828556,65.98439047090417,74.97658611813041,4.754655684610716,8.34422251626485,60.525653200870735,51.34394200198982
3.9698641885423678,61.809281798818354,78.06321019119325,56.823313097656424,94.70489965483978,6.924293256779668,7.249320548884901,63.280651971244644,52.029429486438936
10.097511301726573,79.13875194142013,54.84602113963838,76.39757485644911,68.01355804126918,5.5014144018566995,7.107071246925953,62.25255373136757,55.38760502929064
9.570336804144262,88.79009639236114,93.41937747456166,67.10420082120008,83.63798014412438,8.992454582767566,6.383068145963082,56.27925721973006,63.036095092126466
8.272097367110856,66.02411710965843,64.6937891022557,74.84474016460926,70.2009759232504,6.305413934095808,6.76793835696286,51.104675400239614,49.779187882605235
4.158299204381745,84.38759381675978,74.01846968533508,61.64596198304139,75.55239259288867,7.817807182982945,9.190737727898352,63.363597896027954,54.84052503102964
7.710038648594558,81.31541695133693,82.25261592814046,51.07230173446662,87.14683848892932,8.306755632861984,6.13226729183747,71.74042595930307,58.57670997810327
7.279252818995804,85.50148263232333,60.156242930447135,92.29103547519986,71.54048369833455,5.854085856931551,8.364987716022275,87.45541534939028,63.490348868855484
6.885091248408106,86.71975499719008,65.444107697848,89.65255975069005,68.09895091947867,7.09125654106565,7.55646626508423,74.43025594931581,58.27753691404848
8.499330534087555,71.05534758074647,74.15006129521049,80.37298945766746,89.18070554124763,7.664161481665776,7.793772795745682,87.4981030194158,60.00620245720347
7.270742285722555,61.83040599835054,100.0,62.57065040476017,75.45557821113596,7.138655406892128,6.621172462782459,47.82734692064349,51.30049920451449
7.480028472608671,72.6648047431712,75.61349691422429,63.795548375744985,85.91205090586163,7.433320911171782,7.0778671607425,63.50545891436887,59.82021024301983
7.27381256674442,86.89127317527007,91.27633380756862,87.3525842425505,68.14751106615313,5.4044447277290155,7.493135783793651,80.66507378704637,61.01920937648654
6.6815828160042114,72.5799609647403,86.46807774230346,63.04637947405622,89.06674208960976,7.664843463657429,6.8751996424689645,75.14786133687038,57.066795883959614
2.432777740571633,71.05956676142358,76.41612043793423,59.144215491137835,77.73627274534611,6.416602966992749,7.897718524843859,57.082373280112336,45.36874398032413
6.167242154821114,59.78649658075362,60.129650740431856,94.21128545891034,79.34787626214658,7.419341467940969,8.048926819347685,84.01103338248853,54.55116109513509
4.88761608230175,95.52647554550938,84.71704332981882,67.33251245740578,76.31629311429175,8.103986614661757,10.0,62.03090227071278,59.15600633207198
3.440318084719959,86.2571364142531,54.02267590022343,92.75795459919384,69.94525018003499,7.802570209021928,7.833828035234846,58.33954657909419,53.33348681026945
9.363633238601647,85.69895981274765,91.2105014841251,48.422513250339975,74.98317189505028,7.418463670587369,5.205308813377395,77.30421640745212,51.170792603413595
9.457990681771406,87.67725386779473,74.40006369861906,75.25458835898303,70.57409762010634,7.77055395542142,8.895622897006415,70.09254048001354,61.080884399178274
8.718441200591224,83.76708361543402,40.19731743242188,96.99515638903262,84.59546062644786,7.826093264666542,7.255355230036569,62.15631497457085,54.6401520580365
6.510426833711749,75.55671144820471,67.91392685961793,68.41651042522406,72.96942832931337,8.794601393660711,9.914310435524225,61.64697212129342,58.505871991941085
8.701250241905313,76.36235895877799,79.84737385107529,64.30393710825085,60.034927722061006,6.959139160644675,9.265109343006369,53.95304800289953,55.0793763068891
6.024106361203651,73.72435635407875,69.1557135235228,51.65147315362212,58.20576265010716,7.196748392130867,6.89367913954612,64.06377630911703,46.36888690858253
6.4055945537955585,100.0,80.58006973192288,83.15280276209346,57.73281847679576,8.118480170771335,8.36628334064541,86.50014153231153,60.451553029676326
3.813057259076034,83.55912031299442,61.79970998745245,57.21820684303037,81.17970757553941,6.411534868283784,6.787253822702535,73.66825694482246,50.749552466727856
6.7939826089976805,73.36199558648565,56.32821152654871,66.67268016854015,63.48495688626556,5.397679032786417,7.5032289916976325,84.37891121166018,53.48671775689279
6.120771856848834,82.6549677416628,71.14265516342874,50.716968082903435,78.00085775838566,7.591876209499325,8.311181777224744,77.74102806512052,53.72064633623929
3.394695766331071,67.89131082143683,72.37878800747897,89.79652440136405,76.36574517491414,6.752771578460867,8.835600247255812,60.81630689542271,54.577201809694586
5.897605776366806,93.04506718589226,67.81938778725214,84.16839435015956,74.35291405090223,5.550967105918759,8.574246994663488,45.26288087823635,54.84178210609045
5.840540872286383,71.3893090419286,86.7274937597063,67.55781351101616,79.38405203382369,7.6006503152558045,7.589987558295394,56.09718452944307,55.47899490531589
9.59512233328928,83.01085432622466,61.79751149833131,51.84191490178301,76.58303537090526,8.717359618035097,10.0,59.9314628335372,60.269832183469255
7.788426657026819,88.65977629743135,75.75798728798819,89.50269868939685,47.9027025721905,5.044308944453097,7.061975512167493,58.771256945625105,52.444362926049
6.022890878182932,81.84768544204992,72.8156396539635,62.87695582133994,71.7637475915151,8.226789994259777,5.571359241960843,84.71529890289581,54.08098349945273
6.497574619602166,78.94469991819638,53.319408574367,52.52713222855474,79.25103134063431,4.0,5.802360845748811,84.55882700274553,47.00915402431701
6.088424756208396,78.10802084856014,56.17163779597785,43.330347825384386,91.40282810755,6.5196560437821836,9.268809276146811,100.0,49.47055356504893
5.594172030408904,77.43558903112893,72.14293219498357,58.95648815348715,91.86457616582497,9.208619094691095,7.408016496183834,58.54418243211422,55.34815990992718
3.8351456052234263,72.23301511072498,95.77439998424356,47.635066284580844,61.368494864147436,6.60601114178456,7.690868997664911,93.96172459096623,51.20051554170529
5.697896244786142,73.50516570230296,78.95123774278574,59.28050828868045,71.50274700687227,7.1079260749851905,6.8489713440907956,93.86900808496195,52.68325436046693
4.507803486694973,92.79590373650935,51.29238209826441,78.42172227176802,59.33885186292002,7.9154394409282665,6.9567570248409725,66.51604362941704,46.45163390145698
3.499368922153707,76.91463367314843,34.67414321856795,62.74439770434673,90.19885075110084,4.940231783127217,6.555484966860846,77.10333095410353,48.37763101766239
7.022443629095069,70.14203730617227,80.79664311605256,72.97970734959195,85.12856208148551,7.086513761007707,8.065380975996106,88.61099873711817,59.4137765774829
6.78252931986647,72.83702403138491,70.84543820486161,57.87331476654875,78.50587886863175,7.07705568635357,7.383144098955479,69.11613066006609,50.9215777279687
2.426584977263844,89.00370680697223,85.69519163412443,68.91236692909924,76.6609486126021,9.234785167898487,8.022006453364082,67.95412334178036,51.37143357976226
5.754630725009745,84.75606633164479,61.431384951462704,94.8926115092043,88.80631100349474,5.517111002802612,7.90732606238098,60.58993868323822,57.42223665888739
7.991402771799847,83.60329178232257,76.20254997430231,63.12119490762345,87.11325194760138,6.5421528202598545,6.988945519640525,34.59942222005456,56.6992878653623
8.118447477792643,75.42478801090209,82.15408155633435,73.38201212667522,86.58044696656121,5.8859730510116615,5.749523249636655,71.05707424732718,58.33530914623852
8.051673685770478,83.73362470172945,66.63043634152221,46.08261881544186,79.5667985978226,5.758705835570344,5.645040484800771,59.3519600881986,48.63284628164289
6.07782641380292,71.56438875049352,66.88697315722722,89.28148571383619,71.50771700485838,8.352883272477493,10.0,53.869770645747586,57.001107853833865
4.309909344061698,75.40385968654226,72.30315397318068,61.31910719477189,82.67124832017558,7.031981802400981,9.273808133307972,76.33287475216471,56.14226730681905
3.832602345283879,87.69804487391745,78.51211615872394,82.70747109869102,83.16041905255115,6.333319364288175,9.108219080269457,48.23031638768353,53.8104677552989
6.689209809500715,86.74277678919064,71.82799194585706,66.27547585937532,73.0936253040804,6.378584918628958,6.690471831615726,82.09119836920927,54.421348599133324
6.7585600687303256,68.18090154049197,83.68795605311384,76.56211111029128,71.48751081165759,6.324127507665525,7.511411680515744,77.25398972890781,58.74975465662692
8.574662223210131,69.44473547091424,66.45677772879564,77.39417398095401,86.3331326955821,6.4314361871107675,6.5215646491401955,63.99710182454122,53.585171209881864
8.199959300684167,79.0870215281341,56.059257534442686,61.66583524682196,91.64116108769606,5.482665586852883,5.925501485800931,69.0503462073331,56.51830089037947
5.735542686937656,95.2613237466951,95.72370441735816,83.28669010066592,67.50604219085234,6.68952454892176,6.793471775549159,52.14668358768637,60.49799076221737
3.511588242278261,58.84434835531006,64.74439516149064,57.374211904096605,72.36623324552025,6.568951970017427,9.091421956115495,81.25507905048065,48.45500279239597
5.361786805978205,80.78332939570504,65.17869499538703,78.8910790803856,78.50933076454697,6.090643952315989,8.508894440308763,72.81046361576898,54.507079016798464
6.434462389621049,64.23956668426851,71.21036014713378,62.537125881668565,79.86598997748611,7.186055507565969,6.335942398053574,73.92774931884317,54.60873355078307
5.595833509221192,71.65669006474454,72.80617331584777,72.89381128084884,69.77633640758705,7.28786737614179,7.12222073981103,77.52835569509695,52.54741714854808
4.844211783844688,74.35571581935758,67.35979629014061,61.53209796704034,93.83520630344044,6.332023342849951,8.398947806323896,60.36376879162414,48.58004389145797
6.505769629939798,73.7949165656311,71.79079323661189,68.69966364589234,79.22095265545171,6.827039019080494,6.8148343257751955,47.21412587618599,52.49073191244369
4.992084517178779,72.66204060340792,71.52285322286191,52.95428817631526,80.31383408470553,9.590348472281029,7.595503493799276,84.35977562368946,53.98161636986684
4.7438678325492525,78.0720706037637,74.09783192424969,71.46579778564312,92.58884081511754,9.544519910322565,7.982216936477775,80.33077620418612,59.66123581916143
6.6229056686068795,72.64744433369421,43.71015049215221,68.6186296894342,70.5093837475541,5.735091771844317,7.969116662212957,61.969617950935984,47.490660863001104
5.19601483974159,63.37542615145847,94.57051568409419,60.437850242985384,74.11568123557723,5.9026629200937295,7.804974513228343,76.1366529869506,52.76025274276086
6.488208777956705,85.79869612522776,70.23254023758531,67.22960847053585,62.46677770978371,5.7287160676096045,6.715563391460988,88.86960158076926,54.650203693912296
6.546408045704245,85.52872167148881,78.96747143336383,69.87606266635073,73.27649527746422,8.268464727966688,6.8388304949774215,87.0805120462591,56.32444591338738
3.7211419978168507,86.4317431002267,55.462783901591706,59.37100125428843,60.11072476064637,6.521764840509167,6.1396201781752495,61.53161745352006,41.692990949693545
5.037517752269176,62.59265503735918,66.347996865009,66.19737993978462,82.47849354193173,7.287609092315559,5.626396087797273,47.66858431848623,52.055190794242954
8.875553879832925,80.9891815258415,63.93220960415503,53.922272827471105,79.19996750069993,9.39636079993706,7.362301509971725,50.241772906048695,53.60753286526398
3.6758409745314258,84.75978855806923,89.63668517410254,100.0,72.2293069296146,6.987442246827445,8.47951153750463,65.32410980567333,61.111788289074575
1.766691102058938,67.68797931560415,64.97023671796941,82.82766124291459,73.99576292182152,7.847498466108785,5.843661127015264,91.93475699930738,47.071849644558874
2.276309693514977,78.0917324818213,81.0969598432811,71.82331747884172,82.61466415188991,7.624504899160472,7.827567892949109,59.07331881787948,52.73572251737678
6.058219893153338,76.83733354689635,64.19495456792166,84.40958098467374,63.64203913110102,6.294139177964861,8.441557456060075,61.05508220485967,54.40858691102966
6.0618345560653975,96.42150658568264,66.56857272415267,40.29046532642711,77.04167867452523,8.270994078090231,5.295919477414385,60.74633352822523,49.171225750138156
5.764778289149758,97.24496037012574,69.05339801759177,32.19248367032392,81.99509806458744,5.980359029079777,7.175302679836538,62.02403805566999,47.218506352303585
8.428379657857004,61.356436066697995,87.40614152195161,62.40992513550131,57.177259225927585,8.607855743733012,9.475452240550048,69.83159733870059,49.48879328742527
1.0,100.0,49.321768091638575,48.70010198957047,81.8493800570202,6.295058841749056,8.162329221308848,50.79924738172367,49.55828665673485
6.791867748861647,68.84774278846676,56.21203733670681,64.68752265772339,58.25937536738434,6.426438735356687,5.2554514211252545,86.26539934490427,48.19062690315068
9.122876403607147,87.80673294327426,48.6323380117222,70.87919296832858,73.82405516148468,5.69381461164785,8.290007354893932,67.8276838298553,57.618917585735495
3.744438470216572,87.7049798086373,58.94997456286259,80.88580297676856,63.36608895904774,5.890888707020023,6.602715846926006,100.0,53.49912907376629
5.24038697642021,68.04309773158194,62.26079938569471,52.06430422014701,89.31246579290016,6.487882813205758,8.329568316111311,52.39643502174978,52.103509653309466
4.494216165542758,82.932677938391,52.62622495091533,73.594829606241,63.42878945847652,4.082381730507266,6.671901880079071,93.84799257737362,48.3099076782552
4.211307907844942,76.92466255733936,63.190227040623974,68.20145570413125,58.498101080346174,6.720001190589284,7.436361066705642,90.8701809697973,50.50731415574564
5.34747598995392,83.5433000463239,47.82342622879902,72.86513033906319,76.33352141596316,6.39043091531018,6.854948677724461,63.824739867315266,53.88080909583435
8.854970567369008,80.30672302380626,59.784135314787825,60.723192689449604,70.86297019979177,7.9480133183341986,7.503789267286207,64.07409079732199,53.68152698059638
9.674773350975041,89.96339485370247,86.4050447989224,87.36389195806969,59.95394771336067,7.507576886028191,6.819263791306786,56.180532758051555,63.121897158446
5.328121549919705,78.75399543146062,76.84305684337323,66.55087892198384,80.25815199154849,6.150835082680844,7.231754110134626,56.352678621406675,49.682445831183756
9.81012042812894,76.32125930573689,74.24961206607033,92.83855112905276,55.085009375503205,6.449739088688911,6.089273990027187,69.99091075337712,52.51665447956506
6.07115295396925,88.9606423305718,59.966657324650626,56.93455884844887,64.63759027416876,6.718458353774922,8.08879151449679,70.31043976369541,52.801195619296536
9.507382053402162,83.80395964858603,53.56698049146331,78.39958275937775,69.24781729579215,8.783147865371019,7.71034225037271,45.96467099588253,53.44318773982973
5.8134027006930165,85.31813394320888,58.33012709358863,67.1646412721526,83.0222239215514,6.01323438345227,5.5601613910750185,100.0,58.09515211435922
6.262115652092288,71.35413327741404,71.48148207724782,63.41160616666531,87.95468367013152,6.136287202059215,8.691499992242314,66.10724714255407,58.281487822241544
6.730948945285669,67.54737218601525,82.41812135672002,76.85241476654565,86.02782247327573,5.645699018059419,7.288454448414604,70.98418415825782,60.673706533281475
12.35770735873507,72.32277856747298,82.82840900562384,63.81157129134574,73.46726209537768,5.221552624676578,7.694114875483092,60.60643849879837,60.463287843195474
7.702571149689578,71.79178614319412,79.5673483498,30.7324852797974,50.726917552048434,7.368404348350594,8.417474006435024,65.99485691362248,45.25059500968501
4.585470940097073,85.86199268652915,63.14931763118467,25.119846275559695,78.90853021218558,7.243483997287852,7.893890690831981,64.63182833133688,43.19557784950487
7.937995740551716,87.75984050294052,72.29459798884785,85.8139102439767,89.70573739224614,8.539314223402423,8.89824379015308,69.95604361262109,66.18503736808225
5.276334925831317,76.448697104676,68.14388963955305,85.22361841031574,87.33790407813568,8.249690809272316,7.148045373353507,69.78115134357829,53.55767779157184
5.020499634197582,92.30919018824352,69.58572283806299,94.42277324758325,79.6294900974372,9.87654005743817,8.741315263472448,82.07299522811606,64.39046595744782
7.817202719784222,91.6846939376513,96.44553476351776,67.75460452404951,63.10497235661548,6.911352678950685,7.647509541368785,73.40829905648164,59.14264760309287
6.062171175542305,80.4339891640054,50.85599715595665,49.90311277202952,69.74692996371584,6.687364523444551,8.10916010940803,80.56424530599256,49.0598386326422
6.557151829023612,69.7810822845696,69.18387820893287,62.12582620288598,94.33814398745675,5.4397283858399685,7.984355007357485,69.85283767291848,56.337803155600376
6.0279704437305845,93.7537664943554,86.54098688635388,68.15994321505838,60.83270465335866,7.835893800971591,8.98887639037143,73.46878832658837,57.226225905049354
6.673166253210869,77.38982648971592,54.40930205959754,53.901464860008474,63.52158771849614,7.142241089735607,8.365694848271152,66.38041475975093,48.6397560799352
6.849931794872298,79.26165196430975,64.27503089680499,91.08004612163413,84.42551551165285,7.78151956601282,6.968465423628184,85.04667601506473,62.27779711128894
2.1260661345891694,74.60394974393431,65.65153802918833,99.35304031501232,70.68840755194472,5.63305093691392,6.730479547200183,74.83933644273887,55.090732308493514
7.333145337219067,69.10209673702802,69.32052333535219,74.69592981022248,63.18244877795378,7.42192502683204,7.4402950228862,67.6288771823065,53.2642126226973
4.035961160339399,63.31360569684708,52.848514084725394,67.84790754622526,90.27971178723016,7.24623954154473,6.587878270704904,67.18134798173018,48.79533345522793
3.1154017288811775,84.32868323557288,79.14343272405647,49.870462301357946,79.6105597814514,7.166842047872424,6.237369358408383,68.36140988129505,52.597516875593115
5.883177512282635,70.1659894610338,79.99544739015772,89.65007454618473,71.18198835622822,6.180080910171371,4.94633703684235,70.45665885515548,49.26967355454725
6.167962006628908,100.0,78.10050390021537,69.06829535188665,63.542251641004846,8.427189578264079,5.640884690605548,69.15458348171619,54.652129012178705
4.612987670855438,67.1392641738752,61.555515908507026,63.951698422251425,95.47406563859937,9.460369094773613,9.88248763333383,61.6173751718296,57.1591308853656
7.6620637153359485,65.4261752501863,73.03812948944754,74.73643724144353,74.75548181253393,5.667587168442862,6.712199700444267,81.47350832902391,52.81673280728818
3.315649667258186,83.10138715613441,61.206717125170954,59.8000385941514,88.97328062469494,7.86453277551155,9.784152359785374,82.42113988822256,56.65202399663627
5.186112502454882,93.29313478967295,68.00884007074185,70.05625242370546,83.9363354460944,4.0,7.983785521386696,96.7578525685112,56.18709970823423
4.830251730133998,78.64589656943221,97.84161512605053,47.80546408816076,69.79098438336766,7.80233193937895,7.440290374036674,60.945554340328584,50.57500296398561
5.906825459321321,83.72242420187274,73.14834453115508,83.21922064953408,69.8705888501022,4.755814460149894,5.69927385981452,79.99658087728159,55.94104391797394
6.557728569294477,59.5645258254129,57.74968108815392,66.53824542410058,89.4631489793392,6.37003918252089,7.505602674691259,41.36294025575977,48.949688489483655
3.9842141007529106,71.22488454308234,74.16402408796696,84.22321204887616,89.62517332619977,5.4243704058949,9.770620520361875,82.43564597532831,60.05933871877784
7.448565354912456,67.26384270862434,55.77844888724029,65.18409351021732,56.23084023879265,6.7412662060607245,9.369164092820085,48.151268274892224,44.68599373256614
6.126004736669399,59.04954150052119,57.611875289819864,66.0932040770243,80.49780260982192,8.006552438041394,7.829086383237095,55.23503344641572,51.74564163178104
2.216107493376179,79.16980234023887,59.50652236861451,51.02755600391259,73.7878519527638,4.7712240835275725,6.121597960913981,74.98337993523728,44.884775433887846
2.082817119205938,55.57172378389566,66.6682865736518,78.636597622254,64.66676837061493,6.568624372581233,6.3514015857010175,60.677514468665315,44.69554983343424
5.975361414141378,64.77804033912551,83.24362794707042,55.73824064367672,77.61746094717198,6.383957477420732,6.476889787929048,58.62469734995635,51.844507373797654
5.558065364427292,72.62806205986583,78.94077837620208,61.1900867752108,61.50403209013606,8.89725842064625,9.03378591283524,62.72775966252481,51.96177984094376
5.793159772850733,69.68714164048924,78.27594393896794,68.01466060515551,70.335446453539,7.518113209420342,9.458064523330512,80.94438987877788,57.61209413524049
5.944035086939564,81.96408502207068,58.81290521291349,69.697138571651,67.01526267230032,5.587339464071893,7.735071401961102,56.00664405373385,51.647212551424246
6.451119679020361,81.0558019190248,65.50422773477221,44.114642836951376,70.00208735844001,6.4344467451635206,7.136303477372215,69.18767703666197,50.07380005812258
7.895299219696599,86.93798745935457,75.26401328259826,64.76871788316777,74.2852150633801,8.867325086062637,9.35845259599318,64.32015573190995,58.54667253960363
3.7777901981648836,85.52383732712678,64.46016017533904,79.13322306101199,64.84433338094513,7.8572383801288295,6.325711750962054,82.29836156993521,50.312471691897045
3.6560568141984104,89.40812789361381,68.65960271638681,62.70326751666536,90.73179028873298,5.898119845113494,7.562187993120439,82.71882631124264,53.58420902526289
3.813352284225235,77.98081599990945,77.29630431035939,64.8537554410135,79.93283233394125,6.679515353940293,8.055559199455356,42.47077303845831,52.09142558322673
6.577833334337414,81.0346690081667,67.81472782558437,70.27368471179817,92.94563028382055,6.717869021910222,6.464639271388321,85.67664128146473,56.69714112894764
8.489894757292891,83.1151370191919,74.7127150692243,66.23655394434202,73.39920030921981,6.3544216874130335,6.736902934330431,60.838661403117825,57.385111540518295
5.137321123520979,79.41656697391026,91.11274147223483,53.57278296657354,69.51210037702891,4.947745412413973,6.643514904974876,73.54438297895011,51.34453625291611
1.0,74.02805690082926,69.93769441215603,67.49115426866334,92.58415614493028,6.186853941532038,9.200072227185704,55.91636889425055,52.52758420232203
2.592014274779249,74.6755746566023,86.15205371663048,81.91702438008255,69.21940260126016,8.66703916703845,9.797240732468506,75.56701904064676,52.54037768583827
4.333926554407977,69.82441601670034,78.7124408076883,53.283536738260736,73.21707978010875,6.54262661552659,7.637751036283873,100.0,53.73800075286113
4.884542225009571,82.2161682990983,54.3930960781588,62.757253547198545,82.20047410497315,6.876095643446897,7.1781376955486556,71.9074834192755,49.95825689681051
5.183222745490547,77.05984825914844,58.77435564883771,48.65716146490892,62.62274191702721,7.168630776224289,6.7801907100080445,63.102284235304644,43.5200769527347
6.077162245961834,71.36826249363236,61.99684940316124,81.17934730686483,82.1129468479365,9.66176967365455,7.502095576140395,66.51758147986689,59.563357854331024
5.376507338355106,71.37755180675407,61.7419809968066,66.70698510426969,80.83347066164603,7.010649725700354,6.839733898275853,47.9645506414297,52.047351818443616
8.098679221086815,65.89601272217212,70.91652304671823,56.09720512951792,87.69325318037832,8.312734424300213,7.383563709173735,91.73444929246688,58.7017210778817
4.647965388637262,87.788413412372,79.37572857698187,69.29171840200448,83.90044503010141,6.2821837935385645,7.995879387604708,74.69324661394916,57.1583859352789
4.275364081048914,78.78617669531788,87.06190100045667,51.14959699146366,87.99978352877571,6.68872088739701,7.0136244686515585,54.2665314055323,52.120113223870696
6.957751077040923,69.3719998042673,75.69810106470099,53.531062559554314,73.8957809949159,7.015063267732342,7.272494324863083,54.7552256480687,50.51135315342655
2.9287158601477614,86.08547749602019,66.65184532736149,47.55813058207507,66.3732968129294,6.071040469780739,7.277454617913234,70.22923568723239,48.087809981084995
6.779383410640005,72.39551190205627,47.013105076441505,53.0650906741964,96.09985414083363,6.755538663276451,7.1189238783286335,83.9799309000773,55.389269188693014
6.205106367452534,63.934993729877675,72.84707490500806,87.00272617599728,59.73304384478033,8.065661122975923,6.970262547580547,52.73515136894543,51.87452929076241
5.705115020163666,88.21222289219133,72.30924232433989,57.736343362043655,60.73486921126192,6.03956252668974,8.414635923524168,86.70114012800757,56.676678998691685
9.176552214298525,72.62903010433887,74.19514504246749,74.5271517171207,80.65128040508831,7.000106837156366,5.3751167652282685,68.62549672064645,55.94771466816888
4.755585109410564,73.9110090979121,97.27488357243999,56.2917801206171,91.2498604817735,7.850480261987119,9.389135830801516,56.04634922489355,54.0432756099686
10.120596341048156,78.41180020349178,86.88715855431687,78.63347244068507,76.89550845914165,6.010640741424707,7.662635355843596,62.98464360140533,56.423807186848244
5.549137101543802,89.42589222790114,81.42073101899983,53.63485198696158,84.99303699702206,8.314496551137948,8.232021091183817,96.22830815694564,53.62085974926547
3.4459671100595437,78.20037290866311,60.4550744391408,68.54919098866459,55.04197272528042,7.087460175653587,8.37009333977865,49.176799951819945,45.672504948814336
6.13983916198965,66.00882873854769,65.84406300963907,68.73991833816528,70.00455037818863,6.801852923992852,6.650329007963315,59.0216056608078,49.58201295927478
3.8475095993624637,83.4387700411218,70.86186471685798,100.0,56.26052192856741,4.590222633039742,6.40276973258491,84.28875376952381,54.02066314825767
4.496488304372999,73.15010275738275,62.69511451187576,76.82595403172232,82.8041095822866,6.551665069583832,6.261276858415408,73.24685565180452,52.28236872687423
6.794066600030982,96.87923971529466,78.00557429982142,59.69934379939017,59.52768673410986,7.445910899374364,7.203518364205694,58.13138772612922,54.26725767995546
7.11116417730025,77.9888027800211,76.28290619058845,77.5906854911072,62.221811539673524,9.094414022562962,8.339045629861234,84.47189854547234,56.83308383147305
4.7556645994914835,55.64964502101334,58.94030648334369,97.93444258679291,80.14025204961403,7.681466984933936,6.799485569735011,85.18443599753772,54.71215908218777
7.974810290092801,81.57364972155673,86.3618005091535,45.18509473321987,85.61824352017729,8.351459478134018,8.229517968213965,74.97086002777122,56.06748639452949
8.315015516042267,97.44597792260228,73.22772400570632,56.205251404037824,73.41031891770784,5.549074511653673,4.658494537366561,60.81405118624728,55.5761833285955
8.872603513126581,93.7592028854539,51.25114623909299,64.68343417241388,80.7017250410851,6.847813005216454,7.0373193576297,63.12543070248463,51.431063441284934
7.058826814251445,96.30954288756566,71.38388569986037,62.16076482001269,80.37788166873092,8.464895730794638,8.900564841133875,74.27014097947598,58.76896930594211
8.726857424171397,67.80239814618537,75.37447747107485,63.34140622338175,72.84573140557528,5.934719739520093,7.294834453160477,50.32106408179931,52.73133951352974
2.2384031440518846,87.12152395976779,83.67350833722888,49.74074828169459,64.05294517113751,8.158267154767723,6.5050276366006,89.91677321699669,50.61466464674229
5.364186902743075,70.78005460263289,67.9502831624806,87.65538474970018,80.64891406884642,7.879981437520399,6.711788133434884,95.50313633013758,56.69160132619222
4.265989487353147,80.24289399416925,81.93525920936649,48.08347962132733,81.13095690775083,7.329668378139784,4.0,66.46067725239594,48.801194545903726
6.238451722254784,65.27047571260267,74.24570384124259,65.19702066528501,83.94024403090259,6.60555684983683,6.285837635505695,75.3415673864621,52.74179538277123
4.857101561606525,71.55544235117284,56.21934469154905,82.64162828464977,78.12066424078897,5.816445814513078,8.768689647015098,87.7870306427399,57.60057436500404
5.6676843161005355,71.23753302636385,55.01799871820984,67.57741199995806,63.315000865206734,9.130455152923977,6.800876679724523,99.33341257851532,50.82912692721609
9.764349760408098,86.98555280142617,85.47071844179219,54.28848166336123,81.9034016136918,7.7582350212688365,6.94254676559853,93.35472003236048,64.20932198016568
5.6605604071592435,86.00719121669655,86.35181014058122,49.11854081076459,74.98618919771658,7.4087393496105385,4.701825375556311,43.96693729961811,50.18120057758226
6.827584634380428,80.7681972933082,75.87491076485668,64.78001125561104,70.17262555676658,6.504580302157299,5.5429946482649255,65.26669467508722,51.94475089450996
5.53546134015153,64.49578581944614,89.94848065416033,57.40158607809347,72.05364162806288,7.045445955507973,8.928059014319704,77.51032377224828,53.58545533098769
6.151426575913668,74.8836056605028,84.67931818849928,70.8732352838417,68.0974282160962,7.19766072396404,8.240752896793873,62.58674054647103,55.89587697092339
6.012033360872143,70.53883517057274,80.20354475375666,48.379683931861486,83.8884377885443,7.479850821680287,5.9430731622726825,96.74150117560546,51.816012396548714
6.896648131946319,86.69675756694491,61.06426213519594,79.3825003164267,60.818852664199795,7.881208346166321,6.743313130112136,94.44062759203949,54.668474683870215
8.330615071094353,89.78184852817185,92.77714501238812,69.61769332430251,65.06514065193582,6.06103416897389,7.46499318840146,57.761047881119055,56.787355566545486
9.294787995206658,88.56385586030883,78.43561718649927,70.65770952093467,71.71227115328306,5.240083641415595,6.064646721411893,67.56399970141415,56.94496889726942
6.619240163818334,70.4478058058298,67.36993470466054,88.17507489536024,91.13750848238999,7.101137021528197,5.0950273397836785,58.75668795715545,56.711423864225594
7.179093772071204,50.6046687771052,63.980759936336426,61.87086302279388,85.54280549092849,4.903339195210286,7.308947535072678,67.07307333840745,52.31862675345276
3.698270981628866,60.330381018699455,75.08140537816628,57.83856627373486,58.59159196752775,6.611606806007635,8.187130274607888,66.61851475999924,46.990842910494116
5.824246515168759,92.21626978082209,51.94729098193854,60.331309203143775,88.51347088752486,6.388972203865885,8.210228783675944,84.31386872120288,58.25696508633981
7.880578929767178,73.98745060680176,80.39607930423435,65.3046280266744,88.49420216983684,7.590097830642003,8.550284862650575,56.67303004399248,59.14476212079028
7.731937276834307,70.49275381734887,60.55715022367168,66.7264914729214,63.25991673977357,9.37911644258357,5.635731285864212,30.748755925663545,54.46280350863872
6.4232194655901,94.42660293436234,76.44729730589144,56.37023168757518,49.78541729403555,4.666491251315726,7.569482291792327,45.9318537664777,48.36834453004942
7.772787919135904,90.65159945488327,65.74055595170209,39.676806457537175,74.27778377652757,9.72902203638208,7.177858362925054,54.57547580939905,53.7478432858621
6.981533417987638,78.24448721919786,68.82697544730355,60.14699398769346,86.22424409299822,6.720309809057169,7.395335177403369,60.16462616504393,52.615346495735395
8.400612516518644,75.06596908936027,62.917081526819224,73.03755932801646,90.91261969800202,7.417370418607096,7.245862039639035,72.8076160092282,61.13198306701473
6.578718313914222,76.67898787186874,70.06524682583039,69.90761628754889,66.2917273563875,5.30220141085154,6.707462183270981,53.80309141706711,49.04568179862153
5.288603368857931,80.27162798387467,94.67255455220825,84.79376257756158,92.51979104662965,8.196245884271585,4.0,51.833491146101025,58.53213626690186
6.671682513866047,94.00047281319608,88.62071552458369,95.37681161549304,52.72067604183299,7.049767043622069,8.894194824684808,56.05828873521835,57.51733276103574
1.0,82.22467424237227,76.25374745994549,78.63067280041855,71.31949386170713,6.926239106574055,7.895988198570107,53.26518998260328,51.28206124841758
6.765771472770099,85.26029033039141,71.69646881322058,87.35528899371516,70.82789330784253,4.675137862116456,5.718852254956191,61.682593835565314,53.66401644940906
1.0,89.69270109070172,82.13041428831463,78.73484009168368,86.52337024924303,7.088556176616913,8.067757983591306,61.040689061574014,52.79652223303899
2.553073185189164,66.30323998975581,85.55964472929068,91.93858958298337,87.9830246593978,8.014993988579889,6.963234231598236,80.33585225460716,56.379288129929975
6.903537201881968,85.54861892474042,62.04217941350965,93.91195088007774,84.54223655433395,6.716465637420174,6.997233220298724,55.15705922395566,61.26121761622344
6.955058674533591,75.05431245338389,71.07073358841357,81.31631239090498,61.494499512541054,8.409039214772982,6.5779024782131605,64.63605057505343,54.438958535715805
3.675142439720139,52.83904804227234,50.13650124518304,77.8893220499442,83.62619031798921,8.359474206269635,8.144316567182717,61.824659801248465,47.43339103514694
4.5757959162421225,56.718304580141876,85.47722532313074,65.12674959287686,80.09041968593492,6.230685540710983,6.540211714180561,82.13327464056351,54.72259124399748
8.741081977228264,67.81882388481314,96.78029109241027,67.42127806650527,58.28765614720409,8.914136630556872,6.18379837669128,67.68581085973443,52.92661858287273
5.031939736854648,83.31223228592582,72.96099149547703,63.27027736109633,54.32986171198313,7.054353957190099,8.858093772727194,85.76045085098792,53.13316657529024
10.48584062480597,79.13799565340297,46.499878501163806,76.69752255253078,85.37989290020776,7.059694300945397,7.28534230827993,52.71444735992787,57.99392745008111
5.996160293647308,79.84366707175664,79.30668619892437,57.91512747696912,73.19900699020755,7.1187774671232775,7.323016332009351,69.2595008734777,54.29735759408856
6.816072353762534,97.50943482686692,61.150930006211034,65.32451306308126,62.148179075451246,7.083178901129351,8.330956944331998,61.36163474455101,56.86927258824286
9.233748796997215,65.30910385140187,64.03980670002647,35.0276216075038,72.91828071291232,4.0,6.698895958984588,51.60930853171594,45.259408099769054
6.26205423238684,77.72566645816276,79.51891667749204,92.12325852681514,78.64041081113203,6.777392322172335,6.938216192823737,68.98733438522413,59.45397088592652
3.9953120386183976,81.04435522813816,75.05464950615269,64.91335584379154,74.17148873332452,5.3632642340050545,7.866858323667403,95.99391637352835,55.92930345519617
5.780545096611419,70.63726883461665,66.14269469593678,74.37812612271208,59.480138468739135,8.951602842658811,5.650346877043481,57.206367956108004,47.69223675351102
5.928778527619818,78.28326745082941,64.20473240878003,88.40901372595964,93.8555690356411,8.90329959006544,7.765318856121858,68.0881752724335,57.68814014637952
3.270516695596869,62.00050665915655,73.51003266264999,72.20410812417651,85.04217968987892,8.022325998946705,6.593146248982359,50.31652570611173,50.178271601096284
5.488335857318353,92.09906217275028,67.08641336985158,88.22081182930805,71.64622548326533,6.713839075193334,8.526567110946178,48.11158342143986,56.35657998439582
4.515615812005127,71.18385447469566,58.68915439676391,50.61567062988087,72.04905344097712,5.790382076075562,8.155995992219891,58.19121505985649,43.71006673008498
7.848715514374868,98.31400164778503,68.00924182225968,100.0,78.59487394713176,6.210902798469275,7.997458028370036,63.25025482556229,62.55257040255119
6.069223748370511,77.67525676082545,76.07511147906222,83.21954277884272,63.70378604259668,9.33117028771124,5.571649621734531,63.91625438603275,50.237673590410566
5.43440850170486,88.28053565399183,69.8627583981644,70.92883489481298,78.22676436536969,6.169363136176047,7.375925525791416,66.6096247738116,57.07044844284211
5.787636138754848,77.46697131008845,55.037896821021775,87.95111065675624,61.69267563139235,4.173285574736724,6.087280127502867,45.275010389449456,49.79733593776106
6.446244036812332,77.6925616773947,83.86877545650647,51.639111596148794,74.29465783154834,8.236198610182472,7.455763316427569,60.610806827395415,57.3579708169318
7.23362839937956,72.15970666777991,39.134262756679995,63.95939169722709,63.314285001431415,8.800603736341472,4.7216643877323135,77.52637710105512,48.53361358634685
4.000575542661237,79.19123929366278,66.64361813965877,88.21950554963331,63.81916017673285,8.991058824599827,5.6510012779497085,49.62632390658193,49.77956472409871
3.9168247347574563,81.17998694414048,64.55761854535301,41.86115746747049,91.4572261361821,8.246017605099194,8.926840330608226,64.67281457732393,49.81195768003093
8.209358430805061,70.1574149108482,73.77814653445698,75.84640884942327,75.59225894284555,8.441823612681738,7.942863811207872,74.39265639907102,58.12499512390789
5.175326255590539,76.74955584140116,78.73994169363283,75.45046623783216,77.07406485401168,7.06352088886425,7.0754209830244,58.26599616964495,53.94948256127206
3.166315814806252,71.89901133942887,85.52117769913242,95.56916143551027,54.886201389186766,4.508445251810004,6.4095080127765325,75.12286594241272,53.92044396558315
6.887625418766209,100.0,63.451141519774076,45.83862412388869,69.02998241478952,7.0334572498000165,6.198895298895488,47.18310580922453,46.9789878422743
6.926739612065374,77.10269230088382,79.03898804800178,90.53483479844286,79.61212118704347,7.745887326903301,7.7401869061062305,83.32674359398308,64.88598601426592
2.938569485486587,93.4523215169656,74.34982065457753,60.16740959591536,76.94136265947505,6.8376759321205,7.0876412284891845,75.48701099640544,54.511787637446716
6.458963430927213,76.04377669192311,51.46152749780132,61.74186756123403,53.459701786462944,6.782996657512462,9.355976619980732,70.83498105264201,48.38835420522262
7.471166184856747,80.59287641534908,94.80648306520932,50.891938582562894,77.07137916657081,5.843058353178013,7.27828353598758,86.87227039458762,60.264713253048164
6.748772903412526,64.78635928354731,54.734698473117604,52.77007147546305,78.6655880354969,5.797913508073568,7.57046459069344,65.05976411145078,47.437927563182065
7.26396296752279,73.52927408132135,77.03396726771658,73.64931286435491,87.83761998198699,9.205778217719285,5.833795838333555,60.73215831307132,57.291323168152275
3.191461803818502,80.10534670789247,76.67951933037297,52.42735319306102,68.44768881061657,9.249215643856171,7.067160929787432,90.5881642614587,47.39324978705184
6.662080309992391,93.86003830959866,75.30764138794892,78.36398067114081,52.57931279864329,6.996823442504676,7.7123896860815835,97.61148703352193,59.71991657183973
5.394760481059107,80.21982777676271,66.06507741406071,58.71847534242345,65.03229248194845,7.337828326111512,7.052657146544176,59.59843440823356,45.273694488687056
5.034419682550711,91.83720361193,81.92703181368603,51.01752671811893,64.02934961131443,5.822970331555577,6.917245759710921,68.29385144338278,46.77240757849332
7.741111218839453,84.4072911020292,53.27559031268285,60.610671950961475,82.36708877779974,7.771089819927345,7.8922915507383875,85.67563814892182,53.88028307344036
8.95854902134846,94.27401339464686,71.21005453591293,72.71390068458828,47.83263411604682,9.11157900593704,9.317787937873188,68.82782497283841,59.17125686215784
9.588740109200717,77.40957782694944,65.2335038813705,64.11705433296572,70.51643539927377,5.164923064066368,7.673963244369393,78.91882763106976,57.056820420214216
8.62961574301181,100.0,63.87242469519562,68.47894165665917,89.25795473577254,7.5566599596428725,8.873023540167765,81.70605396232574,61.565024668627984
5.780531636739632,73.14603797085877,77.14497344944255,77.74690446570517,75.07212462833635,7.646826691174049,8.245922853022538,61.565431366651836,57.75250624474465
6.7054403260526865,70.33538165802331,84.9297425126362,83.15390032263728,83.96316816176424,7.633127817867109,8.801224049601421,76.28911995100388,60.07422511193557
7.533645743568488,65.89947150310965,67.88093085795761,63.65866567974797,58.582016664489124,8.971381201418163,6.768336091984034,69.90710958235094,51.528109809822524
6.242355898598924,100.0,81.36817307910933,53.380891781933784,58.980104867936774,9.443221854605383,7.2516870060187175,51.74697109909357,55.709063777283184
6.261528375823088,86.19447572617898,72.59688798533519,69.06532270491523,89.37242457845234,6.719819586552806,7.256671715082402,55.155210303573995,55.45937519064702
7.647506263752364,74.65879266619692,61.287213489143895,74.589094205457,76.01215365757253,7.807808406587629,8.155532683876771,60.21374613405447,53.343805731804515
5.881434707948135,90.49022696873494,68.90457488110724,47.549845716392696,76.03274362209144,7.101080446871271,8.450895386654237,83.92779776203906,54.30424469534066
4.541426127252677,84.87692185117783,68.40616931050062,55.53148384189381,63.818471718930034,6.241461648472365,7.650067429334269,84.42037243469991,51.38784440488067
5.171053868328283,97.6612747137559,63.64008104993464,57.93138345651883,76.00781728950231,7.324976988257218,8.552047892851038,81.24869377482426,54.25866285106394
7.2678207554674845,62.52167167260089,77.14179514387,65.09048935791473,63.540624316599036,7.805799434200297,6.824002227622352,76.60166054898427,54.353775412565206
6.0059865823999115,75.34639891685745,74.81575425245711,57.345525349225,86.8687044890565,7.260314422500382,8.56245306347895,76.1923946073466,55.11064837857371
6.680419953736676,73.37478616057174,52.91220362076699,77.8985701513566,100.0,5.9425825486166595,8.718971330623042,74.16340674332245,58.25067120822998
7.3401584844043795,58.26317323591398,52.18168805712771,45.52813517958216,79.83941053665329,6.443727232173187,8.312995615109596,76.11395583132452,50.42739427853241
5.250317074204781,88.60327204779693,77.09621343846905,45.88393823927805,68.65053614538456,6.4529110957904114,7.661003740177455,77.13043875496304,51.43669956774219
7.512496327259612,75.29603444196641,62.216562854465586,63.32555663883953,49.663416695053414,5.989067254083155,8.35598799888596,48.93366751408929,51.94668766000288
6.757685206916789,85.39631204986563,75.62449386120389,65.540860742042,58.15535885457659,7.376247497926802,6.427194641713813,58.14629281083642,51.86579482297868
3.5303738261770428,100.0,81.37117893731026,47.63498577998655,90.54861831027137,7.501734515551693,7.73803471723225,54.56617563276936,52.88378865184435
8.884609582372489,74.46756308172392,56.74856595113329,59.50551620293409,64.70808156728927,8.175421121064636,7.8606125721901465,86.60717511481013,54.35555202940742
4.998510512486168,73.78847017342845,55.06155294508578,62.38538655613275,71.29165118313487,5.970853182207243,5.904581204218218,94.8115015537542,51.153904942980745
2.6898093136296324,79.18664169723996,92.09318018874355,62.49382874168996,81.55325974579178,6.307025576525448,8.069501103527426,37.46428119381738,53.584505505411
3.9099125808273953,87.8724735298341,76.21884939554951,70.12634076605008,89.82289799361793,8.865483342317486,6.001417529181822,93.47221917807491,58.12415529866306
3.957909678643356,72.3328697468985,66.96911211992075,58.737895618070134,73.00413078836162,6.802604963112496,6.986498042508683,71.30082060297295,45.42475300220383
6.104346637315067,71.6903840286787,60.79271456824483,88.68970820011583,70.95333130333965,7.03615723510196,7.547713151131558,85.19079728738053,49.42130068566342
5.4522989889075255,88.57189270241366,65.87470981311264,74.83486495627001,75.71621028510684,6.789875534325221,6.623116338440632,77.59700731877345,56.95855573282059
5.326336064718815,81.78639323838036,57.713131966640276,56.70041071102149,68.72362183360782,8.359636982465972,7.5990648463443815,91.60592580399882,52.00860063453569
7.239403930964958,57.55271736995179,82.60094608908709,69.32316090714602,69.26180796707045,8.406170416858036,7.579868388523464,73.14613650036245,54.34793786418512
6.679750722385408,65.74608200530892,62.67898615672415,69.73621446047846,79.11880117533873,8.335849720706618,6.5157820327693905,49.548183117806246,53.313828201366945
6.632095741288572,93.0123586382721,85.12241505859521,85.00610064296893,76.85291517834486,7.031881133629057,8.181569350589196,68.41487674340185,64.49365224223995
6.8196569146573855,82.01928283078813,67.19245296275986,59.594645995171085,96.31605306558583,5.953076827013198,6.583012196032522,77.73484069160209,58.99892294443016
7.232269336004476,70.37804068962751,59.47979779659222,78.74274176808802,79.38848816635429,9.310255693311106,10.0,66.76058347698462,59.85541194083509
1.784093316445114,76.29590342765017,66.88438094383439,68.58596266095469,86.51145548093828,8.027570772346621,7.368625412003274,79.86597583229006,49.86964272619793
5.271123495471078,78.1323667280167,40.509998669983,88.88193123028273,64.28714823276869,6.452009222329132,6.094447026011961,69.01453917039333,47.512753013780646
1.639579871021052,85.35733360280163,70.55077707991191,86.07248033695171,80.2515729003027,8.708582616333294,6.3187898805434735,61.06736021327695,47.23987107887064
6.0721198535955905,64.4173660514121,69.9585697064381,70.7577102642964,67.7701865339894,6.357269301689086,8.877096557637962,53.71032425032689,53.115128142637964
5.990734055551309,69.59050861329541,81.89691295857561,64.32804330577515,78.95453263296558,8.692844083826387,7.009018020337855,64.12276926199984,56.692210598556926
8.091064549579361,80.72955754863389,49.36434086419945,75.09248273551238,81.88514598114841,8.773941507261389,5.863483430604038,73.0685747455049,57.51573780424221
8.375268785442241,77.0016541950455,85.94239633036257,65.47369962021968,75.49868844001473,5.894220673982733,8.52445529655332,40.609122936160745,57.487603831981666
6.405550096504735,83.7185918263671,81.84719153997187,91.5242994836967,99.07325721474793,7.698109963625153,7.001311334666301,58.29885383927465,61.57343228177052
4.9992778452062,65.70492602640402,87.02452276438396,69.09858109447816,89.27979769108453,7.938628844753595,8.284103413343221,40.049619328384026,54.00269673461826
6.970322225091476,81.57128676271321,71.36734348795035,62.32100314482028,86.77245332829096,10.0,8.622679230787352,60.7438771903294,55.55237974800443
4.9441647253513725,88.91583619377472,84.16676200923307,61.56538879496504,82.64286192370014,6.109238658839372,7.829356246570254,87.95972101430834,55.93080146657453
5.997214697113302,82.86818547149284,54.34507158111714,51.017501807218096,92.63360817730045,8.719051932392595,10.0,52.20825427406747,52.07958403087049
7.972272633921536,79.39111739761591,80.5565707824544,75.79182779330652,60.63030702530784,7.020815221640265,5.4303090084801315,80.54739618791994,58.25859597820319
4.884457308021153,77.0411639743403,62.74604685480065,56.519843163046964,88.70283117990576,5.5103629797033165,6.51845990967383,100.0,49.524745528569255
7.611357278485002,69.65148847228498,52.18317801092476,83.37407553062846,65.08755688000477,6.856015396198855,7.192859994475251,91.80307196886025,53.20986686851561
7.354802737384604,77.28001407560211,58.51031378202767,49.898909243977975,69.3566088093327,7.002957713319648,10.0,72.00270070586818,47.75166840843176
4.090416365738357,90.59705852880406,72.06637366355125,69.7813802856255,80.61392444061669,5.729331768261654,9.657602964122654,82.87651683694725,56.84058699973038
7.9477882564348015,76.80971493399875,62.10840950138876,84.10313261896435,87.33220165510724,7.374608342621835,9.046429040872699,49.454757963448124,58.705249679913564
7.39713269074301,69.1019601065159,76.5128823803496,37.868541095269094,63.46423368318038,8.149371106598299,6.547051271104908,46.39878019884169,46.37362451925951
6.203851774745315,73.07752911234614,50.30114933995179,96.25571761309061,69.8745512232227,7.285840784874415,6.686982312275484,70.4304716361909,51.419425178610936
4.475353083944696,80.0085029727593,46.474829476609656,62.04600723922647,75.9753207250131,6.349787092744148,6.505727957831455,75.97915845202617,48.22548031278826
4.28158796284886,74.26486002819153,88.46864920972291,69.97533535026994,73.13633995304286,6.8218335179116405,6.559887734351085,86.4160642637386,52.52328209981254
4.924674846193955,82.8530328306314,82.84560155281721,76.00028915722882,83.54032061235188,6.994547971847859,9.291245528731169,61.468567878980274,57.51148362701652
7.08518892658392,83.2284376074903,59.40843796903431,78.16580678561775,100.0,7.260785952977258,7.207479451924987,72.90093226542469,63.53213718533985
4.088749665197204,86.88983180404648,71.96400427835353,71.83437513563555,79.19320708525879,8.331796914688038,7.366202202427269,72.38667334829462,54.79476978300914
6.87502449723974,92.23559472265033,84.23408472241589,81.96338417188915,67.64803561837684,7.326327704063307,8.429264144308117,68.02908841635299,59.790167825453146
3.516488942243215,87.95858724372361,77.03040729948727,75.26698998090538,62.03491669361004,5.316764045644348,5.503766431159231,68.91287685798999,48.41947973064638
5.591862831122302,68.6576093585204,73.77867715420174,92.65233596045225,71.74746086414395,6.325214713613571,7.563174985522967,57.17943246040659,52.9578717352827
6.219295509148017,68.96465553423728,85.14184897575116,75.31258559996436,65.5975011397121,7.199225261075964,6.183753925592495,74.19561112577445,53.3497338091191
10.890260290117833,77.24228523540175,63.231450297585354,95.50489727836322,79.67549791975424,8.348949381944937,7.146702095330018,72.92574970292617,67.65628691735886
3.2453686889592652,73.48824642760586,72.37414138397554,80.61510376332718,79.52021635784226,8.557415729843862,6.796295167248945,63.39982351065947,52.30857643948041
8.944029132980267,66.61673273039057,71.7858163404913,42.719498239244324,70.36831795475044,9.129622409904947,6.734423104762492,79.9866139903535,52.773421459387535
6.29968482797456,73.58308205827005,68.72685542794748,100.0,94.84955013783784,7.156737277095166,7.7706981680476375,85.41747382648444,60.02005983616143
6.822343836031926,73.25487066380961,67.32233386295097,59.95918248131893,67.64552680760106,7.915971010602992,7.7654560828710135,80.16064443963194,46.126523583063936
6.236695826776409,71.28152260238794,72.87441885394189,88.9376162128243,73.80568932101826,5.254646158716437,7.236215292919218,54.36335019908913,52.654225627332686
6.889453636390466,74.84210513844994,72.41288995182633,68.37510820367214,81.39162665889818,7.515857887793779,7.944821211589388,71.49468650292988,61.431629538904915
5.692629791275965,89.7845085031833,59.41886828958569,82.85526360643611,83.92054893769829,5.709683078246966,6.457662550975741,56.328526557048214,55.70812414112276
8.908100362914917,79.9923804124924,81.62155091880537,58.361295247878886,87.77576521543199,6.9249529650943,8.317903042847313,71.4483211944975,62.79124123970554
5.087057711550555,100.0,60.2833775068049,76.76042360325422,79.28496478993239,10.0,7.252561173410873,56.386949544701295,54.59329883640853
8.264469144358495,79.70508186019649,69.38119866543391,64.45533236447832,85.50912700787997,7.364265083428515,6.9196037254345235,89.15745006032179,52.15790186954208
4.711265759573954,75.09934226062748,68.45663432735938,90.10604356225844,68.3489182797206,5.963424136983606,6.546289425956422,81.74997203529763,50.831371853505615
5.879496307197426,78.04132882654866,76.2972433519106,74.14135434383813,84.18081960350382,7.489346807149486,7.2103230474399815,87.29483958013584,58.189545132489876
3.8560748954195616,80.5649197844354,46.570752717392004,81.10319697822193,84.04729150156399,6.379509776092775,9.744767108215107,85.77583135293244,55.33154196958864
6.91004744069504,82.35253957171064,82.6909177791535,37.70292379937702,90.12886674753535,5.847107064210938,7.424023475876893,65.94100432639503,53.669996088527384
8.890251913853067,98.76711325859023,63.87611582865403,66.80198248295925,58.315640077714576,9.523767440068601,6.126715756627873,63.615853847088616,52.54929166225357
5.845287640358292,69.54679535022431,86.63955953732466,73.74772289081614,65.92816884398933,8.280174431520104,8.602582880142055,96.1258574305023,58.822970157217036
5.606228602592181,86.59046058177735,66.26202090580615,71.1306086901559,83.23140969367302,7.414643949994894,6.933685877049895,67.52320524741377,53.56491924298123
3.7707660738641464,80.07750597614124,71.41387697119187,81.4562009920499,48.48635520118603,6.529812051702951,7.840510805222965,49.68129036292001,49.11529334972243
5.541414692895383,62.289022574293824,94.96543248082108,62.87734056807564,79.9200617378835,6.627052620433361,6.773207339488106,85.11200100498738,55.252241636926186
2.8144114805569447,85.70698782094763,68.67194149447597,68.68301947048482,85.59804424931367,8.85097824021298,9.036927979371804,72.15663502395581,54.06901109636906
4.174244026562345,90.67623560803905,86.8661986160815,84.53717470180989,69.2362475244956,7.367893045197482,6.791088292024844,92.58916185968474,54.91049622294344
6.453572092218271,69.4282359622257,72.46854102677472,36.098353951765006,70.69809999888088,4.0,9.177429574293043,73.64454516971273,47.9614869636122
8.638026395482793,77.9106613210803,76.98502596352188,76.25090702293677,64.25862652760097,9.905126218790604,6.240887298565457,69.6999776897993,60.36446548177128
11.618421722459006,60.746457379922965,72.8395030729365,63.32561243609025,69.78452880268597,7.219674828366742,7.148512337141424,92.89181213162036,59.61621327044488
4.826829829858198,65.41193540315663,82.1742195156015,55.2275462562493,70.07431498038243,7.4120428068817805,9.179994943088138,46.92300482444519,52.841802913454984
8.870600313290879,88.48029577617253,63.77362064576339,72.71161913986373,68.17158725534479,8.304033776121756,7.701809069737607,61.21956543095489,54.184142260604105
6.487504960803296,73.33583493992566,60.191417723769774,85.18431815532118,67.62321822215503,7.558483392773904,10.0,56.68955542217188,51.86719248460526
5.697504706507249,66.9119702506196,64.33708571547574,82.54801364077854,72.28995215111607,7.896290341260172,7.177031460914379,37.07380332140074,53.98015418733378
6.865188903452305,80.2946036445843,73.1965245158891,66.1084175673072,72.16895684343879,6.49153183916209,7.808451423552809,83.09764642024905,56.962813483500966
6.1238329673599186,72.77587568568977,69.35017457339605,80.26037349265329,93.74131899861057,5.524245611240336,9.786179126458581,61.638723790255916,58.94993252439267
6.220791451224437,73.29178342224463,80.52329851765411,80.15295057824181,71.05814856882989,7.336279337767836,5.683292139909279,83.58052062469862,54.07139912705769
5.183333674346661,85.39326025674903,87.65678039785824,66.77680221309566,78.44150216191858,8.717937582729508,5.534699960182155,75.83629736851906,51.75302641933249
3.2037806804022986,66.38266641065653,60.289939953179896,58.29687227216509,69.23117033523698,6.222636929940259,6.54539018734871,79.10713699941526,48.06298552045565
2.912749594955837,68.94634787318168,63.19261450063281,59.10672356428738,69.10404224158543,6.126371206216268,8.47604722736799,63.169007787390285,49.82789353165249
7.3064897665624535,79.54079992148868,54.76512698024575,79.72994688415392,57.95629462267378,8.465223112455925,5.568178580001673,58.53627784022427,48.74958344526136
5.446599819828573,87.69409790748205,96.36447588910924,67.40994460802233,59.28633752188907,6.45130575383069,8.216458867874424,71.34641312829581,52.92804540331136
4.807822200687667,90.3816030148985,75.65603398946192,53.353448923771765,62.93001720347,6.507328103398717,8.132048033386672,83.78752274962254,54.060565198901024
6.017011253446307,71.34938279638376,77.75762784061894,44.411920302872254,76.8369683476007,6.55222687246451,9.917268279842348,69.24426991774386,51.238949027394554
7.589864505831255,87.37376966919648,55.91749937962742,79.6456403293493,85.76173655284586,6.922022822811425,8.754581910614847,59.470955160515615,61.874710747829646
6.360727886052796,70.15857706529592,71.98596013191751,60.34510208830087,57.13335473104482,5.111634284917553,7.936860284997331,52.01472862902462,47.96311774830809
4.687890126718065,96.26209346906799,78.11097581295702,72.62542857918375,69.50923198651184,6.352791864950048,9.130959522183552,73.0624452298574,54.8632756024009
8.452585911297898,66.66228974580272,68.9669077135869,85.35589669896773,61.331092906496515,7.276441622967666,8.14668472933784,61.68898697607193,55.15098485753588
9.158371005963264,91.28478810791731,84.90846749791673,49.67505732405121,72.3572290586645,7.267885523409795,6.947915934447358,68.9238911891539,54.93678794781373
6.989113310645706,71.43513893181276,99.74197350771396,67.36807667282017,85.7576949370715,8.389591663095505,6.126473067541366,66.4183182662701,60.608293732504066
7.94732702268818,98.132464547946,60.635246074872576,65.61028195293582,70.53117598392025,9.207270666633764,6.816761275568303,63.33353537973182,56.705166879887415
8.483919993627623,83.91320728852484,59.734953048279635,73.31640025879145,74.52483027800304,8.814980135997283,7.451911350543459,74.40705341139268,59.05425847686156
8.260198632809027,67.83983470591778,61.46692721365708,85.34823997788608,89.55228396392314,8.097582860888721,7.710022086419524,78.3175612621616,59.87403763456011
7.228198354225247,72.77761520457493,91.27438992019789,49.38767459472629,79.5790093050791,6.821518491079351,4.9377652822958895,99.47918416976175,53.20220112288395
7.196694094149766,85.81181205223741,84.50826380435622,75.97717128188074,67.39908144183198,6.252317116051744,7.2365275980912065,81.36951572026769,56.86183428031625
7.0393211466930055,88.52644417615562,70.37366618647621,82.44133284991182,76.58915285835725,7.021454119010082,7.534298123459334,93.9052349421121,57.938393772613004
3.805324650905913,77.29284408275538,72.43871597281048,65.39072110460503,66.72450988597708,7.7026945237274775,8.157044933855808,57.72099442897395,53.50371519031727
7.4014463137191715,78.44658280963466,62.20147648563935,66.07574209949627,79.20482012736,7.986325357894801,9.45216105900762,45.98582843909465,57.25030661510055
3.288372057746892,85.58353032644065,82.6803258929182,73.85829116578891,80.1534015407276,7.74770288021902,7.722784242534324,69.78354616419763,54.94482867392212
4.41080108974989,79.3179842701082,67.44117811069735,72.82743909045703,61.32840299501547,6.854589434348737,6.408524548502738,82.87040866223649,48.00154392799185
8.607130135616174,65.06495140661625,68.87908152654,76.15293650313971,76.75149417385774,7.944234687810714,5.318304739678234,80.51742577239145,58.70420528782992
7.680440325388395,69.87025975359819,79.30547725835109,75.85792736961703,73.8242674200408,8.513047006100203,8.324413149734859,88.17072358489862,58.82638968691993
8.974796579371725,80.35119943151665,69.74406074300134,54.252387721380884,80.44677397172111,8.05619246088105,6.457095168627104,31.951819615221908,52.514553533527284
5.456651232625416,90.15482416497693,69.18040807802585,81.8637309678692,83.31347051019134,6.961584333803922,8.540204372593617,88.79465342326311,62.50016552294494
3.695502317446465,94.15982424162047,72.1269024663489,84.33496427066333,79.77449604124605,5.999381568992792,9.176904182595083,75.03193939644461,56.07503770688879
5.5191256058593146,85.7952942077145,81.54426496551692,70.60516051166418,71.96806646620247,5.9709190847342715,5.647110280824991,46.83979982312481,51.00250776025285
6.204062594481148,80.87290761036364,91.757916905806,47.08182570830466,84.33330020864,6.182538851689382,8.164671070510755,80.85293270093209,55.33496670968115
6.15797743268002,85.48813885982477,79.02583478695298,66.39356011599874,66.26937223689748,7.308490238409916,9.051146892407212,72.54223865249445,52.197139205332505
8.267360957513404,71.33249149793144,81.63977068349121,70.72168227716796,61.79478006630501,7.62376450426676,8.722847190336338,75.71843947867076,56.86100766930611
5.277459149993109,76.46769039741785,69.6017512547865,51.97559667098456,43.047133154392,5.302561218467164,4.984344675707453,84.98663725473043,41.8087536948969
6.704068943605849,69.75869278660524,63.5064256419754,62.958067109921814,74.29859048262846,6.395205869963739,6.4756175462475545,76.45413052646073,49.921090491830576
4.022745701130788,65.51257389292289,79.84783478682138,48.26882857418042,66.78453560506564,7.291942558366473,5.963783393099492,47.90762352295472,43.84093227897211
6.900634556087626,81.33549011636205,74.05488989520686,76.50209114981021,78.9775447607535,5.920384107882877,8.128167306176461,67.85460595325637,55.51016270610177
6.006217100371273,79.85513306584744,54.92845621500301,70.32337440862872,55.28772605955632,7.520684983671526,7.9959919481825965,45.73532243723662,46.48599477992472
4.500373323430965,84.87652484509013,68.06316451889282,44.95903569260058,68.528214491005,6.631086050900121,4.26252974647125,79.73592820838338,46.61304667536704
5.528341275650295,83.46111830892447,71.00523571822136,72.92050806214773,79.70269905864485,6.131895673996892,7.13900205440659,90.96955362376059,55.22599594326564
5.631648506969556,80.42644271323861,65.87450559565825,67.20887473653592,64.70163853651019,7.063846518938677,8.460863796409328,51.37822056171511,51.04680828050458
5.459689741325808,83.56616665677555,89.78082713450553,75.22979995856167,79.09256748612862,7.470736395494921,7.677571189468947,59.92804359201384,62.461071701365626
9.542682484535367,77.57316903772524,77.7580684428266,62.518545927424015,69.42977404931959,5.981765302876087,7.675520303399834,56.76446018316747,54.62696150316439
5.803107995384241,82.12891395222401,88.47809901466377,56.77928838959766,74.67191690220002,6.708865144223143,7.062007575937547,63.19142092092495,54.711053210110435
5.512207779645324,70.7385559731364,75.16110313982591,57.20817522959071,80.95158006416855,7.56121405276853,6.229270870710386,76.18634737298302,53.65495704621783
1.8050980847797167,81.6970592563913,72.97665403710093,60.46561696832234,84.52797023115313,6.085491780019879,7.479533011331419,63.353963168482615,49.95638650872471
4.211585296041045,84.68417685286009,60.76082618867701,68.26355135213466,75.92492411320607,5.010691791491318,7.5625121414821495,79.78795259048538,52.03361048839684
5.473853151087294,71.30318571927796,72.1431543983588,70.07141851594709,66.85989705121256,5.156111385172295,8.238305424399547,85.98069655113963,52.55248693793124
4.628294647646714,78.51832098992847,72.15664710810528,65.32992171068656,70.4196113762035,6.498338963131636,8.335799909154554,86.52638891993915,53.306345000598924
8.763415186755594,71.7639749037064,55.5946333915892,62.073526314048735,81.36955363086958,5.417898068433834,7.60303370299589,53.22728356945528,51.326761395831
5.670124449207563,72.73493303483885,65.52567036275526,63.08035424792325,64.78746416517393,6.582733725788505,8.813890037501798,90.78893416709084,50.894762621749365
8.576888498636505,66.75070644897845,68.12060881780366,100.0,73.21933403359795,8.997931421407214,7.050090398237075,91.99108427314358,60.38085113974747
6.123409268100736,90.65774925166555,76.96175452866866,57.20984787902508,71.14115901638525,5.345681934773582,5.76717051614432,93.29019896855753,48.11853190316426
6.074455672843153,88.65685174720048,77.53620134382848,60.18839188035331,73.96638216681035,6.660874178226759,8.072464403301847,67.63277770423457,57.677899482040274
5.822407104574998,83.37433854227336,65.02417821641754,100.0,64.90717470750623,9.558765465125662,7.651655465267106,58.722362900345836,61.31668940732238
6.007592503242918,97.72195951943814,77.62643523050262,73.89418623444773,56.48055647787888,7.489756099570852,8.096317818815836,55.236382127798734,54.087950578948586
9.437590006099718,76.10754303431608,69.8150528478178,48.68027067734826,80.20742615959644,6.558732055029281,5.982658382060487,53.47330170137771,53.84767915979393
1.3607785464975635,100.0,37.56455970174052,79.79762085568169,84.64131423488648,6.811740838576914,9.648955306333253,70.17535609997303,54.69103934629802
1.9969085111226423,75.7247058463678,66.18357561658149,55.25945555118393,57.07825042501844,7.515235010071933,8.35260289639637,82.71777784735637,43.21592734464133
4.913658337887773,80.55193351756016,84.94786368170854,80.72686110927135,78.68926160926216,9.034926316752928,7.154403730801048,89.59837661481016,60.37363327928647
6.029055763875138,74.02222086059791,51.818330920467844,65.04652808881046,85.83182914845176,6.362975671027309,6.377456224842426,62.71664325456473,49.93426936422317
7.3802088495280245,81.72325560060305,73.35229440498648,61.842858107148295,80.95911046762323,6.090867660534061,8.792584092518698,69.41967599379566,61.44570507614747
6.946174396054951,86.35614927886245,91.02313457022345,90.52830956358616,70.83329821323933,5.3454295206637275,6.177876261523372,68.43718669897831,57.64094181351253
5.23150817423886,76.86083606946916,62.87264456387423,75.92961893722944,65.56503630249242,7.123715239011765,10.0,60.470796252022915,55.108706921046526
8.038087386483525,95.76719847117621,72.02578896513224,81.6218521242889,75.8097807934999,5.313175156218504,6.764154072120803,81.03624294640929,57.99954482301551
8.060390806305461,80.39149284633461,56.35180491326494,74.08887551327925,77.47785058846881,6.443460850213847,9.564606257526734,75.44272369934838,62.01398294659475
6.368115662543131,80.704853861102,91.52677369996286,61.77777666689662,75.95807511155898,5.909579870667577,7.2786314579127405,72.12734762679409,54.17554040226714
7.925315144973682,68.91002305486282,71.00000847604063,76.55896188361491,73.19865369882434,8.288948212280927,9.39689605058437,75.37458158793888,60.45800868480546
6.545290526864258,82.18499074550384,72.55952211352822,84.92901549758244,64.17348275877242,6.389924335159833,6.618157791808181,79.23176871936225,56.19500394686915
4.877033946434233,76.65972779190635,88.25160558606747,69.88633260924574,79.22688291308852,7.476316393606739,7.52260365425604,79.08155528695582,56.974593286174965
7.395633678000009,71.91760270662714,79.93774073574578,93.22299646085108,79.70854494413524,5.075089597973724,8.46569919620468,57.422650658172145,59.50902091435633
6.2212262451573555,70.23525591851636,61.492455210039125,79.90682084482673,77.00822125461671,7.1578083453434145,8.294492564034988,83.44492823114419,53.96249915523272
6.0026796935089735,100.0,64.23266491095221,70.96775569680257,76.10993645071257,5.5562076329671015,8.82091420038946,73.8304917652084,50.11105418557977
8.945907144379149,75.36522749820965,77.93917565427958,71.52081143424945,91.79249487746105,6.489221800084169,6.915033462238123,63.480757075296026,61.43366129674167
1.098255742919827,63.43014579218732,64.51054733924472,69.92131980554674,68.75621215426604,9.65344308910747,7.601770047419773,73.51344537169255,46.620910549284055
3.1646316596808606,71.01778540267428,46.593080254553676,50.48265700167012,87.81435097456657,8.11860925268906,8.998066291197686,75.1671621508758,51.90910072722871
3.62585914725126,77.48432160523787,71.36111041633107,66.73898925867952,67.65975530778162,6.845904900602432,6.653693397937258,86.22675500746186,51.04584381822648
5.273478704862389,83.46667032616485,54.23744806650229,71.09661079477634,86.08950572956428,10.0,8.187049273342081,54.3076655727223,57.202510361219744
5.490783660467939,83.54796521725314,91.39538104276471,62.174808302268595,87.33367550080544,5.901790371552019,7.2370077122667,89.8747653048129,59.37761629688259
2.985348704453905,84.76614551776525,74.12145165315783,72.72747826186573,72.06948796598117,8.398259658490433,7.747048927899127,70.34749534464741,47.08320459910027
4.029683935378348,71.5513969336267,61.13789931907709,68.29830486497156,91.60963054060834,5.160790651783463,7.601460259697338,62.40770123877102,53.25028159820802
4.278316642952859,81.40440443501545,63.61641102405056,78.83168647538275,79.69035886746089,6.707292690822463,6.554060219058043,61.94862850214298,51.60602769345202
10.914848184151783,69.23940535889422,49.32722894551296,77.28357333492023,66.22727558859432,5.382652299783327,7.187168169453063,54.97948362486131,55.75219706451511
9.603483895494293,71.80357016985988,58.806457358633956,70.34014602618778,71.25843405610792,7.30873109810905,7.673918702492047,43.88627674364886,54.89006805300488
5.176501164630701,68.82291025499741,84.19587843048839,48.85901952177203,86.32762306106652,7.067164304294508,7.376731201545446,80.16099820538805,54.649310132445414
5.272833419386402,66.1161114540173,98.7814337459087,93.07011834153639,84.23064701876649,6.630802240979702,9.387283139753087,99.71329600632947,62.431736492072666
3.7015920056234117,88.64209488858009,80.7167581583875,66.013526020004,64.4195959862071,8.310468430151568,8.711946668179634,45.73576976746277,49.61091235925589
2.1837391735494665,84.88611700978888,70.89548953654764,66.86758964826815,73.60742687809503,6.319481232396652,7.847976598192196,55.743581261044625,48.59112086997616
5.766239627182952,87.7666536997813,66.816487492153,63.20470811820857,77.03522982776512,7.392222097368789,6.584224580736597,81.27374783718,49.30777819298768
4.004296033511949,78.39313066024296,60.522050237083654,61.16223681508249,69.92395410924391,7.984665928325606,6.511172289722456,69.31544636992865,47.066318583508085
5.83029893667598,85.76807698865147,96.71719079207688,89.61681267200734,98.5779972337472,5.22013454932458,9.868573242336492,82.51628863412724,62.357359489457096
2.799588301913045,60.38710595357455,69.73501557762751,87.40462048540512,77.33663743405326,6.101902789990739,6.288137476713366,68.47419215276744,47.4637216122892
4.476051083379485,86.63087518045356,97.38755796075006,74.22150765008739,74.38187809096951,7.0646331607790005,7.636631541780629,61.29058751100433,56.60343948071526
6.297254190605662,79.7711983000503,88.72223411532073,66.49499783796985,86.9085104425809,7.7561841033139824,7.933138457218416,66.61236833990303,59.38576637013515
6.732419195567875,84.27109600149166,51.11044282384472,76.66765179019254,71.34786465161164,8.70548531910584,7.1264116182200326,34.268658666160555,51.422043340741446
6.834943917484029,81.80023299048614,64.0085712508885,69.03315774477122,85.07427610617323,6.7409442415264955,6.297355482507169,52.84773481527303,52.480812499747515
3.3590220316859254,68.12944845463113,63.97145850991413,65.33687914347662,58.32267604417015,6.620234748820139,6.5581240331922155,84.22419061328053,44.299492223812564
7.709371460271123,63.01960224608953,71.04184363073112,72.73348290108862,70.46345953754434,5.9528847637436035,6.844193997235166,87.87849766268266,53.20286350213854
4.399576606796299,70.87945833817037,71.27622896263496,61.82379154276377,85.49070418377246,7.39598091061244,6.648608557082665,91.09249082638473,51.15893668478986
7.265715829214613,83.64917281272912,100.0,71.53169969604805,90.70197720589671,6.64345891156229,9.093264471817117,76.61304019672049,62.88888135778149
5.978722646763614,84.90091415175395,59.073265506302896,70.8590929587029,67.26704286994007,6.671161284609138,7.489048807832845,36.15896688570595,46.52625143053871
3.2472250018441042,64.32057722618137,74.74763922797268,76.44110429761093,66.10178363781351,6.88733379293379,6.871438678622866,60.474902062192875,50.66775094012363
5.367604590837624,68.18900632531785,79.39809290961364,59.332082595341475,80.6744643037046,7.661953674508407,7.6283496526406465,89.86983514822948,53.04738988831994
6.730727484127535,70.7676431405916,71.98113594636965,77.94190894027157,68.76966105082288,6.323523336184887,8.301547086353898,94.34581358025329,56.750570147932024
7.225930760949198,74.42694939733184,73.3221669333763,55.31163909869293,72.31422082244606,6.073410293309314,7.086456352730904,90.43971614510865,54.99361306789012
5.7180242051111625,64.37949169147348,59.462293268320956,59.98406687730266,83.76405024737159,7.5180690233609235,8.582377554211098,66.456213028453,52.854273941307596
9.063557781202105,63.779482338598676,73.27783433523219,60.59504917195958,69.55897818385988,4.0,5.974623870772129,50.40136200138152,52.02234474483857
8.015021541973118,69.78164703592446,78.13678795409247,52.991275186768505,55.34574248464314,6.275586191605978,8.905564358539696,69.39052615062278,46.56249117593273
5.486691767200495,78.86253836225006,75.93120701125355,82.21927196739928,61.98915564394119,5.618428600711163,7.489257192273335,70.22210527345393,52.023274272261155
7.500243624273889,66.1940566024651,78.8424108469451,54.43326533334284,75.0995558572028,8.443909867620146,7.4423851778979255,93.48347230137179,57.3298479650791
9.867586970376374,76.84196490028233,88.95129480763478,58.21517127630659,56.36576851527116,6.470880684948524,6.668382810642177,73.41686950183318,55.24231242130226
9.920969201566054,88.58552816141815,83.2435985029721,85.575707946813,72.0283958270268,6.327140661679323,6.026579843383904,70.25021768321157,64.11944669027767
3.544000238355005,64.9822026258649,72.85553536196925,60.011842174048894,61.07903483756008,6.941653017696071,5.49999367702153,71.10242722215187,49.494272879321635
4.146933777685699,75.9355424158946,57.938899777400664,65.36600240806665,91.39939006865598,6.285553085842103,6.584667997260256,75.9978824464403,52.52051309572742
8.969837573467702,88.24756733750772,64.79993670346657,53.8315939871685,96.65142594765672,6.516822210215758,8.205207864722823,79.39660129092353,58.296468048429226
3.8834378983247255,73.8173160963619,69.36442617699102,79.66131690671759,64.41802897657931,7.116532492507796,6.346465893234406,59.13193848973006,47.39104913969145
3.354917733416642,72.2633030914158,75.02814997609737,79.8543074186749,77.56758680037917,6.493551478592479,5.641862177130829,54.135694080616474,49.56665849397949
5.027611738601906,89.63495814306474,66.26000686200726,78.34524265772825,65.39596268003147,6.4849390572735555,6.409121626994656,90.55837782107048,52.13491743830801
6.8404534189491715,74.93797921028452,60.77120160978778,75.52541759471521,71.90684397945489,5.78781079154643,7.0382000189948215,45.38438058346475,49.98475115679786
5.795206586777807,89.04495025205568,57.74161573055596,69.03024755427268,93.03469327955806,5.615459511375363,7.0853985328051765,94.56621188807159,54.239757600774865
4.6988727591888155,82.28965391127198,52.18586689133363,60.65872666286822,70.33311452273514,7.0727642771083366,7.345328510108683,41.3398195411945,48.1450100224971
4.651575076550982,74.57155347090163,69.18059155470517,56.59042970667571,72.13962537762886,7.367920611742987,8.739127615262253,61.231883007534684,54.41043909508869
4.575325871174583,82.7969053059753,54.36401469515634,86.05867737466339,65.57470732772303,5.2862120274592606,8.999105325709786,84.57780955875171,55.29855879307382
4.240980742682115,81.20449513846037,59.99369179011129,78.70725980417225,86.46189377664864,7.911929698457017,9.906555006467187,70.00512833617411,55.87313281831338
10.563265754552123,88.20882821002473,67.27317752586836,58.293740819194056,42.367332974759734,7.916857167789697,5.5501112199617175,50.25284794357239,51.619670762134085
6.59502214237111,72.51654462134981,55.9689922873028,68.55764475512389,70.57202678468379,8.169626965934349,6.472939295596398,76.39642231188994,52.08663204819526
7.773518108809477,78.41206066781619,76.55702626198436,63.79838869820981,74.54113905864541,7.359866901688717,8.338182188471706,71.00506512700721,56.01958477475795
5.021845063762153,77.38484320395362,80.88267676326825,52.205050120119495,68.38922670149086,7.764498520346795,6.95516254136997,66.75927567337033,50.0080755999643
5.628086645627902,85.04148141639784,65.40687576269522,70.48711927269824,83.63545507731168,9.622031013493986,8.532943763819079,60.64116563825638,55.7582121445767
4.57289203725929,67.74820805555824,66.75567230867998,62.18310270065126,87.02027283970475,6.638174078947248,7.748536116137792,69.480910007041,53.63288636023553
1.0,88.16977048237857,78.44915724166893,54.6644866718604,60.87960487120485,5.745170198932533,9.395045052044159,61.27117582071467,47.61280203019025
3.2439814463042675,82.66328772170417,63.43205883318385,47.29214424201533,95.93486653770805,5.159128140134246,8.751259336719222,100.0,51.46712330996849
2.3787626400392106,64.83074926367054,62.60719306083246,46.1067509971206,60.767411756464845,9.10680871627878,8.773219951870779,66.39974272274841,42.88201331557481
1.5004324440967851,90.082628254805,86.35798173823548,62.800034212275044,87.88630681675842,9.122544710438389,7.005754069567565,64.39364569271333,54.35027342785071
3.6092820514037944,100.0,82.61025286455344,66.80867041405118,76.49827698535694,5.8904803096789236,7.3830469848380735,61.87545781768317,54.66286601137556
8.649911358763262,88.01833969549408,79.21860002812703,55.74578865772757,69.96298902886186,6.127215024785732,7.133695850919173,96.6542626425729,55.424467942806835
5.911127664591291,92.26984767226469,83.10773545672912,77.11035198720118,70.90633070324164,6.611210754962594,5.692929427620112,45.4139968315665,51.12908008927749
8.581127524642348,78.85371381602589,48.27265529559165,67.08234841503852,74.66487209339687,8.46910824657518,9.26612310659464,75.39148632849127,58.38073147783765
6.8219651538017505,61.384950802614895,88.24602656151728,76.0763943483811,77.08417861863782,5.455237361823627,8.394464770611854,66.41065042185393,58.72438022195877
7.5651176514303184,59.55879548832475,76.7047453990049,65.43924893737208,65.79845648628475,4.64005657013335,7.085967451102874,48.648998430369815,45.480010575813786
4.19820600939085,80.55082043867759,84.12937660806882,56.98035310710052,72.6606004232161,9.601017371874594,9.065511008951967,57.71385508205326,56.39796857729268
7.047901908385342,72.0802119227002,76.64594134939635,69.5976459959406,67.29327177072405,7.374847944304091,6.743558823903413,74.75430990858749,53.01254029980738
7.4574284681486915,68.85423721672649,72.58709789616188,50.32255683174348,62.84950472926127,7.545295967102273,5.294238637853669,57.03410170515868,48.14062806394831
4.846705415532615,77.37253316031325,68.69628945165535,75.55213928891307,66.82688297542103,6.753872793760008,8.708843703472338,73.89345892330064,55.67588057419279
7.119080741232333,84.15585287861288,76.40573252263447,54.87991110881613,63.500253673045606,7.5589419084616285,5.965727720260803,95.93729843029527,56.2442470079563
7.132375517149666,63.472424532378525,68.25902509314537,80.85525537146829,70.79845087249481,5.182952939990817,7.26506944125122,72.55901015826004,55.78885142304144
4.9008947577398345,73.51122379719615,82.41451320078134,63.2616195526132,79.32474905468416,5.990895319767724,7.747347648940512,48.19731282213256,52.775617359731605
3.75446313545801,93.09870683120315,52.9625202653736,82.87546922833884,76.20710354177962,7.126189461427126,7.962558413686514,57.29805607229665,49.578895720881135
3.6317433362034555,67.24711619778626,65.50108965846867,52.283275359763586,94.74344776660651,4.27493092851971,8.518081267444556,65.71891391882107,45.952741319735345
6.1730110838429235,86.69761187164957,96.53787898171976,58.511224189796515,52.89546986280083,6.636978863422925,8.197021711521014,64.71647321508011,54.71538064151829
6.654019737578629,73.15269238451006,64.48703443713129,73.33308925587998,79.69340966214189,6.563002755598712,8.159871031874433,72.28020767673877,58.09629526543161
4.414948339084171,83.45793759849953,69.13579532323827,84.38695930797456,75.06420238524352,6.636771721659566,6.55109786153221,74.68664413117101,52.1433633743506
6.053170682652198,88.97327507202867,61.40902879979909,91.33252471640891,83.15670342371968,6.338701830614823,7.853092268721189,95.95791932678289,58.795895334160996
7.141074072276971,85.41281766985021,76.03014807462989,68.57912629153222,82.16465204310408,5.804929688950604,5.6933400359398725,69.94420502368159,53.86104064686241
7.236381429330602,87.09159602213876,63.16482131829366,93.72843883101459,73.35008249864823,4.813561779674896,9.374565238143395,52.71708329686135,56.30142385301237
9.103760240244977,66.48406466592044,69.77266878231539,63.94469630244397,76.72651284856755,7.1736964566008945,5.816922211418132,87.3070919537285,57.14390081973042
8.553961664396088,89.13659706741299,82.18639843242084,83.38274671308162,67.55930787081516,6.639851215844508,7.084272193492386,88.94536865171536,60.08571500030794
3.997417134486912,69.4730688536518,63.61483897422221,54.809466042569724,81.13679979354454,5.349662144117587,5.917350913167859,73.48664641008953,47.20358341723946
9.367172419076045,80.59541765571538,81.46333343118265,73.88280709608556,56.21123947877299,7.075040095400524,6.623800456961217,66.30408407186557,61.03322382290867
4.93804699088857,80.58246186997226,81.86675178672428,35.21629742800976,82.76826438649317,6.646059765912753,7.516114098518461,79.33819603823592,47.98897229470122
8.089745624908854,82.85122558869581,84.65947313663153,52.297725836856266,74.7682655576389,6.446771258005462,6.865490281780798,66.83380279480706,55.63213731483496
6.135973252102177,81.3695667606019,73.68649193901648,74.53347517313071,70.12937962168911,4.41172613583106,8.873095509774746,39.164366068337735,50.546001024543706
5.175701243086065,69.56190021475277,100.0,49.62585606919267,72.67466800553274,7.819321014769471,7.772281219155356,78.45211424458701,53.21321250145288
2.3846062804501345,64.50132587704283,84.65440435850499,73.97729455104859,73.40803765411619,5.520338751869044,6.944508324925689,83.38377215461867,51.406674736308425
5.656870979567303,86.72348679961769,75.89853149288192,80.6904136913731,87.97303760480501,7.07592430580949,7.339701684031144,91.61630845568993,61.35701264279175
2.881233529388782,79.85834577518915,61.48890703101918,60.98151730194411,100.0,6.0300778678807685,8.963640548467122,59.03862335571153,52.51863266139788
7.934598471685545,89.49376840957818,70.83529048951031,54.43465862056123,87.19870824150382,6.533528178942418,8.590645059941359,73.3924797379191,56.45417458217358
9.033585314278497,77.55267065812131,89.1159237228004,61.361387378033655,69.34674214110244,8.382750990099893,6.133474927181506,73.71699336779474,55.53748982572242
4.406178021406619,63.9483563932304,92.51441538751523,54.4786275314214,81.29781824285278,7.637941840964048,6.683217943032474,71.28073839555722,49.79252710504049
6.6039414850385425,87.66129681004107,89.73994920528276,66.58301018777715,81.73329166057484,8.356047935547364,8.069747782421246,71.72284057429323,60.446424123140574
4.549216955984049,74.29629390338893,81.42230768075544,69.42926874843315,65.7483927755278,7.396462593545888,7.924039903232448,70.5570402306545,53.05546382407947
4.743030539726421,81.4200345742102,56.932077524453135,63.71585827664468,62.392007027793184,7.475372301208937,6.239542150321485,73.17624102374225,48.8614148261887
7.548989407730742,71.52540571520481,77.84594181390804,91.4410293626155,74.36719071083212,4.862633199728586,8.398951907167948,81.1102155099303,58.76754258930121
5.922923476313175,94.44301710233691,57.10317146336403,57.92834652438235,83.07707602701434,6.618970007360135,6.430951031776325,88.30431286876474,52.76358139615659
9.479296083862023,69.23435175816803,54.1503456794309,87.48006450957438,58.88191732398572,6.73010928178167,9.06459212862761,58.65501368959543,57.46727677780911
5.035535042594158,74.62570245893825,74.86990421492686,53.42265069163041,67.79102132345594,8.46839778442237,8.135338987499546,67.41547967817726,52.99633798610502
7.9986726649489786,79.07448702697316,78.278393367237,69.01888597918169,80.72651708990406,6.392524806511686,6.141690659225135,63.66087820168514,58.928486117600926
6.194826825915564,67.07817672913042,82.84052518176966,84.56347571967297,75.4172361327058,7.317831410867347,6.865107958243906,61.51491464199913,56.54325140405368
7.591556019488467,81.30519528587595,77.96563488463313,83.83900013154646,89.16273620598996,7.270908811701703,6.844247262565651,45.7595287704096,61.84497712311777
5.1056846853401066,94.1191047746749,78.37903182891299,62.11638943219671,60.886325459236566,8.389210192336872,7.691852065562797,70.36333683779444,51.642084555253426
5.900882324896835,73.0953783930629,60.184168980091485,75.77097608099884,98.52164933449455,6.839507101232639,7.255227722385012,77.18980554317932,56.367444733042994
5.769002241402131,81.95142819031726,70.740279783784,73.89650717129916,59.6200755643042,7.9933443384317755,6.12541330394186,67.67350372151692,53.87593351578917
4.327885770308425,50.50564613961444,53.91459857238615,60.440851499701644,54.70836281171739,4.95416183903497,5.826889024532909,69.86563155404372,43.43560596183146
7.324163069163506,77.6107079951516,47.95957044719765,76.62329912007304,74.41087220502693,5.06317668046727,8.158828001277433,76.27655391863698,52.76195789971372
7.300498011156728,74.86957714073795,80.88771251811689,94.07489040873321,63.65541071753991,4.259986786450568,7.8434842374769955,91.16679542745447,55.47104283579521
7.187109389811133,69.81502397589615,62.962507274508496,74.60380931087683,74.61244335955121,7.9431819701599995,7.626645068646038,63.70353205715446,53.58370790663804
9.07393130783529,88.81450469628533,82.46998202571665,75.9289893069894,74.26273121045334,7.808400325346483,7.824878230752553,52.42581828499166,57.600399430287354
8.898689602472608,74.73756318376172,85.30017093456047,77.41016969480991,73.04225787892568,8.076193088679139,6.757297022969958,68.6433977950958,62.20310851721522
5.250110620301729,76.22522512906413,64.56819210452163,47.54632749702803,66.57588967803221,6.187165797152568,7.720790829330173,98.25341895054919,51.07547229480278
6.746104636868356,74.22807125210929,79.08373313466359,74.44314542488804,79.3265615257969,6.3237428109584,10.0,52.586491623574176,55.57327086406336
4.752798621483574,58.83184128234923,64.0661192566363,53.765365952260616,71.8266288523283,6.854742828805227,8.90948054489657,79.75203543370426,46.93042593841802
6.046710632229111,66.6801355992304,49.84945350447811,59.741582830230804,86.03664870754764,8.732439163537187,7.153909858848196,87.36869843927671,50.476898848044115
4.80050110176227,87.61093486120217,73.47971285330951,98.26718493663904,73.19627747471694,9.032593753146461,6.871953903478512,34.5169867090861,54.44693433206731
9.240140618272102,56.90049353120028,66.34951344341087,64.45433746477666,65.3535257713341,7.952570187809635,4.06747272301012,76.15333785412727,49.776449689812786
6.727396300685926,70.33684650384295,66.71893187295441,57.63756253988082,58.12289448156615,7.397223669764201,8.782432983581637,79.05115955609642,53.279304399185854
5.563941743791156,74.00279943710237,95.70411741414631,84.13615610461949,73.27890568551629,8.60245923724015,8.443926424529776,65.98997197930218,56.55914895264127
8.387237143712754,95.43621867291566,53.68971620720794,54.732521960206725,62.30795428637377,6.69298905142053,6.847406436868209,60.30342158365424,55.43944678655255
1.6587691804091769,85.68603765496368,76.59445362445766,61.73613198134452,61.50038145995222,6.5308701634212465,5.781950780547447,61.140064712140294,43.721875348749464
1.9717948102694205,72.428294729469,60.06231315426298,85.48673035180633,80.27457309146988,6.845173455263427,6.113679068172329,65.07147256186568,46.810218084925985
7.591677310439548,91.04513697115551,82.89913691120789,68.59874591431144,57.22329938836609,5.825542756696507,8.033277434975307,65.46855952468334,58.328239509819426
6.120936896234736,70.59484179498881,75.58117483410079,46.137641368228586,89.12193378332913,6.7899887627540645,7.392791119604983,62.63834435864849,55.33641027565511
6.500892600521521,88.09099803734006,76.55213219016736,75.61585460051667,76.5971638439554,5.659110347459272,8.329910421128737,64.83287120976331,56.30876782419763
3.3472077933629025,64.41122754076984,60.661324588772885,62.44947765134888,74.56157368975039,8.230009382679494,7.60373176604182,87.86187735769943,50.457260600745606
5.953532578299267,88.73257831789158,62.812945040540114,89.55792081142343,64.65234059449413,7.6524248692396215,8.66011059853978,51.78356831627298,55.924942605309155
10.007018820802685,73.93866354529014,83.12700608815064,59.51338273312213,82.64372296342938,8.71547487705739,7.943490168470697,43.764123650926145,58.222720748024656
7.6483992395917255,67.7149575905873,93.24957266073075,82.71716363216296,74.97095066402605,5.044860636502973,8.494554456192818,88.10177660851473,56.94034902897668
6.339413090285624,75.82856386923686,77.76369380669024,92.85977245312,68.13903357259198,9.282036336306486,4.992379906893675,67.11973360989127,49.78724074379959
5.121892179790125,80.77344179720215,61.23095135074281,56.086794866638016,76.9982469665159,5.113029503447872,6.018785315403048,64.17651561276196,46.48543397792384
5.210854296261212,73.05251569474288,76.06726226954481,65.2950177093853,58.1721454456062,5.562030309900154,7.062777996134847,68.33174314400996,53.1726995812904
1.7416042215999648,83.53953505995324,100.0,73.4407538380223,58.646728684508616,6.255014143764292,8.79548254188029,73.1391505116869,56.80388700473085
6.515280841842321,72.17006116335932,73.22907372862694,55.997159464241555,63.798139146989215,8.569264830363839,9.756635671281288,62.139231593224515,51.82809850331251
7.690966216963708,84.20372393931358,89.54209031272319,71.78412925390963,78.49527267609714,7.270688196674288,7.302917061135746,77.58896691470954,57.00698441751004
2.8487613456587697,82.42222062036599,63.11604760993546,64.85111597491611,74.96741678193868,6.707404899374114,6.766103923334184,55.56606139286656,48.9135951904147
4.677166215386368,77.39076945292065,71.49496738036336,64.56905399769289,85.48979265555752,6.0488470784258075,5.154037746890636,65.47260733226221,52.09932766840576
3.685070735533156,73.5861768763405,79.43478247350652,68.68513749791356,65.80010147831423,5.348877819207161,8.536276516887797,36.77955617072871,50.532486371222625
4.069297610382473,79.51540795765266,76.76793969915437,68.9977060180999,80.74667840481342,8.359152788431613,6.839771309766627,87.58355702295663,48.853544019062596
6.1069632536438005,83.50253743033699,62.80333583866607,70.29433076706457,73.86129447604719,7.958367113258367,10.0,67.35868455160556,62.78340284412537
1.8311956900230513,98.6179915273161,62.285790514432804,59.61643116360502,65.56954805259072,8.62294045251082,6.612715295958584,80.05156137605738,50.858704205063006
7.228540876714128,87.39420421798181,83.8594128372319,60.22759585910345,78.85307670712919,7.476181752377349,10.0,77.14861876399375,58.6678220282191
7.507710139867364,87.75989949815842,86.29860975180173,66.33977375645237,74.33988141754767,4.0,8.39804086030496,78.24720670556982,55.64613429674733
5.497794823926175,100.0,90.14572269746304,67.37339302269886,68.70880805854601,5.5065004807822575,6.26608272081436,69.88336707138481,56.72672856844306
1.0385829800309168,83.15958476767844,93.64716579903441,61.856109240747365,75.41999087144092,7.5578455670160505,7.778572546372304,75.82341089108762,53.19772802928059
4.0071627479952205,82.84643511311702,73.61543323587115,72.53515498920426,73.70469614062608,6.556339569716776,8.425656631860559,55.58073381082083,52.92245970995145
8.465803868205393,85.04015074321654,68.26560906922089,42.59333551854725,73.46311931482498,6.329389639686248,7.2296973689801005,52.43232165655401,52.02538558915982
1.0,67.91034022411748,88.21189126534162,57.77347237527468,70.87406850089201,5.676127882132565,8.50557925266276,68.48341099742117,48.145525456198925
5.304953175612962,73.56098363581243,80.55683138221904,64.08101043316003,61.950514611063625,8.137107480897448,8.479148591218392,59.80335429406351,52.66133717628745
3.639998443065482,72.93830733307666,60.2105368959889,56.01438738157153,75.74765415894872,7.547431164897169,8.215606200712958,91.3819625987414,51.90963975454684
7.609140603169673,84.47613977219562,59.59637201377306,90.80877220732448,66.97285626278585,7.601429467489747,7.480231958342993,75.62716643960665,57.428916438691964
4.649772095713077,76.258254377788,77.9031624162757,68.26406585414932,64.79671132355932,6.239677301457931,6.090071892832648,59.25277914819191,50.08122888211146
6.807908041471223,79.38223425474303,69.872704062192,70.47477549516265,72.59300155897392,7.211545310679772,7.407857549429719,65.9268934224163,57.22803871490774
7.130920838338186,88.87454620148465,71.68284054311162,61.23477008848355,82.34026544172178,5.394682088564223,7.711277596459012,71.99509872982149,51.91791620674232
9.672451679460039,86.63150738704138,84.87040037652234,67.77909511477854,76.85613507690981,6.844206422984568,5.248738954754611,68.97995565776624,55.727649607798114
5.594116112649259,76.38278996958753,81.10844573982043,50.98645149976173,69.68857791642411,4.0,7.703082379189612,74.07619049401397,50.4493991578111
6.752088739245223,71.30004903121778,87.95847898102119,65.62256149466897,69.28653942132142,5.118260633038534,7.383838482227828,71.02981816693462,52.05664606138864
3.029889041745128,89.35274731653189,48.8215667235196,54.88188199965942,81.35813262188768,6.613225786897586,5.944048715058055,49.1401487729488,45.08868126230051
8.380827126587487,85.73891180909865,75.04077500665441,64.11634981341372,51.0326423055276,9.850141775529918,7.100392331169892,37.73643148744134,54.399582814049104
4.47898230385727,61.937431817046175,80.33626226876649,32.16116807176504,82.97364989199481,4.839108311890163,7.125784383798841,64.39586432662014,46.618292352480914
4.878491671824509,74.8684606109172,53.68096971974779,52.207955081790644,56.25984225069661,5.507703288952165,9.816113440192103,78.40739057647536,42.88403570452125
5.955504410301579,79.65515462016762,64.14125230428033,88.49496966320066,60.8459209167702,7.260129756031372,7.76414201541284,64.56446448154631,52.519727032643424
2.874231309320301,85.78829717121032,61.914178052052975,79.62556848750559,69.85734168736775,9.123307487217524,8.743254301577519,88.54846170107838,54.0725117121429
6.457540057857876,87.10101494939771,72.26037805271899,86.46655070281324,96.70124142930845,7.242606996385688,7.358621634611222,69.29669951051652,60.90791507901879
7.934932545850021,80.83906001175474,91.53424762432877,87.42809777539293,91.77419360014267,7.842570222764987,5.2513001797979,90.35794096377968,64.09245068945442
6.585867646994583,83.85247531358856,96.27107285597882,77.42182393830268,82.06487755797136,6.594875499188228,8.306810218585948,87.27855158896458,62.43442329475863
2.82220487164255,78.64136802378154,62.228549363120614,61.65983840469211,78.5654237829545,6.387254093272748,6.71017592449495,85.769302977617,49.15415862599129
5.752381411340681,71.26148311819439,78.3186870059229,53.478486752281285,56.37723031987525,7.098621222481308,7.0972798440145075,51.947325486895,44.7316177897678
7.484057805958981,75.38735608958746,78.70557422570778,84.05442447629575,76.56758162880699,6.210052731248675,6.236434501061435,70.25711001959803,55.749088822052414
2.2440224680681844,78.18991186640108,76.65150925817697,68.90395164142346,69.50778481440028,7.869123206461294,7.587321436705632,88.34160231223471,50.074365095317404
3.850467972364572,77.6532074998141,76.78775561687081,100.0,66.83330666377279,5.0724737212652995,8.778214033946943,74.08517087137058,55.2684433002199
7.7530872081630395,59.14427095556529,75.64491002941594,62.88862833584944,76.54803089974659,8.0679844390802,8.619285730169551,78.31539857498451,57.065710173729485
6.540190868394573,74.02516665070569,92.25084144967704,95.62054196692672,70.28889990553301,7.047175614763303,9.403427409342196,49.18169042326568,60.564148218448736
6.8239431642535076,78.56205653089152,85.22959817241669,65.80491493025943,83.6929954596885,6.742334957678964,9.573551349544934,98.781848959121,62.150268080121556
9.718989615246624,75.18630008094298,59.2781532288208,86.7046803616218,55.640452323873326,5.028418527776294,5.044950923690132,58.129383961518755,50.65244114379179
6.937105557012405,75.53176204488415,81.5486529705666,91.75368432125437,75.75011422345982,5.824253593602556,6.067655326885042,40.083622873747046,59.01307174949149
7.315776020866359,82.87991370804588,82.70848049413743,53.678701005470025,66.20902776485957,8.438381767759815,5.330170106008136,64.733113932624,53.173183859990075
11.421491054436652,67.21042812951366,75.77960744582147,61.21002690392784,70.90364171084306,6.7496812023599615,8.258316492467507,33.287742227184,55.402482194734496
5.572390883819018,61.71957786048789,85.57709244603275,53.53829084022057,78.04626419479241,7.334078159047385,6.668301859441017,53.7231228281325,51.98180552262502
4.40423447276301,74.51830209163325,74.25688841158845,50.78077716438487,63.82692137389933,5.944561584021584,6.9129836017872845,100.0,47.35448124198934
6.855592796494266,85.64114405501789,74.40561265291501,77.3389359073493,76.64232139312465,6.965134436529459,7.240083081687054,64.2993883374517,51.604954801305134
6.87798205877779,94.87553039486639,73.45488653612452,65.24720281651369,72.87661794790735,5.353417542256025,7.959084825708902,48.58319248030314,52.58356650988757
4.946569216107584,85.8212823909474,47.781070970403974,68.73312852466191,68.39413134823111,7.1198587051454645,5.717614742392253,70.37946829849176,50.00660728041746
3.935205960890305,63.31736240131153,71.03521927312951,75.78734788962592,70.2942751398908,7.444769076724246,5.989363844839096,56.53294382452037,49.221475580738925
10.619688844180157,75.67632760623229,63.98099310654515,41.996584327991194,73.45448108813073,7.3847376726220215,7.501555447837328,82.96778799510895,53.56680034254093
6.653686940776046,80.5663438108153,57.76262426168931,86.01472405539877,67.32163487436787,5.9156982034118055,8.93849512338536,56.656828309209395,52.27201367436779
4.5354292371958485,79.77591116923593,89.20821941687427,63.11268171324115,75.07094475325611,6.589538819079398,7.469523116098698,74.06100565202739,49.43917124072114
7.831860604559197,83.39304552942875,78.05049022241349,75.45361828733,72.21823378333924,7.644632975177958,6.550008352341561,52.79411444691311,58.847637510203356
5.781709696877331,68.82951053539239,71.64202702866542,76.68997974919967,68.88717462933039,6.746274885666282,4.922149583594837,100.0,51.90825388284676
5.494237107364338,78.64943087550742,65.22235978677088,87.19115185069377,90.89842233902984,6.655233541191868,8.643210702072334,77.55435580040971,57.93797908005827
7.124545743828986,82.20322829776129,75.55403501554488,66.53199657103752,79.15239922561621,9.284161130350668,6.616882020731424,67.81741303776299,54.41577036640338
3.41623546353662,86.2567095330366,83.89723311981015,38.269075573398965,71.17287767377046,5.858813057360651,6.123075701097934,65.60562624053073,49.80822319348788
6.705254407834345,69.94281833387208,62.07640987743671,68.79978658834985,76.45860430824709,8.29650216170678,5.441609728249462,61.696000251259534,53.255517909899446
9.825909615463505,74.54843132757102,71.94205953268067,70.80989601426242,64.73179863226491,5.614383203794084,5.773079026629642,58.58629780288723,50.923798774950775
6.932355324394622,50.9618231992666,82.41679798621406,53.52034797203836,70.63228393221416,7.785737302925697,6.346542935455377,58.17404910728221,52.21609542424953
5.2475757924330715,71.78538032422226,48.76798645099044,70.06486916206114,71.79922549561752,7.849783069748768,7.2133815165670185,95.17493275692928,50.78057243177411
4.985789439143516,72.75585107028957,71.30916285113516,62.94574191383192,62.53206090090117,6.387561813931545,6.0495099542872115,61.71079063418142,46.37118999009809
5.179320053309781,67.80415491832557,66.84850355342954,49.20144471004485,78.87354047994418,5.539027776565472,7.722849645057165,38.058716400423684,46.851373671676285
5.492074643904438,79.65612150232651,70.39404170693959,77.40078853012997,69.94387297387175,4.635480155435899,7.204262712098277,52.510484186801584,49.855537518556346
5.244386934483456,77.44054567954731,65.98045732353717,60.10784788743086,71.44533332552597,6.261863789289597,10.0,83.91586929998707,50.198371493645105
7.832622882149133,55.407861224223886,73.65149526248754,62.310690993681035,69.31280140876645,7.631462377542788,5.4546682603288055,66.21513915112995,52.16103031261709
2.5335817935820337,80.15507969301757,95.08352664507262,61.52389613798081,100.0,5.706846211480506,7.693775316374858,67.98877599795443,55.54205899901179
7.724000100824268,68.71675869210972,68.11293031285739,85.29670036449805,68.37384849825987,7.116338297108474,7.708805986849148,87.54721677128639,57.96624614680862
5.240626949714878,82.85688959190514,75.50053210912928,67.4271737351725,54.31323046114173,5.2282842425069855,6.263331115292222,58.34250116241545,48.81918183267069
6.7538955713907445,65.18148752271334,95.93695702090935,69.1073974876415,59.000680290411644,6.7193341694752435,7.614302876936953,79.48626583196356,55.440647941228306
3.7460241795982725,78.3000653853094,65.39981305952934,61.83109383859044,82.59302622695435,5.623547314961523,8.42351323968806,59.981752753186115,46.373608505091056
8.657262133698872,75.16836671113494,93.77610418714764,74.48013551156868,88.3645269168313,6.906423397726687,7.615789779069399,78.63814955128501,59.953099280193584
8.491269920343747,81.0310188495033,72.06387607952529,86.8904526783094,68.18202808627146,6.398704636470962,9.161355461783804,64.13297123845513,59.84869170599031
7.919181051500147,79.24697277651347,93.38275471037912,77.07005144481109,87.78949669635463,5.57156063651488,4.886774858285594,66.37676237716465,55.51833928465491
2.9704904484129213,75.44835824978546,81.00241349935582,77.61613745868799,82.41589999842545,6.209351826533271,6.489319904636735,82.30200486266916,54.67841740265257
7.658242142132106,62.63727685955755,75.68530035098907,76.48722288238083,73.1051986901391,5.879011765309608,9.270067256677134,81.2203721152375,53.739889927725876
6.809710175271418,63.227920365389686,71.21243181736097,48.67660299364371,72.39553716229464,5.4232903597151045,8.59443159991662,67.51858021893123,50.33546890314393
2.7894575057348647,72.16113060907782,64.51150272144947,55.73433635621206,76.80870226415654,8.2992949903473,8.148614053519545,62.925644950078215,52.36686888776689
5.951405232458369,77.91720116070412,72.90949859957223,65.13017648961224,83.77455822153641,6.56779016265889,8.979858487823352,93.98721376722482,58.902215129587354
6.729068978066525,71.91752052800884,82.7683375082403,57.83790340509484,78.97294565595023,4.357329461111602,5.200130545557876,78.83996217246953,47.7911215016963
7.112150547646301,84.25211930579465,71.84266282803995,53.09648165341603,68.23191698201305,6.252063030886378,8.454732795267384,64.13287287013172,54.23565224511914
6.354522733897712,75.20779080788316,68.2005263392577,41.78953962781196,73.2579295297369,8.097654056581916,8.777244194903307,60.20373455065368,54.58478122618098
6.582462833694759,68.3498727522049,68.99060958986672,49.148591016122026,94.81263454721923,6.0863696400911484,6.709559800589116,85.3734626041321,59.91852430593376
8.947222784506192,75.2190370701209,83.90971936299664,64.40864219720359,77.51213797296192,8.797292653760355,10.0,71.7310012907974,61.310943635149286
8.452067819821359,80.25859836316552,86.70193746119827,67.02803086453562,83.69325426882615,5.972005534046093,7.735618756874469,67.54670507310871,55.64201779214505
1.0,81.24884718824585,63.99419383477955,56.89724713417194,80.39884987249232,7.604089666979746,4.868677148989751,71.7246276334389,47.02697652550146
5.365122890324636,96.7837913199313,63.97694571063012,69.10495297756516,77.73357743997703,8.243966301509214,7.957526397520505,75.06695311955487,59.08669343907006
5.6706979449120976,71.3109065999658,76.55230703600535,61.92632902728273,76.0869890001507,7.54023276677372,6.636167964012722,69.14966278853842,51.756176308896315
2.4958028545460578,77.265213384096,90.33038477708706,83.26803022323388,83.9739062532498,5.3506072304307635,8.897994328715422,88.05530300264492,59.9692150540324
6.188366116464624,82.26123946819426,85.75188369975072,65.73723930365227,82.18642235310683,5.8690377076941225,8.157532840069557,88.89007714317981,55.88896791722663
8.497515544821013,77.76577040799185,56.97777345384106,77.74863233962401,77.63893478011549,8.404085188463897,6.782493513268571,77.97832178802699,57.221114252872944
3.8268642808188194,72.99381854011347,68.83108836009765,70.8449926721257,68.06237474452112,6.034466252401627,9.302942301915476,90.62078485743442,46.8523557743242
6.672801877379745,62.507428236557566,60.83275734372585,48.371005450583226,78.85558805548472,8.170811816682646,8.627341567175172,70.12745152207333,48.929713261632976
4.168353045407125,72.89165440946985,68.78984973701691,66.73078553967954,74.32992063531917,6.483658333822067,6.5064960147814785,80.35496507506923,50.54544830422817
4.6561759526406465,67.26297587282198,91.25291995242425,50.70126260939843,71.91744088654924,7.169724783062981,7.317545903326983,85.06684478307912,50.869545825969695
8.95478726834007,60.733933188762215,54.928792214603796,66.4863082649631,100.0,5.336671267574858,8.120300148916897,85.28557420024916,54.60765079934485
4.91488435977635,70.04321158329414,52.57361648063772,57.56816855877035,59.609486922921725,6.270078910345002,7.062884084672854,83.73998721607516,44.99749721434098
6.924424978021249,67.52908279233546,62.05735015879677,73.34748246878732,84.58512859057483,5.9496323434723335,7.098720715383294,79.46783791122527,55.38603686357012
2.257563767878026,83.83786545292948,75.44772723091191,49.20703927547318,66.3732905574617,7.270719580669808,7.5440700339173805,99.35692173457129,48.79465136406794
9.72463512278976,84.01091837414293,79.44905784768908,68.20582555391212,76.31195489343396,7.111837095659059,6.2210416991551325,61.90456322101763,57.375005483911806
7.205304892612998,68.96120710419125,77.2493812183384,76.01381815588472,100.0,7.555179875494761,4.820681593707638,67.67168818659684,59.29178871919105
5.635000314699477,75.39771369436879,86.1082248387722,80.70633797032593,65.37631005175938,6.411372996288793,7.786961834798445,66.78234285024799,54.04816025060168
7.15109301999979,59.41757337887465,50.84297286919285,57.30165138962088,67.76127345172736,5.883723914446506,5.113320060845777,64.47899282854286,48.663344266477445
3.1803611421043794,73.05660049817305,86.26003846030724,68.24851361090045,74.824862628484,7.2192749026531695,6.3083535562263355,40.168419348775956,47.61067604857828
8.365061483505315,81.98981900702346,68.2548561594445,70.57805762076202,66.52783042368638,5.764493316391559,5.3741011692617136,90.62297208562372,58.09541297091436
5.35203044900714,86.24937889614102,80.77793171765842,89.65976791359876,83.84056350940301,8.294107031707107,5.5218666626864366,54.60939311430584,59.708420716133745
5.591860969903131,70.86952918308687,56.118894878841544,47.26137914949808,69.65470563936705,6.862573136093065,8.01162620894315,72.54722363119146,46.983720567842795
5.016688770069031,88.5185486052752,72.05948036410884,55.24456436900532,81.54009640149337,6.6086378683540525,7.2332302019279116,48.672082334876706,50.81580474932834
4.83869719450883,62.84308078486528,74.83524924706816,100.0,61.708108681999306,7.554610747300253,7.189919453438252,79.31073596079608,54.92377689461066
7.389341223256817,65.52372200856207,85.86901244998101,64.17663802461635,56.931684978457746,6.90836260068194,5.920917859651189,58.21905946089703,51.53785031044563
6.511813700208446,85.09661865637877,52.97694452870682,41.52608666135416,72.71015021046951,5.010337939797765,6.712981093393727,52.96057113836413,48.823308952513734
7.30349628280608,94.71121228563247,72.36903058241884,59.84429799312568,59.31492161962405,5.72628412073268,7.951746191052225,72.9151519672256,49.72809673814029
5.9824106210288575,82.93431988183696,58.977176506294285,29.235774899498928,90.1826891276545,8.269250444637539,7.4374952816321995,59.48898129276057,50.59124969998917
7.026399622154362,77.59657613465987,78.0659525304993,71.37288997438614,59.70196509505002,7.100661217413499,8.487208873250383,61.3876135587044,48.90257871239459
5.162302512149923,56.048162534777916,81.3265984374735,79.33698664389506,64.62313312329302,4.98211863716387,8.658110414551098,72.57684422799431,52.07142227743376
10.459463682819097,57.775529439565204,87.44604291009705,55.236726733637454,79.1361988547461,7.422534480058199,7.197336170090147,81.99984180451627,60.65977147146574
2.864139167139003,79.2940953689587,65.57964654829951,61.4098650884789,69.13636049937993,6.328889416156302,5.27730085689541,57.72399268192433,42.462681761439676
8.52187464712597,74.41937330428826,83.12671782826548,80.93115817516477,59.81612030132396,5.950600056989462,6.592026121120541,55.1321128901275,50.7644078110766
8.735814901441941,66.94164817847881,88.33081904972464,43.49698349215501,95.3996416007196,5.626152729239385,7.38277286295277,70.35225500023412,56.99043649082457
4.295682388068812,78.6553258083005,52.281036361734394,49.49800302920636,64.98366196840426,8.199915365582426,6.568215537595063,78.08878870387123,49.1380844705606
10.458547221111946,79.1513136750781,79.34813904118141,64.80638745598104,73.03742192503451,4.64140195359358,6.234450946399496,91.94132787790937,58.00065883716335
7.990980565890636,87.44415868540273,83.50213504536127,57.46731227546454,72.9080747989397,5.994961510672612,7.583702741068183,53.93005602559448,50.3411884999485
7.942278013645823,79.36602283012701,68.89528336335076,63.88586343536977,82.10309151966578,7.144152119093491,10.0,65.23049348094429,53.828836767183134
6.056044374051753,90.28394368334385,57.47071706969869,50.30749552830869,79.62352460671059,8.894035682684196,6.91417432555635,87.63679037612881,52.844204314228506
5.565547683562647,78.07994029548813,83.31546907331595,71.00038880290111,66.73198962268994,7.664629835620382,7.49663297700987,99.59641804208078,52.8871209968813
5.581182345920784,76.84665005192664,57.60589406930692,65.91073680748016,71.74172782556693,5.984770461360637,5.925556947322814,55.10363501036869,48.64943070215893
6.781061192639035,88.64312186247182,69.85978278586917,75.68866691926246,72.73077566458184,8.835224144928178,8.992081266049816,58.91782120290025,57.47692785494891
8.802372550067792,68.21559119958566,71.51851130636005,70.8055930067241,82.48959498198562,5.373851920354033,8.549691652021707,75.7165014191479,56.45542482513395
6.362628435722839,100.0,80.58645662044799,70.89366101494433,63.31678085141399,7.318403398426185,8.466880967359101,61.33385286710369,59.92262950128168
4.177112753725419,81.75257478166736,64.48042128584962,47.751697036578406,95.18110556755782,7.585341574902658,9.131754973565695,58.61152368235071,54.236291558239095
7.64885412476996,81.80829252837673,63.78499573406574,74.89628172302821,67.40816612540556,5.942661300159471,6.987190374366231,73.6670590955336,56.48193895381195
7.842301492789584,83.25095973972597,73.18698574515733,63.36787037473781,74.91250603243407,7.8371116622659045,7.137098616185254,93.24129930609666,58.683905429921964
7.309319056895572,96.77136475331642,84.076685731437,65.66762369290535,63.40010560306759,6.383331845270849,9.55185423826398,50.35776557350921,55.69979383425282
7.490997813049965,85.92507411672607,99.44940000783777,82.67570126947133,62.01840988359383,7.834170913021557,8.25927372353347,92.4750116166927,60.49036699056961
5.458143739684384,61.94944020996076,53.910225602654705,57.92790220876347,66.25571590922377,4.79248540889655,4.836933814387006,61.37846172125668,42.96836307459252
4.142021665738841,92.03470384767505,75.78410421343894,86.91658059842601,65.29476782335745,7.40197130827465,8.045785170764411,75.18687881887298,57.07108457721975
4.263613138718441,74.59103420554983,58.9615796851885,88.22265419122331,70.8574297584517,6.505471992767674,6.801962327076485,93.86276081652791,51.55478146483359
2.729073503084284,79.07155072839323,84.22573491848091,78.5389821231012,65.21034971236259,8.379644539561387,8.577806189587989,74.87985388453168,57.6760412965368
6.4738972230919,65.20746027824734,60.737465432289206,54.27130864925609,81.9555242129421,6.947223124274859,7.989828563304208,65.53763427701217,49.50453146904279
5.833102433546813,83.26202018123895,63.904221381812114,37.391894561222955,67.17016104681625,8.499075440464143,5.411348683172641,80.77263434042109,47.573330929245444
5.120024590940583,71.48625709932448,64.92874969123204,83.10368879963917,66.06184506548085,7.609135318039662,7.822596204594573,67.40250696501339,52.04699704256885
1.0,79.00169637993474,71.08561273536235,69.55939085863511,71.07031135882731,6.846989849142211,7.752753272701929,77.82026574391921,48.29597629678356
3.505365060611662,75.15900994639217,75.87837116230449,57.56723540849953,84.92838878696294,7.945203171537154,7.936154983757744,66.9297850243327,57.29027335153117
8.241681302806334,97.25012801735852,77.80441672330217,84.42987281257844,77.14876173610399,7.952870157432546,8.19063462229597,82.91729345483557,61.19580010662245
4.670747999873738,97.82260300145589,71.9307894458066,55.93817566771067,74.0031047011253,7.566292005389457,9.295159151786077,49.08652461174675,52.16631744233736
6.721183355313682,78.46513170214742,56.04130773071302,62.0618263847668,60.669552300313214,4.2492383504497795,7.996666787537158,54.79717563859486,46.580769342050196
3.2186291400494875,78.63977711368855,80.73343380372228,75.34846510043792,63.572915401362906,5.820927411082723,7.5274781525693575,48.86607362698081,49.957350476943276
8.877410964718463,74.26557033650485,71.36449603604366,52.40956035739172,62.21590059960376,8.660927015807108,8.87756106502587,69.15355856205491,53.255649380237685
5.711944679890647,89.06006291502786,85.94081748017638,66.46726726550105,88.06851223672346,5.4928649734776815,10.0,47.05692671785344,55.52223729474406
6.58008079296707,74.71080129666623,63.50713464624076,83.24792057478706,80.30563123131648,8.058953380078968,8.598084905001707,59.622526373997715,55.69218452749946
10.651559583763369,73.786627253543,52.77270327178807,70.95555041069582,66.38379491075806,7.847743188135603,7.747447352169708,53.387370931467885,55.44427192872521
9.032880201178807,87.78592863664964,71.5916879678031,85.46396871553154,69.35628356174345,6.129097166101564,8.019036659722703,92.19514344308236,62.37042481401671
5.3868687574258844,72.6170090468335,87.55143225941117,83.87043301208396,66.74709823762666,4.605722047459931,7.80725251127791,55.13979471736241,53.96803731095826
4.813559630259282,77.6224496555147,73.9313056393926,68.10833668190267,66.14138783619292,6.317304882462488,7.522222098327993,50.70181445614986,50.28954942116458
5.348909976960936,62.18689218489007,69.60396240992573,35.28562073099656,79.6030103121618,9.493618052359613,10.0,73.72507800648654,50.17096337367219
7.019796496953071,85.04190345123168,61.5558357881108,52.5191878669857,72.12463779215688,5.9640672493487745,6.601135950820281,95.30231731842491,50.5967464676742
5.789551731498258,97.40866939181869,93.09319760016987,78.68667757338285,95.81167744297463,6.046891186480876,8.885886993891239,68.25899381131472,60.88698971670794
5.209511709993056,85.21225372799792,59.644768861382644,46.29648011600598,87.50359824516998,5.802901107628208,7.348971668759312,69.41921040284404,47.091432997272065
8.934362501418084,92.61799167547305,63.295268908461125,63.4263037597827,88.09480340466722,8.457741371859424,5.723496995833531,89.36136191617715,56.59294127295518
5.771580216444327,69.5389786382267,78.84041035300828,72.73872859164645,81.71356974948127,6.708501146049873,7.274018707696192,83.1734400732467,57.79670859182687
10.599178186074639,80.36324282028201,49.72775172135852,88.57398974066115,70.77340929492811,6.248912525261034,6.843868999495302,76.38122476917839,56.27287484712669
6.181485127504346,68.5684007563061,87.29508798457607,59.9497242496382,80.97790884529584,8.696168820634421,8.193092782101191,61.2648890739971,54.62837958760542
9.570636788449455,75.72234454418657,79.49031737060827,58.99117207283619,71.51167305471343,7.695392905522644,7.609560267190285,76.83936859429919,55.735060530276556
6.714638845421254,85.72211477352505,82.79077286173332,67.265759269063,91.30276050728362,5.896851709947689,6.273567763622437,49.588238569709695,59.0348526471754
7.9259211464988955,79.01820613103298,78.69740414339584,72.91278157734143,79.0427938304992,5.531699306725864,9.265209496187659,60.64486675911103,55.921132019665876
4.550777896964551,63.87358977398779,70.06651779052356,65.84054441645468,77.62360358603016,8.389803957855968,8.80816080537087,91.47193976432874,54.529221845702956
4.2924815548251765,64.84970894462246,59.24221547813492,82.68975688440135,76.2707266242951,7.020145796490059,9.403266638515682,89.52989027111683,54.32427214738331
6.919411910029975,64.18836068509226,70.31909470530047,56.8119863376014,92.40266427360858,5.141123176172664,7.78435759688174,76.56227049003064,54.54949073470358
7.97710648493063,82.9145258993959,60.29716425896838,69.6822530673066,60.66249666163215,4.860261175727741,7.457120318063171,41.059694179350124,50.704367862935456
6.080513004000926,98.63894535656668,77.8338637209166,74.23297794345827,93.38287827668726,5.66075354176029,8.344272579142345,51.87667708025275,59.26714650414825
3.4272133298326057,91.62458244000213,81.68135796657722,62.396740661318006,73.13846192545863,5.5126184942763645,6.807029974894918,59.80791357078897,52.67703757945319
3.279483267421346,59.04014800853936,89.7217035743785,79.75593911183954,60.93851024184349,4.544707634918277,7.656071465663803,67.42451452991924,50.106013290034824
3.1457271956275177,92.21075938069784,76.46121168663436,70.0854195773929,67.47790268356944,5.680591616021805,7.289186520814361,51.243832742410554,54.17442579109429
2.464755774121238,87.36400417014647,83.09490427914224,79.04383998413184,58.491927372764174,5.897103326027375,5.746758819372095,66.30529414626652,49.47953112383604
6.218970718894175,62.547000544712425,68.43426315323829,70.71745751268365,81.5365674558564,6.444782453938515,7.6529466058068865,96.50942857233034,51.16042275308295
8.25008784341605,74.96798383289503,66.26067434390166,73.2696640008212,64.61707049653481,9.031492054153254,6.970839729908038,76.0125381528801,56.01918943771976
5.973168426150383,88.9552241149581,77.68406268980162,59.146515404109024,76.686676662047,6.679788073482071,7.2089374031780356,73.28239943441555,55.01721548242166
1.4791704853242953,83.50433510934785,67.36232552739709,59.16919612732288,86.34217030165848,6.798910194706942,7.936541934779945,54.73666871472268,49.66193189041072
5.6184790793309025,64.90904947612015,75.2302294659319,85.14155071900288,68.27983071433863,7.611106436558731,9.02703976078395,45.415228199312395,53.48094450956167
5.674402006734786,84.10742155796194,59.26569372797495,76.89714622328465,72.31896306975608,6.715218314720128,6.481475891342426,51.57705361685443,46.51833028418752
10.191997500450878,56.62499403919412,61.420467810284386,53.67848767288638,61.96633390083984,7.48018355666405,7.096130141844772,44.80916277938485,44.60156107751694
3.0857241741608874,75.77177824242789,79.62491161221948,70.53208794516765,71.11642891048803,7.33673785234208,6.5819007643682275,71.12552893362263,54.662020031587886
5.218644794801609,89.37956769400049,82.64028090487315,34.76713525050404,100.0,7.147106278719092,6.50378329464121,75.75828706611038,52.81990861893571
9.411705361089128,78.1839421557132,60.17212597239983,59.964837708208165,82.77933164110442,10.0,6.786517267620273,55.520650707709805,57.549127497526484
6.899956682693096,73.01062450038054,80.04737172607705,81.45438747267869,72.35269581106395,8.093351012853223,7.264259660621766,72.21879009863721,53.14312051258447
7.12662614703285,86.8934625377235,65.6071719235767,66.24796175804377,68.88311963818285,5.701933618351923,8.203045988253004,92.03490724348426,52.46194363565498
6.229168874047756,87.74751815086582,72.19806211440373,69.65077737532444,74.57366604343567,7.444266623426997,7.884534917741806,99.36546013520855,58.52866316952842
6.659887077314529,91.1003969286695,89.00333298948776,25.77066254871704,76.3005075219364,6.0499158320083355,6.2317716011001005,81.55615526123827,50.78927738495302
7.5552190605570715,86.74342428446387,81.68984680827538,62.508449346093876,70.80930292854242,7.5355009168718246,9.052992388700584,67.37739244062485,58.08178045872039
4.381027362214468,88.81374793937147,81.55046385626632,72.73581113358098,80.30059195771129,5.349775099470076,8.633294767772446,81.07156365814383,56.610123324431946
7.7561171578164,85.32908557437534,94.9054843014836,74.51405825557676,65.4655250993959,5.670664662299226,6.4185772192683554,90.27714975516942,57.15902769589207
3.2539939662289217,80.65528649116472,63.55344790740243,81.4729799586811,65.41612325015731,7.412689074988153,8.968933070303473,39.89157793314162,48.96038163659854
6.656735945663076,78.89508999763814,60.16950030008945,65.056391475172,78.70195457050204,8.19720293631763,7.892326095115531,92.23103556694625,52.49146591672558
6.357481926572654,75.62740280902598,63.33453275725691,65.68081862326191,63.313582464356024,7.603173218503616,7.312253636489705,61.831197691104066,53.50153376803033
4.767413823615784,65.87631706940275,68.94598735912062,49.350355988261924,82.29017252862539,8.024940801442261,7.929696053375174,61.97555567593765,53.728521131814865
5.954629449348706,68.44688491180192,43.74539262849728,65.13669845157523,74.85719387603066,7.448582270516615,7.469075045249373,64.67608041121123,46.7626770479618
4.754919694668894,75.1798551806479,69.51086115963828,50.33794912643082,56.72090781282786,7.206995318838798,8.154094385377688,74.80126208163632,45.12379689667975
3.8565973462765113,80.41452159602429,65.46515121726105,42.12981832272416,76.09499125560947,6.395568070889876,7.7247786277574,53.33118619451851,46.140100653790995
5.292770516772711,92.40812598004263,81.40511720877359,52.8074888184519,58.148533754110055,7.9756021704601565,7.095088737273357,65.72778947963573,51.138939884978534
3.792022729256677,77.58202772124487,76.22903254812049,89.1215887092556,81.93362009655661,8.22985507939197,5.06900788900634,77.87915809746836,54.6199174670804
6.6455949281864966,88.03476290877664,64.79164046676796,64.21214317881413,72.51285670749404,6.92426117040427,8.132619048758311,73.27856873910989,55.203478134969124
3.699829011695273,88.79315656432121,79.07953014435485,71.07828308232712,93.5108421650682,6.859688749865611,7.051613665935919,75.71221771542204,56.465666095409105
7.423954045982103,75.68553202311209,80.67915671788523,60.811052483227215,85.71312844372608,8.909686974066684,8.433535931574296,65.14046931428156,57.47082663746485
3.63704186414236,83.94690211370184,62.777450522503074,42.93228572767343,64.39307493768175,6.975493864220533,8.078010074730864,80.40564928693986,52.4231979591098
4.867410168837988,75.56471958275138,66.08370893541098,81.1055837490159,54.792601361585824,7.090823044439163,7.082802946612789,85.84624183004283,49.75623599943942
4.750793183569642,91.22135894078477,45.29564175482421,37.58922604202176,67.44898743208626,7.5810710893034745,8.727585829292803,84.94658968244067,51.0441324632767
8.650293457749678,84.35843338265933,58.91208030756858,60.23290252491678,62.78741397169629,6.8826324928550155,7.745809994203885,76.41415349264703,55.95962199555085
6.6605798912331835,66.09516245311644,63.09036527491706,67.23539166809914,93.25738086877094,6.015591612708286,7.6963714168537045,84.08338913085518,56.85363509835697
5.5765323949112116,79.61524652153847,72.88999411927226,71.22685500801798,74.89685340719849,7.453558690628226,7.3342671758842295,83.06590876172096,50.35910937577062
6.997438882139447,94.4811216182388,60.65540784768221,57.82942553659582,84.33418804183167,6.953493987973214,9.520266854687758,100.0,58.12985821533345
1.7856153053406238,76.18768965453299,65.83857615541069,42.26853923723036,72.14969087449414,9.210699707769395,6.64407992508521,88.27100605073062,45.011164970486696
5.913732820718185,82.47715030095068,57.29603182100881,56.78469390730386,73.20332511719354,7.9461382603508515,7.112790555049134,68.66883795047077,50.52480919668025
9.995028355609525,83.45878837739146,74.05336678237525,57.517388173324726,74.67372977491091,6.285421256268398,6.015197825904004,56.324810689796955,51.91674481838077
6.2646930128053455,67.63377100835399,77.1085751350189,57.17669106782888,86.06539318592446,7.8748722630284504,8.372077292789408,66.08289617861334,56.51698988655405
6.135826338338671,83.10707949213514,76.82838418103786,81.58082026290644,78.11624755674599,7.369439001677176,6.801421192370792,65.02322716600031,58.69035340788122
7.096256759284392,64.06164847965374,72.14833358286312,51.009561106052004,64.42666156523335,8.571311562334616,6.935957301928414,77.67133851588801,52.78424911174982
7.791210486628691,71.74375893598604,53.50712404198327,72.21370984213422,91.22514138086417,6.370654944605153,6.879676041411383,59.49615632216051,53.71571683415209
2.0050666142202807,88.75722967494193,64.56055603328579,70.21615852105082,72.07184501013687,7.226411378031429,7.575266299274865,87.88265757280605,48.67362214897156
2.6353470364179463,81.56756290308358,67.11231993217818,81.44637108460338,70.44479876123351,6.8810876210890095,5.999088498409025,49.156554911570566,49.90043151636275
6.420582582172293,74.95522192253473,67.1604562449525,66.13615379568296,46.70494697750965,7.07017530766996,4.808105680677286,45.51212295525376,49.02879708600066
4.570246876204981,82.46461021245187,72.89977461587803,79.07583354076581,81.34399591161338,5.937761261195261,8.049244844871327,67.97325988111976,55.52036589292811
8.624050524439829,77.39907752244869,89.10649646845224,65.58891806668262,76.01012639661883,7.691094001495812,4.963730752555548,57.36161426206733,56.34965839848185
5.369651220229552,78.12578502351833,81.7451545522152,74.0814953721872,75.99925656601903,7.501557131019396,8.524965340772855,51.12649219023555,54.71325724733361
2.1309385285737643,84.56818526720137,60.149786641815666,46.95882477853863,70.97175328889182,8.542268340306155,9.370233299442177,60.443950674927365,46.311598096874874
3.463972166312006,70.72632259340868,80.1408345035596,31.064106931924478,69.24782159867218,6.987968977615863,7.30293143527796,58.577712563816156,46.50282619577887
1.0,78.4033640555469,79.68362841198883,73.28565594992195,71.3041957316957,6.505792590102238,9.059391536064588,70.15201496851328,51.0796021457232
5.531748925434175,74.87731805393346,62.327190324581224,74.03656376454921,79.63160871127279,7.947153253532845,7.470892296548137,60.69293817528608,54.23242760696628
5.623231745471234,62.14396625399745,82.18639107162527,74.65703266412635,81.39117773033351,6.046954742080379,9.419089390893443,61.912984626248914,57.100915603741115
5.151074580436204,68.795442437507,70.07548036865684,60.65094479343449,72.68968411625401,8.30198144210075,6.952538577464147,69.92701422668061,51.420841939327
8.157758078059477,93.68206447063832,55.08055811982666,88.85611153094521,84.48937494316759,8.299410396896443,4.662141828682654,85.21362356103137,59.64674409708687
8.397039673033387,81.84723314585234,77.4624326956457,61.561710579681694,74.21025818982523,8.50873468136129,7.404105907072197,92.06118198233186,55.568629353851506
5.659223153287778,64.7641169859861,74.60354188337429,73.89230627541318,69.95773581876344,7.451947581615392,9.549555832092887,72.21651343726097,52.511984385402016
1.730612665046288,62.596456241515895,69.26786844977006,76.3249071500571,76.98415574907364,6.416204340882681,8.141961967128502,73.3831467815578,50.12220264431316
7.234563160984517,76.87836099889417,71.55056298020041,92.06236223648754,61.4061358150614,7.131025271566435,6.881612125754588,67.25219474056239,55.17041230191385
7.110720457017151,93.61186533176482,63.37097425333846,63.56158532294233,77.32718309079249,7.456082674095048,7.894681403141678,77.21872930088618,54.48965271053905
6.61878314031389,76.13241865195647,79.32156604556532,58.85529931279186,59.57817894473628,6.327830025774549,8.665349806143062,75.85329040876208,52.84001617121296
7.9629594986162315,91.06999553404016,71.4785923858929,47.025964618185476,64.72273040016236,8.599739546710259,7.397260273302635,89.88771524632618,55.66881110381258
3.67034380707792,81.51930770818657,73.99738612737873,89.73313809327462,54.81308593283376,7.696101001082251,10.0,41.669430562668566,55.32400130777353
10.017510772370278,82.71250457845893,76.28570309314647,73.89975269867956,73.248830473285,5.929332453613594,6.879098452176615,66.48253384431689,60.89398691762091
4.081144493716264,64.64279490695431,58.1449726268841,74.34285548252024,91.09633702309094,9.259448411758932,8.703012866453697,75.08784803691465,51.8319659856413
7.498445854401709,87.37522921749758,61.268603737415376,100.0,73.82923338918565,7.116867130204212,8.41432468377816,69.60574063686833,56.93581351425814
2.6253046111732967,74.65067962726393,45.48066648460549,72.5506263766082,81.43585379433128,5.687076348580017,6.660207090362331,55.91240451855832,46.42042287906311
4.139470625459898,86.63092453610908,78.77690710188489,49.76750032859955,98.52313897312389,6.0036950527032715,6.9906716791827925,50.50949981139284,53.10400951325433
9.032737293450673,69.85830018013887,57.4534797150388,65.25734995009833,79.04055848120096,8.785340316598413,8.721718376975238,82.09483639043293,56.19608849133501
5.4782003539983,79.77049347509913,73.59083651874782,54.35304627611885,67.34787955411977,9.189981899460186,7.67374546512509,58.64611224405378,49.55887934779363
7.679845210265595,81.52002953937631,76.45185869927464,62.45784247584119,68.72431397264162,8.211382064177101,7.9056860720727276,43.67649262741597,52.93434160954098
6.473910777438492,76.45966683424133,79.22823406671024,62.3637455614355,75.00658208223007,8.583170378304562,5.536839175554771,82.84859290014847,54.85013389897805
5.790083687999655,82.04545193086156,57.55179703396729,59.7816585250613,68.67105354739076,8.459938550558334,8.287198386194522,76.88474350669098,48.622104183450425
8.72770064986538,75.33602924807491,71.21806058231171,48.49404492502444,69.41913000186568,7.66829938331688,7.844756212899082,68.26188853812647,58.103965393411364
5.526682350696199,71.5094024695872,92.04336504945299,90.29502287141214,84.8525390925949,7.394850145373111,7.4233079728306155,56.28172610858457,59.02700148611746
2.438523784873059,94.05483382793965,92.5717761598118,72.18387262213751,85.26156280772213,7.647835833371929,7.9330702356708915,68.29837834944259,59.224730878206394
4.39351981609659,88.48952866361442,83.8478771283234,64.84339151419667,58.531075179513365,7.883218531771954,7.0089387514509,88.23381400778808,51.01214346588841
7.102383457403389,70.39135254951823,76.04991766582607,78.6069296132204,66.81830482099781,6.110082392168322,6.789716995339831,45.779510709568,53.78682777936831
6.7910182127250165,83.68444305594613,59.93872333385547,74.59494184789148,70.35995613086607,7.878350475174532,7.209737362033068,46.54033574890609,52.727221588620694
2.8658834995291236,70.57321145298847,80.62345950469263,71.85967025838866,80.99088946165251,8.75034021675642,6.942956186018043,60.58352015631384,54.3396272828641
4.551314961183598,66.15315356337676,70.10374525503791,77.58997301873558,86.43075588505656,6.752353086005163,10.0,69.60034469810192,55.82935435744661
4.836557301595507,88.33809441398977,78.72633930327413,69.87508641262119,100.0,6.624102657613844,8.594244874612308,62.55562153174329,62.387044394074934
5.26906081177155,60.95900374352594,64.4058785417746,77.38310039788229,70.34326703717339,7.571855571086399,6.337837291233959,79.6422486275053,47.73166713370566
3.248172822796897,87.26855913576541,69.92480264592085,78.54357221228885,70.84271285657971,6.220410939510237,9.94355520271301,86.3325091667252,57.28427567385913
4.743257783761043,75.47277687426941,73.9697683209171,70.27806229045925,80.88570015637714,5.419817660046992,6.980572066276425,74.18153161911202,53.34260802103793
4.542779029480945,75.88453396919472,74.9553370979263,64.91447709105438,68.1778328104514,8.377262848126213,7.535346440957142,78.40648515634156,49.728532571814966
7.543066519523839,82.0975121962329,77.92467257352298,89.42556922035473,73.59038138509483,6.458858487971881,8.576900633917584,74.08149328035509,64.17489731997603
7.618242621980487,83.81198811994253,65.04966018570121,61.30937844317193,70.84961891216454,7.022138294464251,5.1360137473228615,70.14262136372977,55.59017130973777
5.7083790838223685,69.73656823171092,55.880586574677565,73.47839040598284,48.78346078095821,6.267849950790321,7.215568983670837,50.596619502779575,41.25534556164015
5.215920408258537,85.17725608750064,91.49742047879754,73.79471775034693,76.23233230151546,8.532105777895598,6.811999378839399,54.58012438596057,56.35393364994219
6.279848624078227,79.13370538025224,100.0,59.4661900683091,73.1763904069721,8.023811389940818,7.746096095452962,49.736222845421096,56.87001794473046
4.36684978508885,65.43945207131962,77.36904853442854,56.690486605639094,87.712310502569,6.711112550615559,7.944059619918531,67.77242807558375,53.441332046008256
3.706335835665118,76.3012551642026,56.112094863238674,63.04607170782209,75.05490407536355,5.584123162284698,7.407288761601178,73.48417046881559,52.070057297172795
4.119557582148566,91.81279015558925,62.72165859788548,61.10896405554149,62.45252521685828,6.58368423417016,7.351623242185214,48.26106422827935,50.66648434207886
4.730373672057087,94.76594798245696,78.10941082861163,47.58617213705588,72.41901127020476,7.684183239939657,8.778157647162534,71.08892570653012,53.39687022591435
3.673052400415458,85.17348457608678,88.09338734017544,58.87906884473014,54.089171568633716,7.226362844895719,7.861783116400845,56.87175507609687,54.290017326654144
6.32411911812575,66.0965651183163,57.44531238549773,71.72712178488388,62.89082164800357,7.130917653342385,7.549710012062332,53.96200984694711,51.31398095715769
7.459431347567417,82.90606902455889,70.50800614981318,85.72321017808038,81.35505968152998,7.254038511363774,7.677444709752167,60.619758751589366,57.63641839087016
2.8258033984035165,86.50860903859193,74.35118477332763,75.76147869243087,72.52659560046337,7.910555477797791,9.703066797036263,53.1928525248243,52.42685165032617
6.050257422432066,85.25707983318722,82.3749414154305,31.606517022816668,84.22508239498066,6.949768955121947,7.707208772380927,79.0998867693893,55.51942881607347
5.560128409467329,85.84954288687918,67.87678686719545,76.97825200660259,55.331077491219524,7.540016140551403,6.882661794041153,67.4799337292661,49.34334047084286
6.683017371073606,81.63263079247531,53.23422370413691,60.18587499745995,72.57538602676247,5.815696950705882,5.20920109366673,82.22821085481382,48.48792056994633
5.974122463792824,77.27587661169456,79.45437071343483,74.34312104562868,70.24487501612215,10.0,5.779275151158055,63.34755471840595,53.371218339272595
3.0928014401367383,71.91632504095982,85.49755158205485,67.80210637105121,84.55848582613206,6.6593688168204945,6.939568925904287,63.91470907174472,53.50353745849807
3.475221402285669,59.02064481498503,71.00890245905808,65.30237323478441,81.72762768166622,7.244311609460773,7.369947787255023,98.10073961220183,51.53996290378891
6.058847151169945,81.3964176671335,76.86288109567718,66.56869980853003,81.42252150088298,7.6797586297434535,6.833254248467713,45.65409292479491,50.813892474464815
8.057561839491019,79.86052843652189,66.30610524687515,67.68605968422308,90.414100380841,6.507051385119351,7.921372772454971,89.2672186512955,61.36539780657261
1.5716252579139942,83.57575842824816,61.85072646328927,86.82166960926341,71.31912890713434,7.009389753099356,6.81779034659003,94.81786056468741,50.860658681449756
6.69145315960316,64.62456306707105,84.31710816656663,67.72475738080878,88.3508083530072,6.99481032958813,6.402612875837484,81.48726244392249,61.06068824007365
8.379244010575286,84.45016689315061,76.64995017377353,83.19750586453681,64.55793849120263,5.9031542889119475,8.235172602428895,65.04294295943464,57.976124156170876
5.693948247587574,98.54545094620778,77.8844231928226,81.1586821218392,64.19122250234307,7.5263073106475655,9.143273396253615,91.40353107609613,61.452325040448606
7.100404992052882,78.78450130777911,90.02538177593536,77.33863766617114,82.52746571498339,5.0209337940895225,6.171398882704143,65.17357960165002,58.67044186855746
4.593861838204395,77.38334680793459,59.341891988177125,42.98733651818451,59.95259261591198,9.103250130899937,7.792459036449374,59.41321621433918,48.566227792381135
5.761267601446247,81.090023560857,65.37568478208694,83.6328571862625,80.72765628418958,7.951565061974072,5.2139944102154185,64.17597483712504,55.50293247475352
2.758172963383697,98.32337024710338,73.89520018601635,61.58938188210177,76.01313193721326,7.766946829184052,5.730554243127409,61.447093913221934,50.8399154095125
1.3113133831622523,67.76352238300109,65.2282411468651,78.0201819350468,85.71852728654872,4.9160294650801095,6.793481006427393,55.80065312620627,51.299090195839895
7.88553160245055,80.03206933393905,81.3976384232694,54.38454033463421,74.40556035045111,6.048965592048376,8.861892518852631,86.65011751163448,62.046366907184286
4.030010144551117,70.00342577702355,69.75120934915219,51.40896339375442,75.56048946295527,8.667214144966065,6.565552764353431,58.39827471067325,47.44448825476391
5.088944309993139,72.52995279155004,60.08960631003372,95.66944231563679,80.09264992924906,10.0,6.520679430281341,69.5552951661794,57.74883418317042
3.2271154934596136,77.5040969211806,72.78926010225194,54.602237064266404,68.37350449940222,8.433630958068436,7.543304738273339,48.343421659017935,47.73341837920163
3.1800605938322484,91.47323241613559,74.04406524968145,84.04549294672447,67.93793692509779,8.244332092301141,7.544500333379821,70.46216022623787,55.22252988469506
5.652324599810767,96.00990600688738,83.21618475475597,69.6578845001113,79.74429439843419,7.629969073737025,6.557842232694396,52.66110933665891,55.743892747798576
4.540845611728707,82.48142144626706,76.7176908377691,62.1183191829576,74.70712190869362,5.983003365147796,9.883465880715885,52.29271265612151,48.16082299261236
6.755941995989397,74.23405276976514,77.53375669631802,67.3723956193771,70.9268608269572,8.194208899840396,7.181563952261552,68.36068134855876,53.626410475883375
6.905076837959184,100.0,75.8435002080867,49.78467704856165,74.17215900302332,5.678551195483685,7.636301978901696,85.85458397771403,56.93418066061139
6.641699292649214,73.7244551867048,69.74132974449684,67.80743868547077,90.94559507838329,5.547297801832176,7.01786455474747,76.60620531609695,53.90864945441129
6.477201581856887,72.28864085640262,63.405370618664826,52.84163560545657,70.56981593260107,5.471764809473813,8.027965874581415,77.63680579199139,52.326603074000936
9.155536409863773,60.25056955421273,75.4660602199125,62.4637868796042,70.27980386717985,8.170867175801911,8.98194907164494,68.05124230031488,55.97643399065913
3.864812461910228,91.96091569244743,68.00250280939632,80.95419389557406,57.925557753375045,6.931103134086998,9.496396436345487,64.96539602274224,52.41827717923319
5.890130267594165,87.68245592371294,92.27787144529219,71.5586694718072,74.57647061842886,7.121029719885256,6.585281189683344,81.86710957741353,59.13881636991666
8.265379641039178,100.0,88.10618753727863,47.24961301567269,81.56883511240392,6.981515275539179,8.820954211561455,61.55234256518796,59.78893226696683
8.529079618676073,64.10476647781874,79.5940695882193,79.92083377679418,83.36198115680868,5.64914015056213,8.159616983461222,82.51651231671543,60.3908262104598
3.1564727013108542,92.5817080747911,76.54160327151583,67.900603333272,76.08217601630533,6.195122912779115,8.669443931352093,88.53920408401089,56.989681450132714
5.37528911668826,78.70135518366128,70.94449138822587,60.409406242269256,84.55833573080884,6.255488552495857,7.389744872768643,57.37919825536334,52.990050633419365
8.716242191734521,86.06100216800137,56.866515223834384,78.45346825472504,82.31230401880242,5.313674263329567,7.275551072061384,59.583317565501886,52.617745339070666
7.016158210398131,61.52222858895529,69.40593332013641,65.65910428232196,86.12950229692262,6.394947885639579,8.622857574856791,61.814567403780934,53.847774387049
6.3905260629595455,92.68081822665297,73.21680040086308,51.68074124132002,84.84302655477562,5.702432252324513,8.645631007267545,47.9955606136988,49.92209906735708
5.564630613130687,85.8651675133183,74.75347769333595,93.86933596029446,90.69978196107252,7.693210754640391,9.378864676634263,62.958959025492135,63.20795886918752
5.232398148584509,77.61089965213783,77.63443640418991,67.75797579952618,73.30306833433751,7.793165276760189,7.738257066540587,89.52174605829258,56.91538075323565
6.576438126180649,84.45112687661121,83.05596237453221,66.86060713724896,61.72941957638491,5.447633052832132,7.371702446838292,54.31636686496979,54.37963398078635
5.495251750031033,70.34504698957751,63.694151139685594,62.32852759577174,81.6371874368542,6.644041882902399,4.548175704006955,89.87794162980923,51.6274999499993
5.914842757911112,72.20559914418301,63.803092713491864,84.51952035240625,82.80553189322777,9.227271857580044,5.566487354405599,63.49833313070384,56.80735416142034
6.157197412230075,73.36555386374604,89.4102801569179,60.65170088601144,90.6999539338114,5.823084522786049,7.026898073779928,100.0,54.19869370977124
4.6438569430130014,59.47272138309722,81.25177907031778,46.370281976637536,87.81290356169706,7.511965381354079,6.178729282504541,59.77280402026859,49.417061922363814
7.064258747762876,86.61758494203367,67.31074869440015,58.4985127334563,94.45472455864565,7.126626320803461,8.476956678519896,67.8402707526676,54.17370590841469
11.828489296830838,89.91593614182567,70.71346597257316,86.57484440636709,81.19853980326533,8.311465069409088,5.927974846105256,56.347254022114,61.00077501933069
2.4460267213478497,70.98655850236159,70.76743263990122,79.64985026039965,77.28810591938628,7.354560209628888,6.8984348059796545,59.68448839621261,54.47796017667135
6.64802504837996,81.48203015944819,72.3788894673766,64.42978086276194,61.15016878674253,6.4824454264915,6.945568208233814,90.07268750287587,54.887235797557196
4.479619822762189,75.34459525370764,77.67219710686336,87.22557198296664,78.08096534514081,7.080116945767462,8.945691700079335,77.1180502770847,58.98511691635269
7.1548051550385,81.2827396208103,100.0,78.47119120350635,69.47496643128682,7.097643932744483,6.770113501176427,85.43226668766174,58.63917698257022
6.093114946655722,71.72422758788971,74.27707873395183,64.26774890911551,77.1151001343247,6.889965781260612,8.042894541657585,50.26616048514951,50.44982654470455
7.523709548084927,69.16574843912365,79.95117780510301,65.67726202858488,75.54513186309656,5.417066253611179,7.73484735302726,79.82242679736872,55.63601404549614
8.35101315301756,88.52074886023743,51.762279525718284,72.61044824723608,79.71733588850135,8.49170632911747,8.583946182536735,55.42835024919293,58.958991999240226
6.384842235536363,77.36129414875508,66.18120008665397,56.35358270470658,74.02669290461489,8.27972030543719,8.520258062539776,49.94022230450721,52.753572566953494
8.264104576828355,98.22108950853476,86.74578003259926,68.06307091713091,84.35020190732584,5.746973167756171,7.459871864556547,73.58149208280334,56.71027964112108
1.3114042124226453,78.4630996479414,76.8277846962794,72.31918710458606,47.76845687124942,6.639129241379496,5.464446584871384,73.4280750011712,44.93161786520432
9.180904595832047,68.73921959649508,19.33062498162196,44.38247265948044,76.89993575157844,6.729897196774941,7.221910936025245,70.80018679448726,42.32271962391245
6.7501243037846805,90.26940876435938,80.08827842779436,65.34951548404943,87.02489779152562,5.612177439400501,7.476053226561417,80.76337618941498,59.76979215088283
8.155686711490365,84.3080016414602,95.01797273554523,63.75721340488036,93.70048508456215,4.759844478685279,7.843211079783334,83.10349476450516,59.81667130061636
3.5602485103169568,85.26872863696424,48.049108966562486,82.39295227944451,82.31961338385062,6.195288817705197,6.614933825735028,92.0459400879055,49.91086978949107
4.338460236789329,89.90600678867918,90.23265210774615,42.17704208664553,91.8488302258254,6.57231719169857,8.869081342090336,52.14485502541247,56.26709273333725
6.291876588289548,71.47203706154205,38.736532432488865,62.658915724148045,76.68935995758743,5.270519999963177,7.516343301977991,92.53024368175338,51.09916183156371
5.965924221325074,76.72746691014713,83.25598734064096,61.25543493689578,75.02862575927062,7.212373316902575,6.395403182625449,98.23467234543364,55.193281224646036
6.566137176019979,76.28550168512207,71.89621648785312,81.44099349490241,80.29415643227752,8.395427563979608,6.950126593509983,64.50654975321949,61.49948509215287
8.169030321859932,65.09253463084382,43.800345417064605,67.39034802889151,74.96805717108936,8.010539375398322,9.814251184760195,44.97262475390235,53.68478428850985
2.4695593693943017,75.36409849841756,77.35365392687744,93.14532503913317,67.1764253198264,6.847977216209538,8.297253471535798,49.24751630396323,51.089441660215066
7.947638143434618,91.36379457876825,85.81007698982471,77.27098734668941,69.847597558681,4.791505964174564,8.758147866677284,63.072229285994325,59.62899622325075
6.016563819915854,80.37338103793847,76.36664404585888,62.256878081346734,63.878470939238426,7.8588428087908575,6.250095636343903,100.0,52.15153871215105
5.592436277750904,64.53938672155013,79.01793164471536,71.35522175182543,80.28377094865245,7.17567060287747,6.673404369379439,70.25620000304768,56.627060859623334
3.0577695312302193,62.44160588335065,67.05988665193127,63.04303666882758,75.11391812500477,7.5092213310616245,6.682293232942506,60.742238248722806,48.20556438045045
7.00609733675373,94.64776058748271,49.663322937347736,80.03154526686588,71.39713883241903,9.323323360363016,7.721272485106346,59.718966124640545,55.85723909792666
1.1717842979379256,77.0968098974487,80.30236826804477,49.34923201392583,69.3331624316271,6.0102260445632165,7.291197802697329,50.15916512491313,41.86707161099723
7.2967880224774255,71.52589794298383,92.99704703335556,56.46825632800133,80.05056346199626,4.0,6.912606706491575,83.11864044520586,55.272436620797365
3.015788329054016,75.26008235102996,85.55497025072951,74.3796588597689,82.8044818061007,5.735854506628291,7.063116488995855,68.61896882921373,53.41720027623465
6.106915825234948,63.22692245682668,48.14549004478385,85.1605902821307,63.69486003494817,7.583254081921385,6.547157775989916,100.0,49.18311285774178
5.761662325344159,92.2309514951162,53.82126711346879,37.17243965405122,62.12315330224382,7.032311082097649,7.284192855718308,79.42314094639676,46.198051698987086
8.339076294587768,74.0694706241397,61.848387098431914,87.24259702386581,84.54509955621015,5.541236644481582,8.835858700600497,82.44904474085905,60.74840935975071
5.64268966197222,91.67401527738421,52.88429458463828,66.03810820200792,61.248667615114044,5.296339140188284,5.684232778140295,66.36842753885983,47.576088848487146
4.611722877708669,78.51651714447316,72.53027903467247,41.62575053287972,80.47486833822484,6.574469181019126,7.915775320362276,53.634544927397684,45.92115251507644
4.986794608057594,92.2953197456844,76.72098966216628,25.97581021354926,91.16909198754013,5.5046863961418335,9.156111233855547,56.8962852950623,50.825063114936356
8.545765537509327,80.56694499043086,54.83696060109159,46.58859507868409,91.19234803393135,7.62476010190543,7.28017548172132,49.46129584166377,51.81639871066968
7.072593938361788,86.53232662869075,81.32554151130634,67.72413201816437,82.37872590632091,6.5062877336484775,6.865348765024925,83.65592079727136,58.07778263416738
5.228740036953678,85.19093046088337,79.21324732824017,67.07742747067562,82.0880951532212,6.247458538801946,8.609077783140707,64.22627219131171,55.94470147585492
5.527107160070973,84.23291066251971,65.42209050187556,76.86480608593034,97.51907450196455,6.090068316492392,6.318933747757388,84.287508093881,56.39334083008853
2.865645818829106,81.4793447718271,69.92973616819219,60.30717951414651,51.656043371062296,7.315747271896713,7.472770164073523,72.03871603461346,45.33940436028976
6.776948401703082,75.67149283884415,48.602385892163625,52.487432349753604,70.35664323919364,7.051131068512043,6.252187079537127,65.6077246634433,47.63649923799774
2.4803685846090686,97.15434691572861,68.0128541245551,62.2167905727475,83.48491849076602,7.2423487238351125,5.255878835970864,52.45595747547175,51.6820687929934
7.503592931670912,68.930630149041,72.08861968956391,68.47054401676208,71.62712992158043,7.216155332566974,7.317618882246245,74.52449099444017,54.69467848959659
6.257243184982531,78.0430764234316,74.02497114273828,71.23081912937388,87.39778308607035,6.913365356083952,5.98392592407962,66.72050475329807,58.38659948902906
10.773903599147845,78.14885875207595,76.54652294424208,56.95169421018632,74.60645939689807,5.760243299850291,7.4859953840049975,83.53275891933131,59.87357902605389
3.7997288925513883,82.02440753343521,74.93090091876687,80.62025380469504,76.31743860337598,6.123543847922486,8.838035549256848,59.26883986186602,57.90760379766951
5.794675817918734,73.70527354105499,68.82787563281195,59.30044519586353,72.25325335754063,6.526390113833275,9.725106488015548,79.24161660245554,56.463853652787805
9.596575401846126,81.14746305589588,75.43433931065181,55.82395692745135,69.77489041191939,9.478234285705987,7.61223514073185,94.61272624333806,61.036165053913614
8.38277928058283,76.31157414797033,84.02438391972298,60.40651886744394,69.52890036852348,5.381396415499826,8.72305899837072,74.0883387198958,53.225599363839066
4.607575896840201,62.180474825621005,70.85402312028427,83.0477624598365,77.71166296836776,6.497228196019732,7.97875518012796,81.77937179112823,55.83852350217125
6.447934856746896,78.09552286256846,75.81113868998013,66.14084965883077,67.25435034177133,7.117920472132586,7.040263663349929,78.5783536926637,55.98861008986154
6.003998712830175,66.99434666969849,69.76594724803059,58.276810957023194,84.53204883491287,6.636000696073009,5.190268375282926,98.47137226776283,55.47305087787385
6.563911734788315,60.65614237551099,64.23889300224515,80.9655085062796,81.53225924602823,8.288763449725286,9.451790792498542,75.57340632540743,55.35956568908199
4.60263912803034,79.36873320689385,78.27455600301126,97.99847955928244,85.9941644096984,6.629802483396561,6.2410773728626525,80.49938277603265,60.019272936765766
5.821359194598531,82.87883342019566,65.33728866995753,70.93555688032527,63.710756440070014,6.7185503210192685,9.159325093701323,69.45585957226065,53.203184676974956
2.8038952494465725,83.26698042104576,76.63376281190628,85.27379445211606,58.00523453213556,7.9775542163395805,8.144169155114701,58.384171964758615,55.87327625119428
6.270246903736164,83.67170707019694,72.33906445812055,82.50509130804706,74.95814244368236,9.172853995502052,6.328784657703169,51.877364714782466,52.13271166654992
6.900041346843664,58.674109790593896,68.35278388175828,59.52104347678334,100.0,8.688998048737993,7.874398034182744,89.00386098455013,55.57502808228173
5.5451611747122325,64.3898307209253,68.06228601424007,68.37287852666725,87.66208778094571,6.836015339069028,10.0,54.8746094298619,50.85920633732233
2.7698982188304244,97.73521436813671,65.90254809101175,50.04437518414418,69.45553691493286,6.940582945921116,9.342783097036525,81.18796749675148,50.802561812875624
7.977063725702925,67.52791239922963,52.250385934931835,65.13080827093711,79.2451213443134,7.056063093741045,6.884744332638662,76.24024945575643,57.70554757889655
6.7290500759856045,84.1084103113669,76.5947411419403,59.23333483223986,82.27586907443684,7.176399290155103,6.645623090178382,83.76678017343598,55.384727473553724
4.547969804598046,71.13062378334153,74.77856190333985,62.35959659954111,61.31611759267139,5.983182262782622,7.620249644779286,62.27931966125172,48.747405748240965
5.438799106323872,78.79672739267565,82.19604302938193,57.50146956067529,88.69625869034604,8.123912558626527,7.301383525236196,58.139051282751836,56.033478049941436
2.9986611944363224,71.66745797726406,65.62251717231847,63.98064468526206,73.32575873179059,7.2479309532673435,8.939684862771276,75.67557757149636,50.25031703577745
3.949179744444191,83.61541154619644,94.74460350572001,75.4512576077088,74.0931915539214,6.946172573421624,8.387506963706166,65.6148749018873,57.07347474871552
4.924377307285721,79.36774117316699,67.4431686258044,66.32711325384005,75.23784659433855,5.474625548129112,5.469310078165893,51.53457495090583,49.81672108468762
8.456841624560303,73.51710226355766,61.49868429366365,41.8987752314246,86.44540139307895,7.074743450188735,8.050410306508693,99.0778831351052,52.79956900663342
4.720993218225049,67.4982788031929,60.07578096188802,57.554312091421195,67.44817841798591,4.728145236135034,7.285090846959158,58.12887751056182,45.85667699644175
7.280427318657518,80.67774197492511,51.192931161244054,46.72840906418447,57.93029995215548,6.302020787161322,7.54452976323368,55.095509320224785,47.78095665456828
4.92336759427684,65.8728120095741,90.39153470871753,71.41684316374474,78.22955292900045,6.324282752224962,7.798731617112791,66.36796347730933,56.73240946109344
6.49589512170375,82.27481042120839,88.45280868922394,75.04644309675862,54.56341913826871,7.3443942317051425,8.938474806331921,88.79287853736871,59.38091439144081
5.7172089957123955,100.0,79.2089419546171,71.59167510595832,71.9889640486446,9.255820029934355,8.673351556255225,37.498974353145755,56.86547250472296
7.746113200185487,91.50170051262012,61.24693430669064,56.976338493808576,86.86874289858818,7.686288958798524,6.600308711175245,87.54825421863174,56.85706070071633
4.930377323562884,85.18347886894163,93.73521217870945,71.45595500783703,80.79093903508738,8.738082487162735,7.429665638772397,56.32789747815546,58.734243279916626
2.854943499995118,77.14392702258853,67.77937006174012,61.41840041923575,85.42356065725276,7.774254607724292,6.961774328571346,73.96787860162381,49.78058844420298
3.2361019372727347,58.61247372996475,68.77169002528017,52.064843703496464,81.20351365202829,8.350064187625138,5.481784837312082,59.859895574142996,44.91255036715055
4.936245012114485,64.77713604099816,89.24710896523291,78.38701887592502,99.10334488783408,9.228552823531727,7.368755390878691,99.8787528100301,60.93385960807951
3.5018800586438945,90.82792856102714,79.90692701377047,79.4523885521328,69.11760372343186,6.121795801237294,9.713705313070916,71.86930129963527,52.72169579239067
6.820424031359103,70.10243919875221,98.41323766505512,81.28453673516908,78.98131677008324,6.0434746790421965,5.445547927500304,59.37862674488146,57.585510684298576
5.068463670283844,71.00747901835953,74.98466712382823,59.48311959954562,70.6187952878735,7.8025730805727855,7.47112584760792,65.48363017243464,53.190675166879466
10.749213100052863,76.34349524315978,67.2356304050553,84.5110723777031,84.56801269914871,6.995585855125305,7.43263422550839,71.34455612352531,59.53983086536268
2.524570809725736,67.37953741153446,64.65834139848245,61.08984848140705,74.38425123949504,7.264424599368353,7.845282566117183,72.66514911643301,49.33277196513527
6.407266357419602,65.73231265448364,49.83604587371248,77.14901850153919,92.18844879444045,6.701599729471167,6.344730051127284,76.58143725281981,52.428151900374885
3.744093952988662,77.49525927218578,68.65685072632554,60.84722273526655,69.69184044598023,6.284489539570339,5.789867291040055,69.97893088476528,45.45991144770489
5.013197319234643,69.08470545327964,85.73512006592857,64.86424970755921,89.07126525716984,8.94491760253003,5.845682811846449,49.34256375086926,58.36668881866784
6.282838946681088,70.58981420221104,79.18601007187283,34.103509996551345,80.93139530543971,5.680166663416102,9.097120509997774,64.89598493647509,48.7821323111897
1.3492572502514264,70.18808973852994,72.24369607872487,63.77321499816318,74.6753893091302,7.823670711089853,6.320776830765771,79.09987562261287,45.178803990585706
6.473652233576055,83.22360213834469,60.06078667420405,69.27525953499038,80.42442337859924,7.6290739428765395,6.900525370016193,59.95175790431499,53.93903105351669
9.805814924548336,75.67874309504643,74.72247621615284,62.25930535690625,77.61264387529192,5.105184042915708,10.0,80.09171919547566,59.45200025170942
5.0931234032628145,76.21428032106147,84.15376446234448,92.58663295319195,78.5595468025181,6.0030636040076875,6.618893211868253,70.47577199436715,58.51127348026568
6.519615713611019,83.96945897308883,77.16863107763982,51.725474805446126,72.9312892690561,6.204771326860159,7.910879517541111,66.73389764850265,57.139588034556105
8.0498433862508,76.5796039176706,74.00082203560031,60.109862680545035,67.98411492445008,7.67750093597991,8.776574011950608,87.91215838809389,54.006938143271164
5.672092999946007,75.21746231542826,62.43650816062553,55.331783460198054,71.64928880037469,6.559557872883339,8.718864224375091,43.928028334235776,47.95001067610758
4.838079622937034,82.7045035557017,82.40618176934416,60.1071222940634,58.16855022051777,6.897292232067033,5.902108371547583,59.87018652603026,52.238965144424476
1.4485271925564955,84.68197843557631,34.41714217506983,82.43978288116988,83.41948332532625,5.250823171618327,6.643977062758202,88.48643064518164,50.97575355941339
7.281981438789947,76.52926500491395,76.59414850638174,88.69244512057749,62.64836027824521,9.791094060058377,7.862836771502382,97.45073744730301,60.77404725357041
5.773663180542205,78.80607775620521,100.0,58.18890344713482,72.823529447643,7.085434742487396,9.81482094885995,100.0,57.30136760109912
3.9746322972236765,70.18209770266672,53.89951935201783,57.87789440187515,81.48045041481033,7.598801076756333,6.586187209630565,70.75533295507456,50.905775854585585
6.253193420555387,69.39316956835475,69.10356654358361,51.80019891968519,83.3939671709991,6.3512494137217335,6.907664419066707,76.86846069423315,53.52541911571654
4.8326392863876375,85.69147501966808,71.90506811850328,86.28799541127024,57.25348063162761,6.216847207518579,8.003489305681205,82.26141740853501,54.177246771024606
4.943147737768949,82.44942062544622,66.44900623132108,83.69406169682824,74.08151924774923,9.295221585944237,8.243589872818053,89.12612908237426,55.646058395570236
7.212582312217417,82.55298438416577,84.43649091070776,66.51625480015699,79.59744699448822,4.699934071592045,8.316304805163284,74.69637902012141,57.47006663195632
3.323235177352311,80.80854348725522,77.6694121722636,48.45461125170368,75.52016109262327,7.334376482116932,6.48437296219824,83.892233851691,53.375761820761525
8.094630572147517,78.46203275814953,73.82760447056783,49.70672408361247,88.44074957673544,5.546195330670528,6.861542235678714,76.89660700666784,52.35504277358404
3.2046276737631927,84.96411890822769,81.56727073403135,70.3888123053843,66.78193100085397,6.513998614723594,7.758601439762362,77.83335912862564,50.5011923704083
4.674597183289473,87.35108761022784,72.20100850886091,75.69073085825099,54.50958869809803,6.234286638791175,9.014773575153939,56.2244614464988,49.87734659544606
9.845892388133155,87.11228005190648,100.0,39.073972729703925,83.1032601676852,5.816826779896902,7.213819101457887,65.06179420935663,56.623624270375565
8.254709523284845,76.99222084054013,73.81616320388089,63.501661252469646,69.62913880381512,7.042530075647593,7.473237719899417,62.15846202883271,53.95860932868415
6.195207984990881,91.86992729908837,74.34338518187646,90.65614245380337,57.414594024140015,4.0,6.268885875432709,52.166568196322174,54.700744420101756
4.1189395689975665,80.28460681732321,51.4743834051207,64.954871107176,73.41487609433526,6.621413821697563,9.735872198270691,45.22592163683627,50.58875198378026
4.9414553866002136,84.32376192565799,65.47859607235891,88.85493327106873,87.30557975931701,6.89165202958003,7.685115536570052,63.645587521117776,57.24203417251434
6.146550629171393,80.8208789083488,85.76853218159772,77.08664580537958,62.36747382187302,5.368868144312785,8.79330573546809,66.0417651034561,55.75937550619257
6.075046464679197,80.47006707484174,55.97451779568153,52.82008558830499,98.35995953947267,8.81586246573926,7.5358766496811205,71.57555614041763,56.01210702170028
5.818258140748075,70.6424800974968,46.10931390837654,63.902601893074014,66.62118405463337,6.2866499502432225,7.602320478292095,78.33606761260211,44.578627893940094
5.938334971831631,85.01350838344825,72.38778565425089,66.19828066037417,75.8701085412575,6.715018909042196,5.699629330977527,72.82183365408733,55.18998135184356
5.571249780589772,100.0,88.44893408969973,54.66483804669091,62.80867582152392,6.289337003302357,4.91908575636892,66.14633233704136,48.78570007512001
3.1160425287199742,74.25204925209917,72.50857474435351,54.42184768064682,75.41610348696014,6.902120655483297,9.00228625420315,56.27310526334688,48.503554859637624
4.966978515678335,78.70994715424948,67.96650476848387,89.09476028965985,73.66252178241324,8.56977291220726,7.593669857114904,83.15603646251827,57.18591339935358
7.829248107973693,73.53794735652738,49.698144747108245,54.31695132429868,60.10506097668913,9.96761896470817,7.7477137475839415,68.47266674065898,49.27790475104877
3.263331404897765,73.11980098438066,77.42704947242632,83.09810506972153,100.0,7.8947670444407905,6.001135497359507,63.493153074896355,57.339140446027756
5.620888976921443,93.44449478118673,79.93530130659654,61.88921730288977,70.04662830981306,8.305592520366126,6.416322986647652,67.20318576380096,53.68003396209271
4.3604921424583125,71.27028982272535,50.619210010786794,67.64104938163558,70.05537442693972,9.059712977772499,8.774762401361981,59.00883478967938,48.95130739261202
6.222700858796222,73.25919526633639,85.61438938436663,75.86582185534002,84.69035879353655,7.298645292119748,9.588172525009725,62.039891148833405,62.55601404973598
5.222733637866364,62.125071762686986,81.18834631070531,59.6201785793345,93.14254883348468,8.884301048334244,6.754471183472938,61.56312530064718,55.72927459148169
8.954787329949339,70.42388275457753,85.58779131056815,75.95066038892347,86.26436868004303,7.950881358868484,8.305779946035667,65.68993872999297,61.66592581876953
7.013166308380508,60.91600107046652,79.0023011020001,39.349984206322645,62.98819876973414,7.172784831173886,7.728029919217926,79.83632435227135,50.5837694374316
3.3763936684455773,84.31804699211929,79.84419250573582,74.15590343780491,77.13909009494662,7.420409241341762,7.355365271906729,76.10668102810912,52.69030710400932
7.342456023227397,100.0,78.24865078442086,33.440578255997096,56.186275176150055,4.814299643958611,9.722350824213983,93.20106110921176,56.97913716906934
4.450696287475874,74.33321206349478,82.42166785801435,64.8241458262216,84.01705081322356,7.35054311253538,6.956158024772698,88.17593638168013,52.40202024472009
4.846007257244933,61.332420670097626,50.174906770512976,79.95940179445888,58.64811861469538,5.147502975464445,8.988855164420983,99.34632659851863,50.261628700379674
6.627638040214244,86.99999664429734,53.987286796541824,76.71213428481727,66.96798676390763,5.049677018066671,7.957707980450459,78.38737719506244,52.364773944515115
5.01650516053973,70.73075041069843,63.16790519772274,49.82225329453283,74.96798495968689,7.23145442683027,7.479732813162217,78.14657833560295,48.52099661226338
7.785711632645911,90.9934693055354,70.44215793992936,51.62469845469076,79.45006561141012,5.663105685759935,9.146420607639694,62.688763335442964,54.136876903050016
4.450979876973209,75.17970952210055,76.65764307969815,58.35859143548311,72.39065376604681,6.991463498435947,7.848161398107633,82.39022346243247,50.08689209656921
4.762106894817274,71.68184310917219,75.8961798387462,70.60702207301388,90.19083676732882,7.166121423219837,7.384286964105263,60.15824604935366,57.42509282880441
4.6872582129037825,76.22042444254313,85.40526973747238,39.552935339388156,82.2323958219228,7.219659520980562,9.15533060757844,47.94316713427632,48.67169008770328
4.868722503289922,85.57776760936187,85.7819435829642,67.81486993812018,81.44724754064208,5.915054311549478,8.99911470452627,92.89485088371632,60.1970810043267
8.198383111095627,75.72579369244343,61.531378700474484,72.36001123320091,62.70599098015336,8.07841885897744,8.942355985384651,51.26227608050993,55.00840529050184
7.257592587220606,73.03275297206295,74.86291332060566,64.03747946780624,91.99367897545403,6.892917716240706,4.0,76.58277684393397,53.53893284417393
9.419887908024142,76.01168397021128,61.82602142733794,75.35449355274272,66.96934855721489,7.529290816205394,8.028211950886092,56.79502940749957,56.353026573089686
10.53528840779851,65.28144815499115,69.7410355397572,71.13213821656686,92.37542432987094,5.564272463263604,7.754540631683963,86.90001434187751,59.98892458592911
3.9385659361353205,81.9703160229398,75.86149642858194,60.416840368415464,95.22195056925571,6.786006931844816,7.458164095097417,88.94424978656043,53.21439857809141
6.140838254654578,60.1327340615509,31.09545508233971,40.893348956367134,80.12656532363775,8.316753379924144,8.231735560767214,77.93766711134779,43.8920970247655
3.647599366713134,73.55878545634485,100.0,69.86778314199152,85.3201309767942,8.164213158170442,7.812668247005433,88.695470642143,59.48772651390705
4.444788144503466,85.59385208830743,78.7969041287697,54.65694488678031,44.170802369431314,6.043248780490727,8.313368900792618,70.11005613746684,48.6737642696228
4.739834979488661,81.03048282932717,64.85156069503913,59.903203251938365,73.04997584509623,6.345330171310185,7.178445830694009,100.0,52.28364693967029
3.8856902517234513,83.9032057298639,95.12843706276274,74.7077390514832,86.0216563991954,5.813575923923418,9.297816756211791,81.19247850239361,58.340188127082314
3.8962254542031727,77.34954327281191,67.83082595416566,87.84266736808092,84.24510268314084,6.212304498086942,8.434733030127392,56.4917266056446,54.768579051272084
5.71143124295949,89.69746180985517,73.5902326299367,67.46715827181187,62.802766619001225,5.321118951152165,8.151031908617808,71.04410063116208,51.82425384260189
3.566563163227186,87.24699196769792,66.15461027522848,75.75690771024219,72.06277960132127,6.834188953109831,8.092446280448236,67.71246960677398,48.52264216691157
7.684253918275266,82.46141004247674,91.82390204932007,47.777289223859526,49.63634494798853,7.759766077819413,8.888737568992276,66.24363912343509,52.42567640364338
4.164492925164971,87.27545777313543,70.74018352432944,71.43733013393049,79.12992840172754,6.057936563438705,8.726025344322586,45.142911581511896,54.287684853509546
11.619137940192784,85.50423554403577,73.79380920887411,67.16131687251972,56.16671598773176,6.891272460806587,7.364673535744455,75.80296816665191,56.85821215675778
5.09723109807121,73.60536486653109,86.44538583630535,85.20918612876655,86.30477842787572,6.735401910842372,8.688372456987956,49.213705315891715,62.092265940380024
6.144035283834104,64.56101088308667,79.02167348953292,60.43358133559741,86.82724860717408,8.266142477917864,7.708862688050454,32.11889079216425,50.68382059269641
3.4093176310679296,82.20362125842624,71.34782321839114,64.6170733597268,70.25633185593502,6.266089795834694,9.800312149800394,64.83979538315043,50.25262346298344
9.41218351625528,83.46089230831429,85.32469166828956,82.82340253985913,80.21275930454088,6.309740670818978,8.81727337325636,58.661595199116434,62.146980952025224
8.239001361605833,88.90471991138565,100.0,66.7115269064749,72.82901275939491,5.984774646049166,6.749268817725968,57.0769448104667,58.17683448270727
6.593831741472225,68.63678724954707,75.80892538559306,52.47622066197824,77.41908395014866,5.6349885759058145,10.0,23.453560744517183,46.886562336519106
3.3063949024408688,68.93568940722837,73.40112105447079,100.0,63.5274057675685,7.635021989736364,4.977552196812205,57.237356860704274,52.07075934052868
6.421333755449241,82.5990026630777,74.04752500342897,52.89970131328573,81.2249262323991,6.837867044403426,8.264825688802851,67.39537202240946,54.63500569648641
3.75713790796549,77.28833011146914,87.72515400997821,67.09419885830667,58.588147697755836,7.065771831787962,6.664503204665657,60.4876908985586,44.68266205122119
8.924710526946722,59.14238389428872,64.80962717960493,72.85363418435858,56.700698376706185,8.529569387434476,9.758616352407623,75.81015514379997,54.228013115470034
7.618389463706345,81.7510816375419,68.66018928346007,71.74664512643561,73.78071683333008,8.598496871113445,7.803367278354344,90.88990972713344,55.569638876419404
6.190878076975472,59.47577085011045,53.5506846104803,65.34358814391042,72.8875672038872,5.024518830598236,6.547445441895455,77.74551160382762,47.48029679768423
1.1272486735053553,68.54743448126624,57.79358564832032,65.41335481263168,77.7230173055175,7.777401607714681,7.1802063453365,85.39591441152977,44.80536044555046
4.033168042681939,91.51681372860108,65.78639996762436,64.71095387196863,68.50492509763671,7.270776310853427,6.64328224960129,86.63690034472673,52.1035786485826
7.375522263199745,96.24879017807115,71.32875607127492,52.376925979720795,93.85691665785589,6.4460908010248765,7.133067625715905,54.71708849399931,59.928336949852905
8.425767383446312,65.84343631528039,93.22899990924144,98.1030690019182,76.60604989379442,7.3932204244335304,7.105622860932594,76.58672039029292,62.48811965966772
8.218339622984264,74.70608462587306,78.43191365910269,64.92012715201272,77.32881778516226,4.928340117735058,6.598612957558735,84.927360300482,50.5670070040206
2.8159739955170893,78.42622523078705,61.055057877722476,76.35703389952334,76.97233877407045,8.755170811331679,7.8240765738991485,63.46059282927281,52.2684488868403
6.603104613625808,95.81226927581568,63.26423417563062,63.31485999245753,85.02909868948078,7.617932916486289,7.969468996088079,58.14060024954563,55.21190335225431
8.03103043296586,73.07131052175599,88.49698419876785,63.03330858702323,80.76017414484464,5.961762706200809,6.304432330468839,77.95609688824665,53.855569840439074
2.6833288688355097,73.23115976966722,85.51932418355031,61.623788722624894,79.42017899708279,6.2975077338165715,5.510077484347203,47.77556692318481,49.39528620658212
5.984190969253527,93.48725558462861,72.33779892269044,46.30215896815049,82.35984104865591,4.956224229343071,7.873147742579486,53.67993125400561,53.89735929232841
6.547684796616912,74.25210847281743,66.68968241353402,65.75130403830923,56.75385362952809,6.623251300196495,8.13830466134344,59.9986547862485,48.421513772278
5.39847083030653,85.22201708966458,85.49919402845572,62.30189283952798,57.13152349414223,6.4207216273113,8.37626011435348,76.75771319696062,48.82018697997086
2.295676289197597,63.22857034887572,60.08007447930376,84.40134312858687,74.23941254698556,5.40986753545149,8.161409257912954,73.28368782333497,45.47764692033188
5.348603779852542,76.28767255907674,76.70436477669028,51.24619835381679,73.02326117318098,7.932042680451733,9.387260130884387,85.48556319328198,52.140738739313804
5.345389139489952,61.40403161673595,99.27190789071997,59.91993951423203,80.79809844048208,8.53215662763337,8.696481464317516,56.17194918454872,55.11786624765259
5.703855190904491,67.44566219044296,74.4642681870175,55.42183346544285,75.20016902183505,6.967167411946627,10.0,55.36790543098738,51.24930026509391
4.873057149149861,86.39201355152264,62.69268624886075,88.19542551616533,80.81864934454211,6.633223740584358,10.0,77.85867953124496,56.79464240824241
5.113975693517065,77.50094608913287,76.92442443205846,55.8282817720346,62.54404730438714,7.5219815225581526,5.390276894826344,58.019996438394465,48.89550441646389
5.920587435306044,74.80894259447025,66.35989537181582,75.87219782616592,74.89255429591306,6.976433245005948,4.863433642516986,60.947441267583685,52.19725548516591
6.884909209939423,70.51250376019082,55.27060987495903,81.58226062768372,61.58943262042216,5.701384940522576,7.491130442583942,42.14852741122377,50.18710646505581
5.391146474286666,75.79343926758717,80.41243232246528,65.95427924018429,78.868579343714,6.216786416095287,8.105078915856387,74.36269002120382,56.58501797517874
5.180702143263996,81.01113167100694,85.41401280659667,48.724645986833444,56.21714957636679,6.644276791902363,7.4089379891931335,93.11935707724253,48.69754692549947
6.184708076508916,87.82916206461762,68.26911993512913,48.901845977308334,78.4831009854088,7.297823913372035,8.344296535269311,54.5606662554943,49.69002778002987
2.158168148209637,51.74853315903198,67.47317191084471,80.03669690714511,60.310006191028876,7.011204061451762,7.175709509521949,85.3255541758017,46.259779535463686
6.954070254452916,69.6823882573719,60.461215306538044,50.351683736801995,71.16472206778205,7.252443255984539,6.667259083903052,69.10902128515073,47.59955532647907
5.998873805754083,79.59096242189005,70.2007727943892,73.48837255483878,83.94927691449249,5.170206420059294,6.848530968178746,43.518780423849535,48.51472726452985
6.0793870531951235,77.01136884037714,65.25157940492171,69.60088753748835,77.27379988598418,7.798261292901914,7.259797957122955,56.57909716557808,51.64895699523039
7.921468615188928,82.03376242526726,59.86760775956093,73.27985478035438,58.54339776275699,7.004099060810215,8.512214812872179,55.65299000794342,55.08088161207722
2.0943689399035037,80.67540286126554,94.70602596479527,74.60218730984242,68.27606155305976,10.0,6.915911164001003,65.2520832228906,54.976023571634215
2.0523322602820726,74.95132137006593,77.59791380099409,54.92860901814937,59.986214745231976,6.5348387557883045,7.1532375564999535,76.29271432670056,47.433582860916154
6.547607690647039,72.73146804012823,78.86874129635223,54.34260549379362,58.05241500394807,7.388150194131247,8.184260212853225,97.73384255862148,52.52433259717519
5.985766289742968,75.54498510264499,82.60079482718912,78.00897987740564,76.17663176133975,10.0,7.261444322945772,48.53281307622271,59.283351666186
6.340353886383864,89.48742349822743,81.25243460111767,59.18917545209845,80.60298343560103,7.232909955403815,8.840052660774468,62.728339046200176,54.0883333889724
5.075745849655108,70.67992067094286,67.04268056643943,29.497921111927923,79.4060592071569,6.91884335286878,6.396592521317927,56.560287206339325,43.312765769721246
7.328707348479862,77.37193276856044,75.27063147565761,77.0825741703741,81.02626814879751,5.8156937262992185,6.136363492241416,50.98030807766054,57.41959507829191
7.86527768598224,79.83342213998421,68.77163418887207,53.49234196703725,74.88089149114181,8.833919640650782,7.865554840822011,71.43171529914348,54.311117846582476
6.9679645879030545,93.60350929874458,77.26156349731993,74.53990229067355,72.26609781250032,5.6090780965881155,7.985146154717755,70.02219986780271,55.30107029552962
5.4783430831908335,74.99691741763687,76.10029063149797,87.49950589043758,64.26930672937685,7.512545100217746,6.462048607099905,42.792964793756965,53.52809798355963
1.7846212247711941,87.58806656010961,67.40807686962958,68.23467440166726,70.59920328249501,6.431733614429942,9.112314481592911,70.27225791918198,49.61596646246184
7.538472416074256,90.31979403265022,56.04841532493841,81.94072164328944,61.78651614673829,6.772796484906373,9.809924171724271,51.919060106332914,53.03312234819565
8.443457332435186,77.36245735009352,73.75484468358609,70.15316752750682,66.54834472873081,5.29128127766793,6.746574944591141,70.17741578702464,51.845513556635204
7.2891168239679605,75.89281020923238,69.54876614631242,90.22401059397606,75.88926870438041,8.611752666080674,9.28476080727743,89.04244739809135,61.431541057166726
4.240715145264987,74.70946327951783,49.3155330274949,53.13050047740052,73.82193912459077,6.6666432328980685,4.641441393599133,76.94601941613908,45.447888492013966
7.347588787335516,75.44176865757417,78.09194122666462,67.88499027416914,100.0,5.5418924093283595,8.79133472006163,72.66275641610635,63.51107243124427
7.721059415922891,86.54239860576833,83.5841053469133,77.42426247058054,61.542044024949924,8.50322871644811,6.470684674645899,62.0685136389492,55.059255390321155
9.117632495598171,80.31009977255513,100.0,65.33423540185936,73.74901279168218,6.395035824355236,8.671287218366567,71.00301476267161,59.460212830899025
4.2477801515440845,80.3528970916987,67.30562996015206,84.13106595313738,60.76267888796276,7.401528750076865,6.346468816852001,78.44881333371224,54.65847217701603
5.547090830911723,66.74776489620166,65.5354572414112,61.951446446849076,71.1221412403005,8.009699658561239,7.417814958447845,76.96249514212614,53.13381229870483
7.494544102286911,68.32509922624766,58.68694763472911,96.97119612280443,71.52906817884815,7.568841196689184,6.527861284149792,68.51171854279684,55.83499849372233
6.114820142876315,99.4344682477698,74.50370287784409,97.71076505981144,83.44880026233139,4.364037339401158,7.243343162661503,73.26064485908374,56.722518742757615
3.7653447958974504,76.2217427471131,74.42781816670026,71.9490079471822,70.50333460782079,7.834428041173345,9.695908834716533,50.25157269936879,50.822509305808545
6.8292325700534064,70.2522800442164,62.26444398255901,75.73641652496464,73.08680399943842,6.879263484801847,7.3704746440879125,58.98494837833393,50.34058084848157
7.157323267630334,92.31099165589298,69.90084141595392,84.68340009874493,70.69682037527781,6.6051655638360005,10.0,80.61339628818979,59.86124610837681
6.175925792662004,80.81808548683551,48.25601199732772,51.37923641445687,60.98948255942791,6.869110061229733,7.037024926688597,82.63049427061311,46.026857476914664
6.439169854359888,83.78154916864521,83.11652097399896,49.63199979591093,68.47897628206893,5.067960647270702,9.290117644568163,71.40397886259044,56.797714839015754
5.48258819662854,76.61952924718466,62.751848883934,85.58986479400689,71.18063284916182,7.230605097594164,5.549168872184636,92.18448601547728,50.00580687051701
8.956557871432118,74.81326909423196,71.58412378304425,71.83583862022199,75.73825883406384,5.362730351548827,7.156189133546171,77.6202912469205,53.64260835921137
4.198615632574647,76.30413627502709,54.87967894442665,64.82892655628295,80.58947287224825,6.656992348532042,6.856668017609571,66.50308723205403,50.17181804804599
4.825358474472442,64.17261829701373,65.01175680646112,68.15572624033625,72.6540349028897,7.1875173178458525,9.34524672095657,51.70370870439164,52.1424730806733
6.021971027055051,77.12072590580102,68.64490615778968,34.59541938690303,72.47823736018653,8.288844505585137,7.722298543243289,91.58099875043372,44.28098173937125
7.757908055401785,80.96033077042617,71.86450983647003,65.33212759760198,57.79186841512947,6.016464208168342,4.994300196423006,81.55476185731865,46.724558036509904
3.0052536598109265,96.50463233843755,77.75679018627014,57.45734565129487,80.39734517256352,8.741904846215187,5.927844414331725,96.97467134395777,52.80881777783406
3.3794065004691216,78.85999065005215,89.26890100183465,80.85300287061115,68.0410211284996,8.136223904218177,6.284805300744719,100.0,58.1558825666838
1.9245429845305644,54.65822957789695,80.79253131323227,81.93043089737608,82.47123238229776,6.484708309011356,8.620860352934603,50.695895398258585,56.16244903671587
6.065390450506541,77.06014567215378,83.54597451775494,76.07352327781875,88.16439947854195,5.6695008803168765,8.466008980387532,50.73499383809222,56.526284650446264
3.7633883655869123,100.0,89.35324931931765,73.53642108318797,73.12084973306995,5.267420581323495,7.139520680446656,27.05200131146399,52.26199625121386
5.230899779964167,86.6636623498504,78.83649457827237,47.03714551791625,64.76688719234107,7.326104621839767,6.841788247658912,83.77543205544634,48.45216463802362
7.322756379783416,69.89111056191412,71.55951365257205,76.26900311995624,74.83301386913702,6.115259020551023,8.359665889020063,79.84724031231399,57.670615235283826
4.716914558434307,83.91106514430557,84.10934287506066,76.81157123732737,78.48701998018639,8.439228166338058,6.144572289081648,71.4666850018877,59.14061259181173
6.4625640454867295,70.5798657511026,84.87611143153988,85.43269715276222,71.8447999875328,6.184571404206076,8.049202773540424,51.608001534348986,58.878775869219
5.401324184496556,64.46192480453142,79.78279005559243,97.65493737402275,69.35961590620676,5.919194823937634,7.947021596244279,68.66449466312842,55.93571370717008
7.344228630192873,74.51630636765928,54.54446883556676,44.30415056999748,80.63532210697414,7.2803516214931765,7.170492488319883,72.77058242511558,48.419134847911074
6.950256134696017,78.91526439238861,61.90247816286423,62.561324441345015,79.97578274694195,6.176743771408692,7.977213558054858,81.74088500318754,54.31412333551296
4.61613260765078,59.27844497566604,68.7017507516342,57.608267079792974,71.53710359672843,7.010259992042564,7.622513223689621,74.09480371697929,52.055605066410735
5.662696493199094,66.50840709461364,81.35545224883079,70.41510063739103,58.4593383473931,8.183187196070225,8.096903393707848,79.9570194248675,51.78831847419207
8.087486795440988,78.10335563182355,71.74384297115328,68.18762601505254,79.56378185379452,7.140675198002469,5.899077229823887,68.13803695128928,50.86520375465604
6.786753740508194,73.91826824011046,85.64242360140676,64.72285097687796,67.32672806558624,7.145157352843269,8.237402376634442,87.72222840887878,54.79121958331874
3.206075884497737,81.94811271146091,87.78283954493138,82.38646105961644,77.1434107537031,7.246176050690102,8.731921595402726,79.47595116165162,56.58229050418445
7.311236122342765,65.85331672691439,86.39004562412647,52.58020104346903,76.51157231679036,4.968281211657528,7.885141704677334,52.19600393948764,48.15981863164332
3.8307787551275236,85.14113748553301,86.46648677376345,53.42429945650351,56.11052572957335,7.470205299916588,8.2214590211898,90.83830551484363,51.41142345147332
8.825026139922013,66.16240902939805,59.55607314409538,53.66084620462741,75.81081684411573,7.191917892071075,7.368096819108285,88.38357284072706,54.19659299691103
8.04819767968205,94.4273430193763,77.79162599346931,62.95541377603618,80.14532525374456,8.071476792380105,8.569599079515651,76.98212105579412,63.59022225029987
6.579770951836801,60.84241715621683,64.709651508535,50.799736977234154,81.37152415310487,7.726972961364543,7.578296553575825,74.21076557481197,48.21566530271515
6.314465686872387,67.07445729616587,52.21120402368962,67.31999915681021,76.17365751096312,6.7576616420733835,6.122470461054467,94.87917353317488,52.762090314926695
5.58193548794516,82.1737080303183,68.55034641532997,65.68313727516787,55.228139560504104,8.238871469812828,8.484259385859913,45.500307005918884,51.947498509497564
7.357047902800057,94.64233251497637,87.89684358752702,56.98878840401288,87.77081062186637,6.648843162864735,5.5390245029906735,88.61836786089476,59.1190791944062
5.2584436610758765,81.15043036116171,77.52890412142156,80.23272755678674,79.1102266754258,7.296588524893246,7.83933569314606,62.85689952138473,53.96431057585197
6.471139741279788,83.62857920182391,96.21371245927071,67.16699260398569,62.96680670629523,6.626620683424773,7.038932579943625,86.42766169615578,53.297905987531394
7.743868733038902,78.17536901673058,74.12676174321734,82.87706309644526,67.12236959841727,7.554109365907854,6.962249100354346,71.80563770753564,56.420426714982135
4.876386912948821,67.73601545884807,100.0,65.26930208313796,77.31224209294521,6.548212260834686,7.706386499911447,51.356109648876426,54.23137224162159
4.767614520018611,73.0986165176062,74.13025470620461,67.66127156476104,81.79784193298255,8.977061930729882,6.648854171018407,62.55220284946463,51.8235691395177
3.611269038551082,65.88090280018723,72.26976355384484,60.12104633445605,70.12037143652299,9.420835284670767,8.114647216953399,85.32593609748949,53.89423454106121
3.8710545077476555,65.21290032223129,56.64731894494204,67.90134843250321,83.25525407379075,8.048725905023206,7.568155959146402,66.8468817802019,49.65069709861645
2.3432093771169953,82.01748919319746,85.32675288351321,77.97123828584864,57.07233170899822,8.849555979296834,6.759247258305362,60.67771877922842,46.00320681595052
7.459657578031059,66.76822017912039,65.97449845271426,62.24132074821583,64.57540988906213,5.152942622969143,9.105815484055583,60.57741913307469,50.62129035465407
9.617829084165542,81.19554006723361,64.23542832709528,75.2577674754853,54.356359901579175,5.294346708070007,7.745739132359398,79.63371133350685,55.29408571652614
8.850657886940612,64.98177247778902,87.37476676515087,56.621542545359624,66.02594857130308,6.614127320042544,8.256961120109377,96.25952545209945,56.70547816432864
2.747831022746967,80.96383020116755,85.89867202555149,78.62670791731094,90.08077184544095,7.049477158310653,9.199906475393306,37.88674944045577,56.85319920913657
7.4497093431124,73.11317431037037,85.58461640652814,59.88131841763302,95.57802234585402,6.762151098280401,9.180214242953246,100.0,64.67122686262994
8.844212699847112,92.06615533650644,67.65370639134022,79.9235182252067,77.34590468230442,5.029437700440456,8.195742544627425,73.05619343464197,56.450254163089596
5.086380038522672,81.23718895579066,71.38828961633698,68.85367159407132,68.61570792731446,8.381910047588375,7.136810158788235,78.7033620294824,51.90535171437609
6.2028948613000985,90.35782892994142,71.28174722764979,89.29335226747489,72.78360099149057,9.585037880028324,5.784355454955346,63.45607379278891,60.078532241952374
1.9842138983906592,70.44353283574807,81.39021816806877,51.84305183244108,79.73339890833022,8.537185215007147,7.748028840575695,69.9472731271476,45.358430382890596
6.533472335953283,78.56143340244168,90.64277602193076,47.333525173633845,59.370191483609176,8.302627922543765,8.813501178980863,72.88769518196662,52.651262230547644
3.872880541130565,68.18912841883721,76.41775866238089,59.37295855634206,69.27500824018796,7.271343526174723,7.925177783271942,54.26356011494447,51.78227815228328
6.3992700358230294,73.86394757255582,95.6986930242883,48.61544672751961,89.3489307445025,5.988403155127436,4.0,57.91477842613706,54.94820948159938
2.8775941556222393,75.3789577725537,82.76633301639674,48.64171147800411,64.54289930671638,7.087033663163161,8.54407458579176,87.7685131133688,50.94512581270318
7.085716448955192,70.7414177931286,69.18240727062698,76.70171064643826,67.50975100738457,9.526705644209805,8.61779898573089,46.71479731961168,55.91172310985984
8.04902535085338,65.84497141154304,81.94453687354769,67.94149689222279,75.1319365598144,6.577614264991533,7.1385333675284235,76.61558654970311,53.27959676454836
4.4336402765696645,63.864826763473474,92.47128334450528,61.284466326140375,77.83142259504709,6.45405130261127,8.686034010304226,64.44224635946223,56.592802389189764
3.726154837179131,54.60251884292603,95.97946780009602,62.58252363772395,68.74995953800527,8.328764390924697,8.253558497272051,55.58939275786637,48.31941287639654
1.6879539149000378,67.43653536496542,86.24269613518896,59.63867269943125,75.76964383251955,8.408423260894715,6.677391849261565,99.578977779541,48.39981434298497
5.467172931849646,84.27493896671845,72.30809344389598,91.10516834946661,81.0793953373944,5.9825178330702355,9.025561339461222,55.68246158107843,58.88340356120234
4.83681213143679,62.01501467986717,69.39968095132896,57.70292009299749,94.61451823763647,6.686218464115093,5.9790276922726635,53.04847000398293,49.3746241333767
2.8979611753038905,64.31877153746694,78.91283404273669,49.49012542683381,73.7375562056522,6.397713404918279,7.431306394753277,67.19540944719196,47.885521318825795
6.906037512624343,95.90898571232916,92.08769394325256,79.14470864480859,74.58702684659437,7.083627254873308,7.3115972246734975,58.47162048846848,59.97486117834543
5.100059236270702,71.63503950151745,77.20522946657341,64.97942127313051,90.2745234597951,8.324424005141791,6.509474217373463,70.09570985491823,58.71103146235404
3.848528082709535,81.21046009164836,77.45438246242573,96.5428316434504,69.50834141701905,6.035166974646291,7.864552641178758,72.33098944977085,56.72816981007151
4.890855188719106,84.42317146500494,72.61677425180511,60.6331210568821,61.75646967237819,8.307597774684323,9.072442679487668,73.5198709845239,50.74680161211965
8.14260907785923,84.6252612978128,68.06530724842546,79.84377851659508,77.50248975658963,7.12198149870557,8.997290246233666,68.14163729134656,60.48420039967879
7.205873887510444,62.7768576939194,70.05438592027299,83.15076262839027,85.76175025087915,9.791430563577133,8.368397057690299,59.46757445361662,56.391189593203215
5.73994787700302,75.68940320100509,73.62511182294637,60.70129834917195,78.61047135199685,7.382597061245049,5.464892991743646,79.65104564018995,54.13686768032347
7.238210036929705,61.817727304816074,92.61719995487786,57.599109249273496,74.02984342452754,6.883697716444882,5.896857238947457,68.32460850243784,52.996128532823896
3.678176087226522,100.0,69.12343465763038,78.37913143303267,60.51606626865161,7.689657672539191,7.699402943710522,62.56574031917532,53.11492400845208
6.064740201454061,62.051247359844,72.63134491093656,76.04848685079503,74.41630754731626,6.595424514535348,7.4589179506997505,92.19990548646282,50.53632070359243
6.294644660972941,67.5215978113018,61.615468075121896,48.25145859004702,87.33154926316337,4.84567225197781,6.902304207002022,68.18032059412823,44.73505437975263
5.060326983002546,67.59399145158496,80.59957279767787,52.20190109173391,62.65882918460778,6.711374590874683,9.7863878369458,86.37979902244886,48.12349030394165
6.870916671914836,63.0333952327712,88.40015014461939,32.48997993072793,72.55252826196728,6.69244766911693,7.62703218380537,88.40257670664086,54.88547292828305
4.439133090711097,91.52593909756546,91.49397415148107,76.33541595570324,71.1251526784164,5.089219047340226,8.150895289428982,89.3150925313869,54.42767305881193
7.019641415552236,100.0,74.44037429634852,64.33441929609957,68.02295429362255,6.912357772246609,8.685472657138135,80.3673671216665,58.28504830089996
7.103717543062584,73.24250880687383,78.89225139935083,65.72989410634605,77.47923004519006,4.519467730468723,7.565950139606952,69.99049754686352,52.897478825299125
1.0,64.7957685315559,70.15739613395954,44.319782632174054,79.43305241256007,6.582775797813425,10.0,69.03937464023461,46.65949345554586
8.380611407020236,55.63074501273979,78.33622415633427,52.62656705674943,79.32826904793437,7.292315190453607,6.371553237077156,66.33819822275066,52.250594422593
1.0,75.55891281477898,75.76758182999058,61.308575224054074,65.23190236384875,7.116395412565879,6.772714092127053,37.496564949803115,48.349418085289265
4.767901948887749,74.83634576838556,72.69917264701785,58.58744159793051,58.540163056663175,6.506716632535818,6.368609138060992,80.78210208621793,49.33258113904197
8.05069606851551,71.48703873639856,73.65304430732556,69.64970505724683,77.62388436530729,6.897363517662314,9.375189943712764,73.66698349577618,58.4563762115243
5.365426549495119,80.21375253976228,77.42306740072378,76.1685537728454,69.94080958517348,6.059122675026603,8.462503049062375,82.3828639931294,58.32008380048081
3.067628035060916,81.95173142815486,68.47017078185323,99.77457596999275,93.38312379686786,7.012979823307042,6.847017704737689,68.24497672792054,56.17227507194118
3.8125258765666588,81.23083257937901,69.0900384950636,67.71976157956705,93.84509696014946,7.069703687910125,6.463348350054264,79.97237742930288,56.77682445809506
8.05381149264124,74.83875128031512,92.48834416405865,83.61563728335724,94.9068979439604,5.919700026518188,9.161868600723125,49.337394057078335,64.84405158513927
2.1569909389027235,66.98378170425738,100.0,56.380381122283154,65.59889098965287,7.321239040610918,7.934025258406631,52.46101586107645,50.96720190218306
8.257982201924035,84.65833097806716,57.54759661759147,44.550751590345016,80.69369086742094,7.313743186096544,9.192501562339606,32.856826004179275,51.50664244637788
5.8897958019154215,78.1251375942153,56.886345547487295,63.06777694605825,83.70952517251484,6.800548103702715,7.427820779062132,67.9847620625256,51.39294659352228
3.615209339115133,86.8835752483465,60.5141660663022,45.63189594976062,82.58354233544402,9.905256443544182,8.11384238692032,58.412116183321,48.082395231493244
4.833769855394618,85.90075549472232,70.76053901953733,68.20542434036744,71.45602055806141,6.83115713597883,7.860273186292804,56.4492718724437,50.292028725511805
3.9655513177967174,63.78237930952884,82.74936613244708,57.073642256878685,87.79164902965326,6.664918905552378,6.751066398751117,75.01978566947962,49.93163884050074
7.732450401717057,63.65777792542397,79.09503530457927,40.64020058543581,75.00474986366523,6.493128268950721,7.327027009429189,63.61739208703557,51.36011789808026
7.464855619525677,70.44459281259472,74.06437364136562,92.30435204204248,76.2810612493544,5.83487293230832,6.078835986841987,48.50363489794506,54.91093915868721
2.5616777322479067,67.43734591709332,78.34722656349479,60.47413601652468,59.621665482228565,7.823076831812084,8.092928188472692,100.0,50.382473312401956
5.192815762961332,85.552517759761,63.69496612045957,45.07332975878123,81.4476496957299,6.17650363837666,8.413498495616231,69.44484069267887,52.088997162786534
4.273628675311446,81.51309675987918,69.07052673896857,80.57440506710205,72.39588286427589,6.318462223602697,8.688193440126383,53.75255420596456,50.837805081433714
8.58701993691874,88.99183993785311,71.75886541949043,57.79939892445,79.64778862100525,6.354110128553682,8.299853871805206,59.95246808600425,53.689687133671434
3.299801763747158,81.96486817410918,52.98940393353777,83.26232447166927,77.35113699804619,5.818067780981787,7.34614783619637,67.40285546486194,50.670357792223236
9.208458209370027,80.0864958187337,58.06427754332885,57.73247931450731,76.80936576663771,4.898700000946333,9.362364774092383,67.37131056614199,52.96897595845964
5.933410520966125,89.99729780344171,58.54120726466809,60.42743233632084,74.54286427533316,6.444472159408968,8.570770185275453,89.53246409568814,51.74757623402535
3.676131187239825,82.69727339735049,81.16929868420529,72.82764393267865,82.86599734660454,8.04800237525475,9.166255561988526,68.80855063551688,60.47936888254034
4.6454516319814445,78.68100963437719,74.94425938286899,76.30507132985754,73.01107463114934,7.236375766558293,9.24154404536442,97.82812257802378,53.24155823118452
4.396762318463098,92.80453033930685,79.33273440088732,78.75877232276838,60.44802580547017,8.87269032422575,7.349280413631731,63.51365583981841,58.263537394570136
3.450763195968988,79.1518088315279,49.92414012237043,66.74362405778939,80.68955606373935,7.901147565987021,7.965455348271885,76.39654060389839,51.43864696399702
6.189653719460751,74.95659395082079,54.19719976738076,75.40063410176417,66.90994475088361,7.6287577723288535,8.429478220196973,85.32970291491745,55.41194907470467
3.5441688986163133,69.6217674122235,79.95858528307795,78.43880049692788,61.757381573178606,9.259178827183257,6.121029854958691,87.92728457067517,53.67034590349893
1.6392675825236225,85.0302545904541,38.65596430000739,70.80796793993589,64.77756665857402,6.883425285996147,6.147632193145441,89.67808326143219,46.62779765135148
5.2406470583036535,90.37050541842468,86.69555229119766,66.00278641429985,77.8333237935692,7.075690808205943,5.940826024805908,65.91982388679799,58.19906807732245
2.3942876071642347,77.4941259856657,50.12019427772652,47.76587072476418,74.0348119690515,6.986242694007835,7.370279893776132,69.91766109587621,42.428657145864435
4.495678263864959,91.07915623779839,82.12013870309974,76.38843819491984,53.673169703271526,8.85254407742026,7.100019528946082,32.80866150154487,50.28863549375548
4.181794222793288,58.29984968028424,61.33698450291645,68.59043178797612,71.16344056947331,7.003018379750909,5.777195246045714,67.05984942099158,45.20929762007891
4.257567855948372,77.44546625192085,84.58684458205899,62.20937806709009,86.69231224974764,6.222067151107475,7.679229873238413,86.36881266894973,51.49603674914686
10.001926203180307,77.59905087895564,100.0,85.88872909028325,70.48704329066621,7.705210645555422,7.385257299940089,83.45254719783824,61.6247714412167
6.112823134339141,70.73005627592653,44.721868438546494,48.01032913921358,73.34523446572408,6.020488226731566,8.91868820409239,68.70269318484878,52.13115715218259
6.490742017990664,100.0,80.34452577432778,91.0165084151084,85.42991437327153,7.64016581513671,9.915574894958949,95.48709164394936,64.92014682180074
2.4472034073154108,77.33807367311239,50.30204743687513,67.68817409911748,82.95489258204536,7.496609120970202,8.047740408497079,64.23992073482789,54.01864802517227
4.692073732726156,73.92269228395567,77.12122706661005,72.44525449904057,85.21751087651711,6.772716798632205,6.664043374360518,59.257902639701506,58.401718021111314
6.430605259883024,78.25962113433505,69.51873403737727,62.46938239657621,47.27446389946297,7.678973886504192,8.276069252816482,62.977573971604464,55.99434880746434
3.950942174173987,57.9718626147417,73.55738786954213,44.66097922467338,92.33523038442111,5.214652083629978,7.511163507984568,53.16302462745827,52.745743191090504
7.816125687035971,70.40132074655085,61.05976468406116,66.04546142147909,81.36400435427929,7.195554545589983,7.2118496954622024,79.33592547555305,59.95873350088509
3.5946068281979398,87.83239969445404,81.366493313958,72.68642869649909,99.6147641402415,6.444681538399921,6.4660786545842255,74.32722717412913,57.88707125593955
5.427267728269649,71.71054645067225,54.61970594435543,77.46715624963632,67.17673969225716,10.0,6.942935952933592,79.14969169559578,52.41193407187063
4.827896720048883,69.71124837199729,86.89964715478489,65.22753522185538,57.3654939435109,7.186990083568249,7.286650786471407,63.78443272103183,50.71309345347392
6.328641318763832,91.095256365144,67.08899632067781,37.304442223138146,75.07218456725177,6.284329540259876,8.464915670598538,69.12890530991119,50.842439376558644
4.719019856289148,91.4025440095183,55.16771187116292,46.41674117584324,72.24627670242839,5.346037916736302,8.11323069648944,37.32371914886639,46.81884198248042
5.458212745858125,83.16990472161142,91.13924188008838,96.72827473268612,81.53663983614821,8.56648743615312,9.690691371514195,75.6433832696657,65.16485382266414
5.527739816444029,73.44882665961333,71.19188816629017,52.70449622719038,85.74928344586355,6.579960736571467,8.309205688615766,71.48262182589474,51.985092144904804
4.531224485217398,75.60528934883676,94.89163164530432,87.97869241534892,74.12705855120502,6.050377519509497,8.009153909474833,53.492085077598034,53.41822511591292
6.970187736994225,69.95850038425041,86.65627355176011,54.922785676153666,72.59291954187275,7.403559056810871,7.132523561432911,68.43013701870103,54.032923436240814
6.47677674967485,68.05226880971355,62.422251542562776,65.44561726380985,80.22719819516128,7.779662597686785,6.255044421783947,66.13226046894749,50.21653929099926
5.822772109493665,67.55583511691567,70.98012238875901,76.75291563439866,72.43671334307503,7.7607435198514345,6.816127869776228,96.46467902511239,53.198349306705865
5.1390833330760834,71.81945593214792,73.45245527596289,56.517277747867766,71.60017899103212,7.023700507671234,6.660193604685687,54.08309547808294,48.621610329327915
7.593088061039994,67.65279009315255,90.31563839983727,90.29101190062676,85.37134938675285,7.191028164264064,4.426911818481833,74.97139268300053,58.07589937423979
5.528331512371637,62.36294881456851,77.25021256040537,69.06019701295776,87.59777856903573,7.2784444908168435,6.2896418609109945,53.63847470982459,55.50125860207839
5.386605424348126,80.19402669753906,74.11551145315751,74.45191184819538,85.83966243863094,7.403675518754648,9.422651713639167,61.631898338945945,57.07377387642415
6.209380059776252,80.34595580893438,69.60144495482031,64.25350188773224,73.31770287274475,7.509862235081779,7.942320255550792,74.15228430538346,56.46510387715116
9.393173365941701,95.00792758428317,71.39331556974433,77.22208401823927,53.60211012246817,8.313343301566656,7.048171373585884,66.82955513705332,56.38658059667781
3.319287583957592,71.31661631645298,87.6551050281399,90.10309835789808,73.51793913607152,7.06769783443102,7.978175786568025,69.91013715679665,55.5059075906412
7.53971378611071,80.9610058962327,72.0444642095697,66.161996873275,67.4201998732295,6.019836081003566,5.155914569124751,74.99083162347955,52.27077773592158
2.21365767752379,81.12712579274802,67.2600327444219,92.21597907048931,73.70274980989412,6.826849956275159,7.838517259754909,62.59465643202163,49.96817401035242
6.434546316457248,75.46162438874467,65.22591401263576,59.43765868269235,68.28909107282391,7.904536982481996,9.032990715776979,83.2621980222316,53.980002541249526
9.150165655217462,85.44333588749676,65.35481815396605,78.69734455092394,74.79260144534398,4.856166449938185,7.354660863492744,65.41780385143592,58.64766174445818
6.977337048934614,85.75229186850714,55.17484804748682,74.8476007074027,64.60724370768436,4.863097365553647,5.373612568501718,68.53666807671142,52.269203170529565
6.341250157079585,81.2741109519754,62.99549630008225,53.03985098244683,62.19282563281621,8.101931345670788,7.0032713582679635,75.41966911881784,46.41685546161035
4.879101062393849,75.44360294952205,89.98104330780387,70.99333586492264,87.22691482570892,8.824147380221593,9.035114393979743,73.40500301747252,55.544070725159166
6.0620944009771085,74.42469891445465,69.52080887319003,68.10312312990521,65.30342386632347,5.481759957976632,7.810355588277202,79.6634188681428,50.68524444595071
5.495874369193287,64.32246101202941,80.45294002267318,56.05530953212417,75.00331625256354,7.120551124999474,5.798027886247721,74.75446602227058,53.53523594642589
4.4280467841372895,69.94082221382308,42.254921785189985,73.01203407871778,84.54514846602835,6.5205458644995815,10.0,77.03545992334261,53.2132513864034
5.420248769050261,71.77992476098312,78.81973570759055,70.04805364551925,84.14304126229572,6.687003865310052,5.995429780505841,65.11941228752288,51.82387655925213
6.396762321252879,66.76028237570566,70.06376754757063,66.98378273769896,82.94848204915351,7.366637210507699,7.2084905020641425,53.96843352871719,49.78796738929755
4.465565862938719,82.39923966687664,66.2227197253139,67.03991543317841,78.02866514501535,5.448555725187101,6.255136799217356,48.5854164587071,48.07685295430467
4.387436358630632,89.9662786898701,74.17151948905358,66.73985637506932,82.2400330853685,5.671338999409119,6.256797582103679,44.939347785365506,49.88723826595155
3.2795131248156513,68.9193756767085,66.05009695425566,62.85220530255141,88.73088132606155,6.63849859249453,6.957418661117813,96.44090076593913,54.30620787001653
6.781450052177792,80.83441435744638,46.51350096133973,69.95767733020975,79.25022593995374,6.825549282527008,8.263380191815292,36.80839883658811,53.7639114025875
7.0906465239341205,67.6588886047029,83.06697529406324,58.98520102690708,56.62797653185817,5.648853873178995,9.048637734263522,87.90585248465653,50.33991494176122
6.463320888473035,74.95077829060838,74.91621073617831,100.0,69.71466793849903,7.947577209747021,7.036598193561049,57.6869648305379,58.754169516161305
7.930340985457332,71.09670420822223,68.23269054302578,48.26933456348558,81.96370071722087,6.49892683226676,6.287827734978091,87.79661458179707,54.177712098268564
6.175735274161455,84.01895648606441,60.40577553513075,59.81369491871757,68.72904066290596,6.493818872719785,8.07436717999177,36.96189958126825,46.746154184240034
6.784021874731513,71.21211826157821,54.36170980671438,60.91961053592283,91.20106139458645,7.339190548275881,8.109556294715025,66.47359147175077,53.72690835849369
6.607674851275125,88.11660413706647,74.6867124848167,96.56690780054353,74.36820171833568,6.845310068719001,7.78845160266414,91.81036604537903,61.347165598186415
5.816919961163585,75.542792263378,91.3612915227043,49.51811490031501,75.85248771359436,8.004972175486976,7.830887775488079,80.69814345213372,54.76145482926126
4.938356343740706,71.50396290405169,74.43799772089245,73.96291217180554,86.24744198901736,5.8798929546392005,7.364920264387582,64.94101808963812,50.42426882475198
10.428305231583822,65.46694737654838,55.40686072688609,71.47751691065156,73.17150102690707,5.323136083523831,7.617781025467058,40.85534047707277,53.215783839896545
